5555555444443322111111111111111111222222233333333333333344444444444444444444443332211111111111111111
5555555555544444332221111111111112222222222222222222223333333444444444444443333222111111111111111111
5555555555555544444332222211111222222222222222222222222222223333333333333333322211111111111111111111
5555555555555555444443332222222222222222222211111111111111222222222233333322222111111111111111111111
5555555555555555554444433332222222222221111111111111111111111122222222222222222111111111111222221111
5555555555555555555544444333222222222111111111111111111111111111112222222222222111111111122333333211
5555555555555555555554444433322222211111111111111111111111111111111111222222222211111122233444444432
5555555555555555555555444443332222211111111111111111111111111111111111222222222222222233344444555444
5555555555555555555555544444332222111111111111111111111111111111111111222222333333333344444555555555
5555555555555555555555554444333222111111111111111111111111111111111112222333333344444444455555555555

1111111111111111111111111111111111111111111111111111111111111111111111111111111111111111111111111112
1111111111111111111111111111111111111111111111111111111111111111111111111111111111111111111111123444
1111111111111111111111133444444443333344444433211111111111111111111111111111111111111111233344444444
1111111111111111111234444444444444444444444444433211111112233333333222211111111112233444444444444444
1111111111111111123444444444444444444444444444443322222233344444444444444333333444444444444444444444
1111111111111111234444444444444444444444444444433222222233444444444444444444444444444444444444444444
1111111111111111244444444444444444443333333322211111111112233444444444444444444444444444444444444444
1111111111111111134444444444444322111111111111111111111111111122233333333333344444444444444444444444
1111111111111111111233444433211111111111111111111111111111111111111111111111112223334444444444444444
1111111111111111111111111111111111111111111111111111111111111111111111111111111111111111223334444444

5555555555555555555555555555555555555555555555555555555555555555555555555554411111111111111111111111
5555555555555555555555555555555555555555555444444444555555555555555555555544111111111111111111111111
5555555555555555555555544444444444444444432111111111244444455555555555554441111111111111111111111111
5555555555555555555544444421111111111111111111111111111111344444444444444311111111111111111111111111
4445555555555555554444411111111111111111111111111111111111111112444444211111111111111111111111111111
4444455555555555544441111111111111111111111111111111111111111111111111111111111111111111111111111111
1344445555555554444411111111111111111111111111111111111111111111111111111111111111111111111111111111
1124444455555544444311111111111111111111111111111111111111111111111111111111111111111111111111111111
1113444445554444444111111111111111111111111111111111111111111111111111111111111111111111111111111111
1111444444444444444111111111111111111111111111111111111111111111111111111111111111111111111111111111

5555555555555555555555555555555444444322111111111111112445555555555555555555555555555555555555555555
5555555555555555555555555555555555544444432211111111112444555555555555555555555555555555555555555555
5555555555555555555555555555555555555554444432111111112344555555555555555555555555555555555555555555
5555555555555555555555555555555555555555544443221111112344445555555555555555555555555555555555555555
5555555555555555555555555555555555555555555444322111112234444555555555555555555555555555555555555555
5555555555555555555555555555555555555555555444432211111223344445555555555555555555555555555555555555
5555555555555555555555555555555555555555555544432211111122233444455555555555555555555555555555555555
5555555555555555555555555555555555555555555544443211111111222334444555555555555555555555555555555555
5555555555555555555555555555555555555555555554443221111111111222344445555555555555555555555555555555
5555555555555555555555555555555555555555555554443221111111111111223444455555555555555555555555555555

1111111111111111344444444444432111111111111111111111111111111111111111111111111111111111111111111111
1111111111111111124444444443111111111111111111111111111111111111111111111111111111111111111111111111
1111111111111111112344443221111111111111111111111111111111111111111111111111111111111111111111111111
1111111111111111111222222111111111111111111111111111111111111111111111111111111111111111111111111111
1111111111111111111111211111111111111111111111111111111111111111111111111111111111111111111111111111
1111111111111111111111111111111111111111111111111111111111111111111111111111111111111111111111111111
1111111111111111111112221111111111111111111111111111111111111111111111111111111111111111111111111111
1111111111111111111233333222111111111111111111111111111111111111111111111111111111111111111111111111
1111111111111111123444444444433222111111111111111111111111111111111111111111111111111111111111111111
1111111111111112444444444444444444444444444444444443333222222111111111111111111111111111111111111111

1111111111111111111111111111111111111111111111111111111111111111111111111111112244444444444444444442
1111111111111111111111111111111111111111111111111111111111111111111111111111223444444455554444444442
1111111111111111111111111111111111111111111111111111111111111111111111111122444444455555555554444442
1111111111111111111111111111111111111111111111111111111111111111111111222444444445555555555555444444
1111111111111111111111111122223344432222111111111111111111111111112223444444445555555555555555554444
1111111111111111111222244444444444444444322111111111111111111122244444444455555555555555555555555544
1111111111111222444444444444444444444444444422211111111122224444444444555555555555555555555555555554
2222222223444444444444555555555555555554444444432222224444444444455555555555555555555555555555555555
4444444444444455555555555555555555555555554444444444444444455555555555555555555555555555555555555555
5555555555555555555555555555555555555555555555544444445555555555555555555555555555555555555555555555

5555555555555555555555555555555555555555555555555555555444443111111111111111111111111111111111111111
5555555555555555555555555555555555555555555555555555554444443111111111111111111111111111111111111111
5555555555555555555555555555555555555555555555555555444444432111111111111111111111111111111111111111
5555555555555555555544444444445555555555555555555444444443321111111111111111111111111111111111111111
5555555555555541111111111111111134444444444444444444443321111111111111111111111111111111111111111111
5555555555411111111111111111111111111134444444444432111111111111111111111111111111111111111111111111
5555555311111111111111111111111111111111111111111111111111111111111111161111111111111111111111111111
5555411111111111111111111111111111111111111111111111111111111111111111111111111111111111111111111111
5511111111111111111111111111111111111111111111111111111111161111111111111111111111111111111111111111
1111111111111111111111111111111111111111111111111111111111111111111611111111111111111111111111111111

5555555555554444211111111111111111111111111111111111111111111111111111344444111111111111111114455555
5555555555444441111111111111111111111111111111111111111111111111144444455554444211111111111144555555
5555555444444111111111111111111111111111111111111111111111111444445555555555554442111111111445555555
5555444444211111111111111111111111111111111111111111111111444445555555555555555544411111114445555555
5544444111111111111111111111111111111111111111111111111144444555555555555555555554444111444455555555
4442111111111111111111111111111111111111111111111111114444455555555555555555555555444444444555555555
1111111111111111111111111111111111223332111111111112444444555555555555555555555555444444445555555555
1111111111111111111111111111113444444444444444444444444445555555555555555555555555544444445555555555
1111111111111111111111111124444444444444444444444444444455555555555555555555555555544444455555555555
1111111111111111111111134444444444444444444444444444444555555555555555555555555555544444555555555555

1111111444555555555555555555555555555555555544444444433211111111111111111111111111111111111111111111
1111111113444444444444444455555555555544444444444322111111111111111111111111111111111111111111111111
1111111111111111111111223344444444444444444443321111111111111111111111111111111111111111111111111111
1111111111111111111111111111112233444444443332111111111111111111111111111111111111111111111111111111
1111111111111111111111111111111111223333333322111111111111111111111111111111111111111111111111111111
1111111111111111111111111111111111123334444433222111111111111111111222223332222111111111111111111111
1111111111111111111111111111111112334444444444444433333333333344444444444444444444443321111111111111
1111111111111111111111111111111234444444444444444444444444444444444444444455555554444444444321111111
1112233221111111111111161111123444444555555555555555554445555555555555555555555555555555555544444321
4444444444443211111111111124444455555555555555555555555555555555555555555555555555555555555555555554

5555555555555555555555555544441111111111111111111111111111111111111111111111111111111111112233344444
5555555555555555555555555544421111111111111161111111111111111111111111111111111111111111111111111111
5555555555555555555555555444411111111111111111111111111111111111111111111111111111111111111111111111
5555555555555555555555555444421111111111111111111611661111111611111111111111111111111111111111111111
5555555555555555555555555444432111111111111111111111111111111111111111111111111111111111111111111111
5555555555555555555555555444444333222111111111111111111111111111111111111111111111111112222221111111
5555555555555555555555555544444444444444321111111111111111111111111111111111111111123444444444332111
5555555555555555555555555554444444444444444443332223334444444444443322111111122344444444444444444432
5555555555555555555555555555544444444444444444444444444444444444444444444444444444444444444444444444
5555555555555555555555555555555555555555555444444444445555555555555444444444444445555555555555444444

1111111111111111111111111111111111111111111111111111111111111111111111111111111111111111111111111111
1111111111111111111111111111111111111111111111111111111111111111111111111111111111111111111111111111
1111111111111111111111222233322222211111111111111111111111111111111111111111111111111111111111112233
1111111111111111112223333333333332222111111111111112223333333322211111111111111111111111112233333333
1111111111111111223333333333333322222111111111223333333333444433333333322111111111111223333333333333
1111111111111122233333333333222211111111111122233333344444444444444444333333333333333333333333333333
1111111111111122222222222221111111111111111112233333444444444444444444444443333333333333333333333333
1111111111111111111111111111111111111111111111233333444444444444444444444444443333333333333333333333
1111111111111111111111111111111111111111111111113333444444444444444444444444444333333333333222211111
1111111111111111111111111111111111111111111111111233344444444444444444444444443333333322211111111111

1111111111111111222222211111111111111111111111111111111111111111111111111111111111111111111111111111
1111111111111111111111111111111111111111111111111111111111111111111111111111111111111111111111111111
1111111111111111111111111111111111111111111111111111111111111111111111111111111111111111111111111111
1111111111111111111111111111111111111111111111111111111111111111111111111111111111111111111111111111
1111111111111111111111111111111111111111111111111111111111111111111111111111111111111111111111111111
1111111111111111122222111111111111111111111111111111112222222223444444444321111111111111111111111111
1111111111111222333333222111111111111111112234444444444444444444555555555554444321111111111111111111
4433222233344444444444444322111111122344444444455555555555555555555555555555555544444211111111111111
4444444444444444444444444444444444444444555555555555555555555555555555555555555555555544443211111111
5555555555555555555555554444444444555555555555555555555555555555555555555555555555555555555444444444

5444321111111111111111112222111111111222223333444433322111111111111111111111111111111124555555555555
4111111111111111111111111111111111111111111111111111111111111111111111111111111111111111114455555555
1111111111111111111111111111111111111111161111111111111111111111111111111111111111111111111114555555
1111111111111111111111111111111111111111111111111111111111111111111111111111111111111111111111245555
1111111111111111111111111111111111111161111111111111111111111111111111111111111111111111111111114455
1111111111111111111111111111111111111111111111111111111111111111111111111111111111111111111111111445
1111111111111111111161111111122211111111111111111111111111111111111111111111111111111111111111111245
1111111111111111111611111223444444332111111111111111111111111111111111111111111111111111111111111245
1111111111111111111111123444444444444443211111111111111111111111111111111111111111111111111111111345
1111111111111111111112344444555555555444443111111111111111111111111111111111111111111111111111112455

5555544433221111223334444444455555555555555555555555555555555544444444433322211111111111111111111111
5555444321111111111122233344444444555555555555555555555555444444444433322211111111111111111111111111
5555444321111111111111122233344444444444444455555555555444444444443333222111111111111111111111111111
5555444321111111111111112222333333333333444444444444444444444444443333322211111111111111111111111111
5555544432111111111112222223333333332222222333444444444444444444444444333322211111111111111111111111
5555544443222111222233333333444433332221111222334444444444444444444444444444333322222111111111111111
5555555444443333344444444444444444443322211223344444444444555555555554444444444444444333221111111111
5555555555444444444444455555555444444443333333444445555555555555555555555555555544444444444332111111
5555555555555555555555555555555555554444444444444555555555555555555555555555555555555555544444443221
5555555555555555555555555555555555555555544445555555555555555555555555555555555555555555555555544444

1111111111111111111111111111111111111111111111111111111111111111111111111111111111111111111111111111
1111111111111111111111111111111111111111111111111111111111111111111111111111111111111111111111111111
1111111111111111111111111111111111111111111111111111111111111111111111111111111111111111611111111111
1111111111111111111111111111111111111111111111111111111111111111111111111111111223332221111111111111
1111111111111111111111111111111111111111111111111111111111111111111111111111233334444333332211111111
1111111111111111111111111111111111111111111111111111111111111111111111111123344444444444443332111111
1111111111111111111111111111111233333321111111111111111111111111111111111233444444444444444433322111
1111111111111111111111111111334444444444433116111111111111111111111111112334444455555544444444433221
1111111111111111111111111133444555555555544433111111111111111111111111123344445555555555544444443332
1111111111111111111111113344555555555555555544433211111111111111111112334444455555555555555444444433

1111111111111222222333334444444444444444444444444444444444444444444444444444444333233444445555555555
1111111111122444444444444444444444444444444444444443322222222222222222222222221111111112244455555555
1111111122444444444444444444444444444444444444332222222211111111111111111111111111111111111244555555
1111111244444444444444444444444444444444433322222222111111111111111111111111111111111111111124455555
1111124444444444444444444444444444444333322222222211111111111111111111111111111111111111111111445555
1111244444555544444444444444444444433332222222222111111111111111111111111111111111111166111111244555
1112444555555555444444444444444444443332222222222111111111111111111111111111111111111111111111124555
1134455555555555544444444444444444444433322222222221111111111111111111111111111111111111111111114455
1244555555555555554444444444444444444444433222222222211111111111111111111111111111161111111111112455
2445555555555555555444444444444444444444444433322222222211111111111111111111111111111111111111111445

1111111111111111111111111111111111111111111111111111111111111111111111111111111111222211111111111111
1111111111111111111111111111111111111111111111111111111111111111111111111111111233333333211111111111
1111111111111111111111111111111111111111111111112333333321111111111111111111112333333333331111111111
1111111111111111111111111111111111111111111344444444444443333221111111111111123333444444333211111111
1111111111111111111116111112333333333444445555555555544444433332211111111111123333444444443321111111
1111111111111111113444555555555555555555555555555555555444443333211111111111123333444444443331111111
1111111111111113445555555555555555555555555555555555555444444333111111111111112333444444444332111111
1111111111112344555555555555555555555555555555555555555544443331111111111111111233344444444332111111
1111111111134455555555555555555555555555555555555555555444433311111111111111111123334444443331111111
1111111111344555555555555555555555555555555555555555555444332111111111111111111111233333333321116111

5555555555555555555555555555554444444444444444444444444443311111111111111111111111111111112333344444
5555555555555555555555555555555444444444444445555444444444444433211111111111111111111122333334444444
5555555555555555555555555555555544444444455555555555554444444444443332211111111122233333333444444444
5555555555555555555555555555555444444444555555555555555544444444444443333333333333333333333333333332
5555555555555555555555555555544444444444555555555555555544444444444444333333333333333333333222111111
5555555555555555555555555554444444444444445555555555555544444444444443333322222222211111111111111111
5555555555555555555555554444443332333444444445555555444444444444433322111111111111111111111111111161
5555555555555555555554444431111111111113444444444444444444444332111111111111111111111111111111111111
5555555555555555544443211111111111111111111334444444444332111111111111111111111116161111111111111111
5555555555555444431111111111111111111111111111111111111111111111111111111111111111111111111111111111

1111111111111111111111111111111111111111111111111111111111111111111111111111111111111111111111111111
1111111111111111111222111111111111111111111111111111111111111111111111111111111111111111111111111111
1111111111111223344444444332221111111111111111111111111111111111111111111111111111111111111111111111
1111111111123444444444444444443322111111111111111111122222222211111111111111111111234455555555555441
1111111112234444444444444444444443322221222222333444444444444444443221111111224445555555555555555555
1111111122344444444444444444444444433333333344444444444444444444444444444444455555555555555555555555
1111111122344444444444444444444444444333444444444444444455555555554444444555555555555555555555555555
1111111122344444444444444444444444443333344444444444444455555555555555555555555555555555555555555555
1111111111233444444444444444444433322222233344444444444444445555555555555555555555555555555555555555
1111111111112223344444444333322221111111112222334444444444444444444445555555555555555555555555555555

5555555555555555555555555555555555555555555555555555555555555555555555555555555555555555555544444444
5555555555555555555555555555555444444445555555555555555555555555555555555555555555555555555554444444
5555555555555555555555444444432111111111223444444444444444444445555555555555555555555555555554444444
5555555555444444444443211111111111111111111111111111111111111134444555555555555555555555555544444444
4444444444443321111111111111111111111111111111111111111111111111134444555555555555555555554444444444
4444321111111111111111111111111111111111111111111111111111111111111134444455555555555554444444444444
1111111111111111111111111111111111111111111111111111111111111111111111124444444444444444444444444444
1111111111111111111111111111111111111111111111111111111111111111111111111113444444444444444433332222
1111111111111111111111111111111111111111111111111111111111111111111111111111111112222211111111111111
1111111111111111111111111111111111111111111111111111111111111111111111111111111111111111111111111111

5555555555555555555555555555555555555555555555555555555555555555555555555555555555555555555544444444
5555555555555555555555555555555555555555555555555555555555555555555555555555555555555554444444444444
5555555555555555555555555555555555555555555555555555555555555555555555555555555555554444444444444211
5555555555555555555555555555555555555555555555555555555555555555555555555555555555444444444444421111
5555555555555555555555555555555555555555555555555555555555555555555555555555555555444444444444211111
5555555555555555555555555555555555555555555555555555555555555555555555555555555555444444444443111111
5555555555555555555555555555555555444444444455555555555555555555555555555555555555544444444443111111
5555555555555555555555555555555544411111244444555555555555555555555555555555555555555444444444111111
5555555555555555555555555555554441111111112444455555555555555555555555555555555555555554444444211111
5555555555555555555555555555544111111111111244445555555555555555555555555555555555555555544444411111

5555555555555555555555555555555554444444332111111111111111111111111111111111111111111111123334444455
5555555555555555555555555555555444444444332211111111111111111222222222211111111111111111111223344444
5555555555555555555555555555544444444444333221111111111222223333333333222211111111111111111111223444
5555555555555555555555554444444444444433332222111112222223333333333333332211111111111111111111111123
5555555555555555544444444444444444433333222111111112222233333333333333322211111111111111111111111111
5555555544444444444444433333333322222211111111111111222223333333333332221111111111111111111111111111
5544443322111111111111111111111111111111111111111111111222222222222221111111111111111111111111111111
4211111111111111111111111111111111111111111111111111111111111111111111111111111111111111111111111111
1111111111111111111111111111111111111111111111111111111111111111111111111111111111111111111111111111
1111111111111111111111111111111111111111111111111111111111111111111111111111111111111111111111111111

5555555555555555555555555555555555555555555555555555555555555555555555555555555555555555555555555555
5555555555555555555555555555555555555555555555555555555554444444455555555555555555555555555555555555
5555555555555555555555555555555555555555555555555554444443333333344444555555555555555555555555555555
5555555555555555555555554444444444555555555555444443333222111112223334444555555555555555555555555555
5555555555555555555444433333333334444444444444443332211111111111111123334445555555555555555555555555
5555555555555555444333211111111222333334444433333211111111111111111111233344455555555555555555555555
5555555555555444332111161111111111122233333333221111111111111111111111122334444555555555555555555555
5555555555444333211111111111111111111122222222211111111111111111111111112233344444555555555555555555
5555554444433211111111111111111111111111122222111111111111111111111111111223333444445555555555555555
5554444433321111111111111111111111111111112221111111111111111111111111111222233333444455555555555555

5555544444444444444444444444444444444444444444444444444444455555555555555555555555555555555555555555
5544444444444444444444444444444444333333333334444444444444444444445555555555555555555555555555555555
4444444444444444444444444444444443333333333333333444444444444444444444455555555555555555555555555555
4444444444444444444444444444444443333333333333333334444444444444444444444444444455555555555544444444
4444444444444444444444444444444444433333333333333333344444444444444444444444444444444444444444444444
4444444444444444444444444444444444444443333333333334444444444444444444444444444444444444444444443333
4444444444444444444444444444444444444444444444444444444444444444444444444444444444444444444333333222
4444444444444444444444444444444444444444444444444444444444444444444444444444444444444443333333211111
3334444444444444444555555555544444444444444444444444444444444444444444444333333333333333333211111111
3334444444444444555555555555555555555554444444444444444444444444444444444333333333333333321111111111

4444444444444444444444444444444444444444444444444444444444431111111111111111111333332111112444555555
3444444444444444444444444444444444444444444444445555555555444432111111111123444444444443334445555555
1111234444444444444444444444444444444444444444455555555555554444433222334444444444444444344445555555
1111111234444444444444444444444433333334444444455555555555555444444444444444444444444443334445555555
1111111111123344444433333211111111111111234444444555555555555444444444444444444444444311111344555555
1111111111111111111111111111111111111111111134444445555555544444443322333444444444431111111114445555
1111111111111111111111111111111111111111111111123444444444444432111111111111111111111111111111134455
1111111111111111111111111111111111111111111111111111123332111111111111111111111111111111111111111134
1111111111111111111111111111111111111111111111111111111111111111111111111111111111111111111111111111
1111111111111111111111111111111111111111111111111111111111111111111111111111111111111111111111111111

5555555555555555555555555555555555555555555555555555544444444444333322221111111111111111111111111111
5555555555555555555555555555555555555555555555554444332222222222222322222221111111111111111111111111
5555555555555555555555555555555555555555555444432211111111111111222233322222222111111111111111111111
5555555555555555555555555555555555555444443221111111111111111111112223333333222222222111111111111111
5555444444444444445555555555544444443221111111111111111111111111111223334433333222222221111111111111
4444444444444444444444444444444322111111111111111111111111111111111223344444333332222221111111111111
4444443333333333333344443332221111111111111111111111111111111111111122334444333332222211111111111111
3322222222222222222222222111111111111111111111111111111111111111111112233333333322222111111111111111
2111111111111111111111111111111111111111111111111111111111111111111111222222222222211111111111111111
1111111111111111111111111111111111111111111111111111111111111111111111111222221111111111111111111111

1111111111111111122222333344444444444333333334444444444444444555555555555555555555555555555555544444
1111111111111111111111111111111111111111111111111111112222222233334444445555555555555555554444443332
1111111111111111111111111111111111111111111111111111111111111111111222334444444555554444444433322211
1111111111111111111111111111111111111111111111111111111111111111111111112233444444444444333222211111
1111111111111111111111111111111111111111111111111111111111111111111111111122233333333333222221111111
1111111111111111111111111111111111111111111111111111111111111111111111111111222233333322222211111111
1111111111111111111111111111111111111111111111111111111111111111111111111111222233333322222211111111
1111111111111111111111111111111111111111111111111111111111111111111111111111222333333333322222211111
1111111111111111111111111111111111111111111111111111111111111111111111111122233344444444333333222222
1111111111111111111111111111111111111111111111111111111111111111111111122233444444444444444444444433

5555555555555555555555555555555555555555555555555544441111111111111111111111111111111111114445555555
5555555555555555555555555555555555555555555555555554444411111111111111111111111111111111124445555555
5555555555555555555555555555555555555555555555555555444444411111111111111111111111111111124445555555
1111111444555555555555555555555555555555555555555555544444444431111111111111111111111111114445555555
1111111111111144444555555555555555555555555555555555554444444444443211111111111111111111113444555555
1111111111111111111111111144444444444444444555555555544444444444444444432111111111111111111444455555
1111111111111111111111111111111111112444444444444444444444444444444444443111111111111111111144445555
1111111111111111111111111111111111111111124444444444444444444444444444321111111111111111111112444555
1111111111111111111111111111111111111111111113444444444444444444432111111111111111111111111111144455
1111111111111111111111111111111111111111161111111244444444321111111111111111111111111111111111114445

5555555555555555555555555555555555555555554444444444444444444444444444444333333444444444444444444444
5544444444445555555555555555555555555544444444444444444444444444444444444444444444444444444444444444
1111111223444444444455555555555555544444444444444444444444444444444444444444444444444444444444444444
1111111111111113444444444444444444444444444444444444444444444444444444444444444444444444444444444444
1111111111111111113444444444444444444444444443333333333444444444444444444444444444444444444444444444
1111111111111111111124444444444444444444433221111111222333344444444444443333333334444444444444444444
1111111111111111111111344444444444444443221111111111111122233333333333333222222223333333333333444444
1111111111111111111111123444444444444322111111111111111111112222222222211111111111112222222222234444
1111111111111111111111112344444444433211111111111111111111111111111111111111111111111111111111112344
1111111111111111111111111234444444332111111111111111111111111111111111111111111111111111111111111123

1124555555555555555555555555555555555555555555555555555555555555555555555555555555555555555555555554
1124555555555555555555555555555555555555555555555555555555555555555555555555555555555555555555555443
1134555555555555555555555555555555555555555555555555555555555555555555555555555555555555555555544311
1144555555555555555555555555555555555555555555555555555555555555555555555555555555555555555554431111
1244555555555555555555555555555555555555555555555555555555555555555555555555555555555555554444211111
2445555555555555555554444444444445555555555555555555555555555555444444444444444444444444444432111111
4455555555555554444443322222111111111122222333444444444444444432111111111111111112233444433211111111
5555555555555444432111111111111111111111111111111111111111111111111111111111111111111111211111111111
5555555555555444211111111111111111111111111111111111111111111111111111111111111111111111111111111111
5555555555555443111111111111111111111111111111111111111111111111111111111111111111111111111111111111

1111111111111111111111111111111111111111234444555555555555555555555555555555555555555555555544443211
1111111111111111111111111111111111111111112344444555555555555555555555555555555555555554444431111111
1111111111111111111111111111111111111111111234444444444455555555555555555555555555544444321111111111
1111111111111111111111111111111111111111111112334444444444455555555555555555555544444321111111111111
1111111111111111111111111111111111111111111111122333444444445555555555555555555444432111111111111111
1111111111111111111111111111111111111111111111111223334444445555555555555555555444432111111111111111
1111111111111111111111111111111111111111111111111122334444445555555555555555555444432211111111111111
4444444444444332221111111111111111111111111111111223344444555555555555555555555544444333211111111111
5555555555554444444444333221111111111111111111122334444445555555555555555555555555544444444433211111
5555555555555555555554444444444333322222223333344444445555555555555555555555555555555555554444444433

1111111111111111111111223334444555555555555555555555555555555555555555555555555555555555555555555544
1111111111111111111111111111111244455555555555555555555555555555555555555555555555555555555554443111
1111111111111111111111111111116111134455555555555555555555555555555555555555555555555555444431111111
1111111111111111611111111111111111111124444555555555555555555555555555555555555555554444311111111111
1111111111111111111111111111111111111111111112333322211111111122344445555555555554444211111111111111
1111111111111111111111111111111111111111111111111111111111111111111111344444444444311111111111111111
1111111111111111111111111111111111111111111111111111111111111111111111111344444321111111111111111111
1111111111111122221111111111111111111111111111111111111111111111111111111112222111111111111111111111
1111111112334444444432111111111111111111111111111111111111111111111111111111111111111111111111111111
1111112344444444444444321111111111111111111111111111111111111111111111111111111111111111111111111111

1111111111111124444555555555555555555555555411111111111111111144555555555555555555555555555555555555
1111111111111111134444444444445555555555441111111111111111111111134444445555555555555555555555555555
1111111111111111111111122223344444455444311111111111111111111111111111111344444455555555555555555555
1111111111111116111111111111111134444441111111111111111111111111111111111111111334444455555555555555
1111111111111111111111111111111113444431111111111111111111111111111111111111111111113444445555555555
1111111111111111111111111111111123444431111111111111111111111111111111111111111111111111344445555555
1111111133332111111111111111113444444443111111111111111111111111111111111111111111111111113444455555
1112444444444444444444444444444445555544411111111111111111111111111111111111111111111111111134445555
1444555555555555555555555555555555555555544111111111111111111111111111111111111111111111111124444555
5555555555555555555555555555555555555555555441111111111111111111111111111111111111111111111113444555

1111111111111111111111222111111111111111111111111111111111111111223333322111111111111111111111111111
1111111111111111111234444443332211111111111111111111111111122344444444444432111111111111111111111111
1111111111111111112444444444444443211111111111111111111123444444455555544444333322211111111111111111
1111111111111111124444444444444444432211111111111111123444444555555555555444444444444432111111111111
1111111111111111234444444444444444444322111111111123344444555555555555555555444445544444442111111111
1111111111111112344444444444444444444433221111122344444455555555555555555555555555555555544442111111
1111111111111233444444444444444444444443322222233444444555555555555555555555555555555555555544442111
1111111112233344444333333344444444444443332223344444445555555555555555555555555555555555555555544442
1111123344444444443332222233344444444333322233344444455555555555555555555555555555555555555555555554
2344444444444444433222111112223333333332222233344444455555555555555555555555555555555555555555555555

1111111344444444555555555555544444444444444444444445555555555555555544444334444555555555555555555555
1161111112344444444444444444444444442211111112244444444444444444444311111111111114455555555555555555
1111111111112444444444444444444322111111111111111122344444444443211111111111111111111455555555555555
1111111111111123444444444444321111111111111111111111111111111111111111111111111111111111455555555555
1111111111111111223444444322111111111111111111111111111111111111111111111111111111111111161455555555
1111111111111111112223322211111111111111111111111111111111111111111111111111111111111111111114555555
1111111111111111111122222111111111111111111111111111111111111111111111111111111111111111111111145555
1111111111111111111122222111111111111111111111111122334444444321111111111111111111111111111111112555
1111111111111111111122222211111111111111111112344444444444444444421111111111111111111111111111111145
1111111111111111111223333322221111111112234444444444444444554444444111111111111111111111111111111114

5555555544322111111111111111111223333332111111111111111111134555555555555555443322222222222333445555
5555554433221111111111111111234555555555555544332111111124555555555555555555554433322222223334445555
5555554332211111111111111123455555555555555555555555555555555555555555555555555544333333333344455555
5555554332211111111111112345555555555555555555555555555555555555555555555555555555444333334444555555
5555554432221111111112234555555555555555555555555555555555555555555555555555555555554444444445555555
5555554433322222222223445555555555555555555555555555555555555555555555555555555555555555555555555555
5555555544333332333344555555555555555555555555555555555555555555555555555555555555555555555555555555
5555555555444444444555555555555555555555555555555555555555555555555555555555555555555555555555555555
5555555555555555555555555555555555555555555555555555555555555555555555555555555555555555555555555555
5555555555555555555555555555555555555555555555555555555555555555555555555555555555555555555555555555

1111111111111111111111111111122222344444444444444444444444444444443222111111111111111111111111111111
1111111111111111111111111111111111222334444444444444444444444444433222111111111111111111111111111111
1111111111111111111111111111111111111222344444444444444444444444443322211111111111111111111111111111
1111111111111111111111111111111111111122233344444444444444444444444443221111111111111111111111111111
1111111111111111111111111111111111111122233344444444444444444444444444432211111111111111111111111111
1111111111111111111111111111111111111222334444444444444444444444444444444422111111111111111111111122
1111111111111111222222222111111111112223444444444444444444444444444444444444322111111111111122244444
1111111111112234444444443322222222223444444444444444444444555555555555555444444422222222234444444555
1111111112244444444444444444444444444444444444444455555555555555555555555555544444444444444455555555
1111112344444555555555555444444444444445555555555555555555555555555555555555555555444455555555555555

1111111111111111111111111111111111111111111111111111111111111111111111455555555555555555544444444445
1111111111111111111111111111111111111111111111111111111111111111111111144555555555555444322111111112
1111111111111111111111111111111111111111111111111111111111111111111111113445555555444221111111111111
1111111111111111111111111111111111111111111111111111111111111111111111111234444444221111111111111111
1111111111111111111111111111111111111111111111111111111111111111111111111111222211111111111111111111
1111111111111111111111111111111111111111111111111111111111111111111111111111111111111111111111111111
1111111122233333332222111111111111111111111111111111111111111111111111111111111111111111111111111111
1111224444444444444444322211111111111111111111111111111111111111111111111111111111111111111111111111
1124444555555555555444444432211111111111111111111111111111111111111111111111111111111111111111111111
2444555555555555555555544444432211111111111111111111111111111111111111111111111111111111111111111111

5555555555555555555544421111111111111111111111111111111111111111111111113444444444444445555555555555
5555555555555555555444411111111111111111111111111111111111111111111111111111111111111111111111455555
5555555555555555554444211111111111111111111111111111111111111111111111111111111111111111111111111145
5555555555555555544443111111111111111111111111111111111111111111111111111111111111111111111111111111
5555555555555554444431111111111111111111111111111111111111111111111111111111111111111111111111111111
5555555555555444444111111111111111111111111111111111111111111111111111111111111111111111111111111111
5555555555544444421111111111111111111111111111111111111111111111111111111111111111111111111111111111
5555555554444441111111111111111111111111111111111111111111111111111111111111111111111111111111111111
5555555444442111111111111111111111111111111111111111111111111111111111111111111111111111111111111111
5555544443111111111111111111111111111111111111111111111111111111111111111111111111111111111111111111

5555555555444321111111111111134444455555555555555555555555555555555555555555555555555555555555555555
5555555554443111111111611111123444445555555555555555555555555555555555555555555555555555555555555555
5555555544421111111111111111112344444444445555555555555555555555555555555555555555555555555555555555
5555554442111111111111111111111112334444444444444445555555555555555555555555555555555555555555555555
5555443111111111111111111111111111111111111111111223344444555555555555555555555555555555555555555555
5443111111111111111111111111111111111111111111111111111111234444455555555555555555555555555555555555
2111111111111111111111111111111111111111111111111111111111111111112334444444555555555555555555555555
1111111111111111111111111111111111111111111111111111111111111111111111111111111233444445555555555555
1111111111111111111111111111111111111111111111111111111111111111111111111111111111111611113444555555
1111111111111111111111111111111111111111111111111111111111111111111111111111111111111111111111113445

1113444444444444444444444455555555555554444444444321111111111111111111112444445555555555555555555555
1123444444444444444444444444555555555544444444444442211111111111111111124444445555555555555555555555
1122444444443222222344444444444444444444444444444444432211111111111112344444444555555555555555555555
1112234433222111111122344444444444444444444444444444444322221111112224444444444445555555555555555555
1111122221111111111111123444444444444444444444444444444443222222222244444444444444444455555555555555
1111111111111111111111111123444444444444444444444444444444332222222344444444444444444344455555555555
1111111111111111111111111111122223344444444444444444444443332222222223444444444221111111144555555555
1111111111111111111111111111111111111112222222233333332222222222221222222222211111111111111455555555
1111111111111111111111111111111111111111111111111111111111111111111111111111111111111111111145555555
1111111111111111111111111111111111111111111111111111111111111111111111111111111111111111111111455555

1111111111111111145555555555555555555555555555555555555555555555555555555555554444444443333332222221
1111111111111114555555555555555555555555555555555555555555555555555555555555544444444443333333333333
1111111111114555555555555555555555555555555555555555555555555555555555555555544444444443333333333333
1111111134555555555555555555555555555555555555555555555555555555555555555555444444444444433333333333
1111455555555555555555555555555555555555555555555555555555555555555555555555544444444444444444444444
4555555555555555555555555555555555555555555555555555555555555555555555555555544444444444444444444444
5555555555555555555555555555555555555555555555555555555555555555555555555555554444444444444444444444
5555555555555555555555555555555555555555555555555555555555555555555555555555555555444444444444444444
5555555555555555555555555555555555555555555555555555555555555555555555555555555555555555555555555555
5555555555555555555555555555555555555555555555555555555555555555555555555555555555555555555555555555

4444444455555555555555555555555555555555555555555555554443211111111111111111111111111455555555555555
4444444444445555555555555555555555555555555555555554442111111111111111111111111111111111155555555555
2233444444444445555555555555555555555555555555555544311111111111111111111111111111111111111155555555
1112223344444444445555555555555555555555555555555442111111111111111111111111111111111111111111555555
1111112223344444444445555555555555555555555555554421111111111111111111111111111111111111111111115555
1111111111223344444444445555555555555555555555544211111111111111111111111111111111111111111111111145
1111111111111223344444444444555555555555555554443111111111111111111111111111111111111111111111111111
1111111111111111222344444444444455555555555444431111111111111111111111111111111111111111111111111111
1111111111111111111222334444444444444444444444211111111111111111111111111111111111111111111111111111
1111111111111111111111122233444444444444444432111111111111111111111111111111111111111111111111111111

4444444444444444445555555555555555555555555555555555555555555555555555555555555555555555555555555555
4444444444444444444444444445555555555555555555555555555555555555555555555555555555555555555555555555
2222222222222233444444444444444444445555555555555555555555555555555555555555555555555555555555555555
1111111111111111222333344444444444444444444445555555555555555555555555555555555555555555555555555555
1111111111111111111111111112222223334444444444444444444455555555555555555555555555555555555555555555
1111111111111111111111111111111111111222222233344444444444444444444444455555555554444444444555555555
1111111111111111111111111111111111111111111111111111111111111111112234444444444444444333444455555555
1111111111111111111111111111111111111111111111111111111111111111111111111223344443322222344445555555
1111111111111111111111111111111111111111111111111111111111111111111111111111112222222233444444555555
1111111111111222222222222222221111111111111111111111111111111111111111111111111222333444444444555555

1111111111111111111111443111111111111111111111111111111111111111111111111111111111111111111111111111
1111111111111111111245555544111111111111111111111111111111111111111111111111111111111111111111111111
1111111111111111114555555555421111111111111111111234321111111111111111111111111111111111111111111111
1111111111111111145555555555553111111111111111134444443111111111111111111111111111111111111111111111
1111111111111111445555555555554311111111111112444444444211111111111111111111111111111111111111111111
1111111111111114455555555555555411111111111134445555444311111111111111111111111111111111111111111111
1111111111111244555555555555555431111111111344455555444311111111111111111111111111111111111111111111
1111111111234444555555555555555441111111123444555554444211111111111111111111111111111111111111111111
1122233444444445555555555555555431111111234444555554444211111111111111111111111111111111111111111111
4444444444444455555555555555554421111111234444455444443211111111111111111111111111111111111111111111

1111111111111111111111111111111111111111111111111112222222222222222222222223344444444444444444444445
1111111111111111111111111111111111111111111112222222222222222222222222222223344444444444444444444445
1112222222222222222222222222222222222222222222222222233333322222222222222222334444444444444444444444
2222222222222222222222222222222222222222222222222222333333222222222222222222223333344444444444444444
2222333333332222222222222222333333333322222222222222222222222222222111222222222222222222222333444444
2333444444333332222222222222333333333222222222222222222222222211111111111111122222222222222222223444
3334444443333322222222222222222222222222222222222222222222111111111111111111111111111111111112222223
2333333333322222222222222222222222222222222221111111111111111111111111111111111111111111111111111222
2222222222222222222222222222221111111111111111111111111111111111111111111111111111111111111111111111
2222222222222111111111111111111111111111111111111111111111111111111111111111111111111111111111111111

1111111111111111111111111111111111111111111111111111111111111111111111111112333344444444444455555555
1111112333332111111111111111111111111111111111111111111111122333333333333333344444444444444445555555
1123334444443331111111111233333333333333333333333333333333344444444444444444444444444444444444555555
3344444444444433322222333344444444444444444444444444444444444444444444444444444444444444444444445555
4444444444444443333333334444444444444444444444444444444444444444444444444444444444444444433344444555
4444444444444444333333444444444444444444444444444444444444444444444444444444444444444333333333444455
4444454444444444444444444444444444444444455555555444444444444444444444444444444444433332111111234445
4555555544444444444444444444444444444555555555555555444444444444444444444444444333332111111111113444
5555555544444444444444444444444444445555555555555555544444444444444444444444333332211111111111111234
5555555544444444444444444444444444445555555555555555544444444444444444444433332211111111111111111113

5555555555555555555555555555555555555555555555555555555555555555555555555555555555555555555555555555
5555555555555555555555555555555555555555555555555555544444444555555555555555555555555555555555555555
5555555555555555555555555555555555555555555555555554444444444444455555555555555555555555555555555555
5555555555555555555555555555555555555555555555555544444333444444444445555555555555555555555555555555
5555555555555555555555555555555555555555555555555444432111223344444444444455555555555555555555555555
5555555555555555555555555555555555555555555555554444321111111122334444444444444445555555555555555555
5555555555555555555555555555555555555555555555444443211111111111111112233334444444444445555555555555
5555555555555555555555555555555555555555555544444431111111111111111111111111111112344444444555555555
5555555555555555555555555555555555555555554444443211111111111111111111111111111111111112344444555555
5555555555555555555555555555555555555544444443211111111111111111111111111111111111111111111134444555

1114444455555555555555555555555555555555555555555555555555555444444444332334444444445555555555555555
1111124444455555555555555555555555555555555555555555555444444444321111111111111123444445555555555555
1111111124444444555555555555555555555555554444444444444444444221111111111111111111112444445555555555
1111111111134444444444445555544444444444444444444444444443221111111111111111111111111123444455555555
1111111111111234444444444444444444444444444444444444332221111111111111111111111111111111244445555555
1111111111111111234444444444444444444444443332222222221111111111111111111111111111111111113444455555
1111111111111111112234444444444444444332222222211111111111111111111111111111111111111111111344445555
1111111111111111111112233344444433332222222211111111111111111111111111111111111111116111111134444555
1111111111111111111111122223333333322222222222222222222211111111111111111111111111111111111124444555
1111111111111111111111112223333333333333333333333333333332221111111111111111111111111111111124444455

1111111244555555555555555555555555555555555555555555555555555555555555555555555555555555555555555555
1111111124455555555555555555555555555555555555555555555555555555555555555555555555555555555555555555
1111111112444555555555555555555555555555555555555555555555555555555555555555555555555555555555555555
1111111111344455555555555555555555555555555555555555555555555555555555555555555555555555555555555555
1111111112344445555555555555555555555555555555555555555555443111111344455555555555555555555555555555
1111111123444444455555555555555555555555555555555555544421111111111111114455555555555555555555555555
1111112444444444444555555554444443211112244444444443111111111111111111111113445555555555555555555555
1111344444444444444444444444321111111111111111111111111111111111111111111111112444555555555555555555
1244445555555555544444444421111111111111111111111111111111111111111111111111111111444555555555555555
4455555555555555555444443111111111111111111111111111111111111111111111111111111111111244455555555555

4443321111111111111111111111111111111111111111111145555555555555555552111111111112344444444432211111
5555554444321111111111111111111111111111111111111115555555555555555521111111111112444555544444322211
5555555555544311111111111111111111111111111111111115555555555555555211111111111113445555555444443222
5555555555555442111111111111111111111111111111111113555555555555552111111111111113455555555544444332
5555555555555554311111111111111111111111111111111111555555555555531111111111111112445555555544444332
5555555555555555431111111111111111111111111111111111555555555555311111111111111112445555555544443322
5555555555555555442111111111111111111111111111111111155555555554111111111111111111344555555444433222
5555555555555555543111111111111111111111111111111111145555555531111111111111111111134445444444322111
5555555555555555544111111111111111111111111111111111115555555111111111111111111111112444444432211111
5555555555555555543111111111111111111111111111111111111355531111111111111111111111111122222211111111

5555555554421111111111124444455555555555555555444444444444444555555555555555555555555555555555555555
5555555544111111111111111244444555555555555444444432221122244444555555555555555555555555555555555555
5555555421111111111111111112444444555555444444432111111111111244445555555555555555555555555555555555
5555554211111111111111111111124444444444444444211111111111111112444455555555555555555555555555555555
5555544111111111111111111111112444444444444432111111111111111111124444445555555555555555555555555555
5555541111111111111111111111111234444444444321111111111111111111112344444444444455555555555555555555
5555441111111111111111111111111123444444443221111111111111111111111122234444444444444444444444455555
5555421111111111111111111111111112344444443211111111161111111111111111111111111111111111111112244444
5555411111111111111111111111111112244444443221111111111611111111111111111111111111111111111111111112
5555411111111111111111111111111112234444443221111111111111111111111111111111111111111111111111111111

5555555555555555555555555555555555555555555555555555555555555555555555555555555555555555555543111111
5555555555555555555555555555555555555555555555555555555555555555555555555555544444444554444311111111
5555555555555555555555555555555555555555555555555555555555555555554444444433333333333333321111111111
4555555555555555555555555555555555555555555555555555555554444444444333321111111111111111111111111111
4455555555555555555555555555555555555555555555444444444444444444333211111611111111111111111111111111
4445555555555555555555555555555555555555555554444444444444444433322111111111111111111611111111111111
4445555555555555555555555555555555555555555554444444444444444443332111111111111111111111111111111111
4445555555555555555555555555555555555555555555555444444444444444433321111111111111111111111111111111
4445555555555555555555555555555555555555555555555555555555555544444433322111111122333344332111111111
4455555555555555555555555555555555555555555555555555555555555555555544444444444444444555544431111111

5544431111111124444444555555555555555555555555555555555555555555555555555555555555555555555555555555
5444111111111111124444444455555555555555555555555555555555555555555444444444444455555555555555555555
4431111111111111111134444444444444444444444455555555555444444444444444444444444444444444555555555555
4311111111111111111111123344444333333444444444444444444444444444333333333444433333444444444444444444
4111111111111111111111111111111111111111111111111111111111111111111111112222211111111111111111111111
1111111111111111111111111111111111111111111111111111111111111111111111111111111111111111111111111111
1111111111111111111111111111111111111111111611111111111111111111111111122222211111111111111111111111
1111111111111111111111111111111111111111111111111111111111111111111122344444432111111111111111111111
1111111111111111111116111111111111111111111111111111111111111111123444444444444321111111111111111111
1111111111111111111111111111111111111111111111111111111111111234444444444444444443111111111111111111

1111111111111111111111111111111111111111111111111111111111111111111111111111111111111111111111111111
1111111111111111111111111111111111111111111111111111111111111111111111111111111111111111111111111111
1111111111111111111111111111111111111111111111111223344443322111111111111111111111111111111111111111
1111111111111111111111111111111111111111112223444444444444444444444333221111111111111123444444444321
1111111111111111111111111111112222333444444444445555555555555444444444444443221111223444444444444444
1111111111111111111112223334444444444444445555555555555555555555444444444444444333444444455555555544
1111111111111222233444444444444444555555555555555555555555555555555554444444444444444445555555555555
1111111111223344444444444444555555555555555555555555555555555554444444444444444444444445555555555555
1111111122334444444444445555555555555555555555555555555555555444444444444444444444444445555555555555
1111111122344444444444555555555555555555555555555555555555444444444444444444443334444444555555555555

5555555555555555555555444332211111111111111122223333333322222222222233344433322211111111111111111111
5555555555555555555554444322211111111111111112222333332222221111112222222222221111111111161111111111
5555555555555555555544443322211111111111111112222222222222211111111122222222111111111111111111111111
5555555555555555555544443322211111111111111112222222222222111111111111122111111111111111111111111111
5555555555555555555444443322221111111111111111222222222222111111111111111111111111111111111111111111
5555555555555555555444443322221111111111111111222222222222111111111111111111111111111111111111111111
5555555555555555555444444332222211111111111111222222222222211111111111111111111111111111111111111111
5555555555555555555444444333222222111111111111222222222222211111111111111111111111111111111111111111
5555555555555555555444444443332222222222111112222222222222221111111111111111111111111111111111111111
5555555555555555555544444444433332222222222222222222223222222211111111111111111111111111111111111222

1111111111111111122444444444444444444444444444444444444443222111111111111111111111111111111111111111
1111111111111111223444444444444444444444444444444444444444432222111111111111111611111111111111111111
1111111111111111223444444444444444444444444444444444444444444322221111111111111111111112211111611111
1111111111111111224444444444444444444444444444444444444444444432222211111111111112224444444321111111
1111111161111112224444444444444444444444444444444444444444433322222211111111112224444444444442111111
1111111111111112224444444444444444444444444444444444444432222222222211111111222344444444444444211111
1111111111111112224444444444444444444444444444444443222222221111111111111111122344444444444444211111
1111111111111112223444444444444443322222222222222222221111111111111111111111112234444444444442211111
1111111111111112223444444444443222222222222211111111111111111111111111111111111122244444444222111111
1111111111111112222344444443222222211111111111111111111111111111111111111111111111112222221111111111

1111234455555555555555555555555555555555555554444433333444445555555555555555444444333333333344444455
1123455555555555555555555555555555555555555544443333333334444555555555555554444433333333333333444444
1245555555555555555555555555555555555555554444333322222333444455555555555544444333332222223333334444
3455555555555555555555555555555555555555554444333322222333444455555555555444443333222222222233333444
4555555555555555555555555555555555555555554444333322223333444455555555555444443333222222222223333344
5555555555555555555555555555555555555555555444433333333334444455555555555444443332222222222222333334
5555555555555555555555555555555555555555555554444333333344444555555555555444443332222222222222233334
5555555555555555555555555555555555555555555555544444444444445555555555555444443332222222222222223333
5555555555555555555555555555555555555555555555555444444444555555555555555444443333222222222222223333
5555555555555555555555555555555555555555555555555555555555555555555555555544443333222222222222223333

5555555555555555555555555555555555555555555555555555555555555555555555555555555555555555555555555555
5555555555555555555555555555555555555555555555555555555555555555555555555555555555555555555555555555
5555555555555555555555555555555555555555555555555555555555555555555555555555555555555555555555555555
5555555554444444444444555555555555555444444444444444444444444445555555555555555555555555555555555555
5555554444444444444444444444444444444444444444444444444444444444444555555555555555555555555555555555
5555444444444444444444444444444444444444444443332222211111122244444444455555555555555555555555555555
5554444321111122344444444444444444444443211111111111111111111111123444444445555555555555555555555555
5444421111111111123444444444444444442211111111111111111111111111111123444444444555555555555555555555
4442111111111111112344444444444443211111111111111111111111111111111111123444444444444444555555555555
4411111111111111111224444444444422111111111111111111111111111111111111111123444444444444444444444555

1111111145555555555555555555555555555555555555555555555555555555555443211111111111111111111111111111
1111111111245555555555555555555555555555544445555555555555555555544111111111111111111111111111111111
1111111111116144555555555555555555431111111111111244555555555544311111116111111111111111111111111111
1111111111111111111344444443111111111111111111111111111123331111111111161111111111111111111611111111
1111111111111111111111111111111111111111111111111111111111111111111111111111111111111111111111111111
1111111111111111111111111111111111111111111111111111111111111111111111111122333333333333211111111111
1111111111111111111111111111111111111111111111111111111111111111111111334444444444444444444331111611
1111111111111111111111111111111111111111111111111111111111111111111113444444444444444444444444431111
1111111111111111111111111111111111111111111111111111111111111111116134445555555555555555554444444311
1111111111111111111111111111111111111111111111111111111111111111111144555555555555555555555555544443

1111111111111111111111111111111111111111111111111111111111111111111111111111111111111111111111111111
1111111111111111111111111111111111111111111111111112233332221111111111111111111111111111111111111111
1111111111111111111111111111111116111111111111234444444444444433222222222222211111111111111111111111
1111111111111111111611111111111111111111111234444444444444444444444444444444444444333322222222111111
1111111111111111111111111111111111111111234444444444444444444444444444444444444444444444444444444444
1233443322111111111111111111111111111122344444444444444444444444444444444444444444444444555555555555
4444444444443221111111111111111111111223444444444444444444444444444444444444444444444555555555555555
5555554444444442211111111111111111111122344444444444444444444444444444444444444444455555555555555555
5555555544444443211111111111111111111111223444444444444444444444443344444444444444455555555555555555
5555555554444443211111111111111111111111111122344444444444444322211111222344444444455555555555555555

5555555555544321111111111111111111112234445555555555555555555555555555555555555544444443332221111111
5555555555432111111111111111111111111234445555555555555555555555555555555555555555554444433322222111
5555555554321111111111111111111111111123445555555555555555555555555555555555555555555444444333332222
5555555543211111111111111111111111116112445555555555555555555555555555555555555555555544444433333333
5555555431111111111111111111111111111112344555555555555555555555555555555555555555555544444444333333
5555554311111111111111111111111111111111234455555555555555555555555555555555555555555544444443333333
5555543211111111111111111111111111111111123445555555555555555555555555555555555555555444444333333333
5555442111111111111111111111111111111111112444555555555555555555555555555555555555554444433333333333
5555421111111111111111111111111111111111111234455555555555555555555555555555555555544443333222222333
5554316111111111111111111111111111111111111123444555555555555555555555555555555554444433222222222222

3455555555555555555555555555555555555555555555555555555555555555555555555555555555555555555555555555
2345555555555555555555555555555555555555555555555555555555555555555555555555555555555555555555555555
1234555555555555555555555555555555555555555555555555555555555555555555555555555555555555555555555555
1123455555555555555555555555555555555555555555555555555555555555555555555555555555555555555555555555
1112445555555555555555555555555555555555555555555555555555555555555555555555555555555555555555544444
1112345555555555555555555555555555555555555555555555555555443222234555555555555555555555443332222222
1111245555555555555555555555555555555555555555555555555432111111111234555555555555554322111111111111
1111245555555555555555555555555555555555555555555555542111111111111111245555555554421111111111111111
1112245555555555555555555555555555555555555555555554321111111111111111112444544432111111111111111111
1112345555555555555555555555555555555555555555555543111111111111111111111122322211111111111111111111

4431111111111111111111111111111111111111111111111111111111111111111111111111111111111111111111111111
4442111111111111111111111111111111223344433111111111111111111111111111111111111111111111111111111111
4444211111111111111111111111111234444444444444211111111111111111111111111111111111111111111111111111
4444431111111111111111111111234444444444444444443111161111111111111111111111111111111111111111111111
5444444211111111111111111234444444444444444444444441111111111111111111111111111111111111111111111111
5554444444321111111123444444444444555555555555544444431111111111111111111111111111111111111111111111
5555544444444444444444444444444555555555555555555554444441111111111111111111111161111111111111111111
5555555544444444444444444555555555555555555555555555555444444444444444444444444442111111111111111111
5555555555555555555555555555555555555555555555555555555555555555555555555555555555444111111111111111
5555555555555555555555555555555555555555555555555555555555555555555555555555555555555544411111111111

1111111111111111111111111223444445555555555555555555555555555555411111111111111111111111111111111111
1111111111111111111111111112234444455555555555555555555555555554111111111111111111111111111111111112
1111111111111111111111111111122334444555555555555555555555555544111111111111111111111111111111111144
1111111111111111111111111111111222344445555555555555555555555542111111111111111111111111111111114455
1111111111111111112211111111111122234444455555555555555555555442111111111111111111111111111124445555
1111111111111223333322222221111222234444445555555555555555554443111111111111111111111124444555555555
1111111112344444444444443322222223344444444555555555555555554444432222222222233444445555555555555555
1111123444444444444444444444444444444444444555555555555555555554444445555555555555555555555555555555
1234444455555555555555444444444444444444555555555555555555555555555555555555555555555555555555555555
4445555555555555555555555555555555555555555555555555555555555555555555555555555555555555555555555555

5544443322222211222222222222222222222222222222222222333333333333333333333333333333344444445555555555
4444332211111111111122222222222222222222222222222222222222333332222222221111111111111223344445555555
4443221111111111111122222222222222222222221111111111222222222222222111111111111111111111112344445555
4321111111111111111122222222222222222222222211111111222222222222211111111111111111111111111112344445
2211111111111111111222223333333333333322222222222222222222222222211111111111111111111111111111111234
1111111111111111112223333334444444433333333222222222222222222222222111111111111111111111111111111111
1111111111111111122333344444444444444444443333333333333333333333322211111111111111111111111111111111
1111111111111111223344444444444444444444444444444444444444444443333222111111111111111111111111111111
1111111111111112233444444444444444444444444444444444444444444444444332221111111111111111111111111111
1111111111111122344444444444444444444444444444444444444444444444444443322111111111111111111111111111

5555555555555555555555555555555555555555554444444444444433322211111111111122233344444444455555555555
5555555555555555555555555555555555555555554444444444444444433322222222222223333444444444455555555555
5555555555555555555555555555555555555555544444444444444444443333322222223333333444444444445555555555
5555555555555555555555555555555555555555444444444444444444444433333333333333333344444444444455555555
5555555555554444444555555555555555555444444444444444444444444333333322222222333333334444444445555555
5555555544444444444444444444555444444444444444444444444444443333222222222222222222222333444444455555
5555544444444444444444444444444444444444444444444444444444333222221111111111111111111111223344444455
5444444444444444444444444444444444444444444444444444433332222111111111111111111111111111111112344444
4444443332222222222233334444444444444443333333333222222111111111111111111111111111111111111111111244
3222111111111111111111111222222222222211111111111111111111111111111111111111111111111111111111111111

1111111111111111114444555555555555555555555555555555555555555544444444444444444444444444444442111111
1111111111111111111244455555555555555555555555555555444443221111222334444444444444444444444432111611
1111111111111111111124444555555555555555555555544442111111111161111111111111222333444444444321111111
1111111111111111111124444455555555555555555544431111111111111111111111111111111112222333333211111111
1111111111111111111134444455555555555555554443111111111111111111111111111111111111112222222211111161
1111111111111111112344444555555555555555544421111111111111111111111111111111111111112222222221111111
1111111111111111134444455555555555555555444311111111111111111111111111111111111111222333333322111111
1111111111111234444455555555555555555555544411111111111111111111111111111111111223334444444443321111
1111223344444444455555555555555555555555544431111111111111111111111111111111233444444444444444443211
4444444444445555555555555555555555555555555443111111111111111111111111111234444444444444444444444443

1111111111111111144444444455555555555555555555555555555555555555555555555444111111111111111111111111
1111111111111111114444444444444455555555555555555555555555555555555555554443111111111111111111111111
1111111111111111111344444444444444444555555555555555555555555555555555444441111111111111111111111111
1111111111111111111111111111111111134444455555555555555555555555555444444421111111111111111111111111
1111111111111111111111111111111111111112444444555555555555555554444443211111111111111111111111111111
1111111111111111111111111111111111111111111124444444444444444444321111111111222211111111111111111111
1111111111111111111111111111111111111111111111111111111111111111111111111112444444444443111111111111
1111111111111111111111111111111111111111111111111111111111111111161111111113444445555555544441111111
1111111111111111111111111111111111111111111111111111111111111111111111111124444555555555555555544111
1111111111111111111111111111111111111111111111111111111111111111111111111144455555555555555555555554

5555555555555555555555555555555555555555555555555544444444444443322223444445555555555555555555555555
5555555555555555555555544444444444444444455555444444443222222222111111222444555555555555555555555555
5555555555555555555544444444444444444444444444444444222221111111111111111234445555555555555555555555
5555555555555555544444222222222233344444444444444432221111111111111111111122444555555555555555555555
5555555555555554444222211111222222222223344444443222211111111111111111111112244455555555555555555555
5555555555555444422211111111111112222222223333322222111111111111161111111111234445555555555555554444
5555555555544442221111111111111111122222222222222221111111111111111111111111224444555555544444444443
5555555544444222111111111111111111112222222222222221111111111111111111111111122444444444444443222221
5555554444322211111111111111111111111222222222222221111111111111111111111111112244444444432222111111
5555444432221111111111111111111111112222222222222221111111111111111111111111112224444432221111111111

5555555444443311111111111123344444444444444444444444444444444444444444444444455555555555555555555555
5555444443211111111111111111112333444444444444443333222222333334444444444444444444455555555555555555
5544443111111111111111111111111112233333333333322111111111111122333333344444444444444444555555555555
4443211111111111111111111111111111112223333322111111111111111111111222223333334444444444444444444444
4311111111111111111111111111111111111122222211111111111111111111111111111122223333444444444444444444
3111111111111111111111111111111111111122222211111111111111111111111111111111112223334444444444444444
1111111111111111111111111111111111111222222222111111111111111111111111111111111222333444444444433332
1111111111111111111111111111111111222333333333221111111111111111111111111111112223333344444433322111
1111111111111111111111111111111223333344444443333222111111111111222222222222223333334444444333211111
1111111111111111111111111111233334444444444444444433333333333333333333333333333344444444444333211111

5555555544421111124444444455555555555555555555555555555555555555555555555555555555444444111111111111
5555555442111111111113444444444555555555555555555555554444444444445555555555554444444421111111111111
5555554411111111111111124444444444444444455544444444444444444444444444444444444444444111161111111111
5555544111111111111111111123444444444444444444444444444444444444444444444444444444421111111111111111
5555443111111111111111111111112344444444444444444444444433333444444444444444444443111111111111111111
5555441111111111111111111111111111122334444444444433211111111112344444444444444321111111111111111111
5554431111111111111111111111111111111111111111111111111111111111112344444444432111111111111111111111
5544411111111111111111111111111111111111111111111111111111111111111123344433211111111111111111111111
5544211111111111111111111111111111111111111111111111111111111111111111111111111111111111111111111111
5444111111111161111111111111111111111111111111111111111111111111111111111111111111111111111111111111

1111111111111111111111111111111111111111111111111111111111111111111111111125555555555555555555555555
1111111111111111111111111111111111111111111111111111111111111111111111111113555555555555555555555555
1111111111111111111111111111111111111111111111111111111111111111111111111111355555555555555555555555
1111111111111111111111111111111111111111111111111111111111111111111111111111113455542111111145555555
1111111111111111111111111111111111111111111111111111111111111111111111111111111111111111111112555555
1111111111111111111111111111111111111111111111111111111111111111111111111111111111111111111111255555
1111111111111111111111111111111111111111111111111111111111111111111111111111111111111111111111115555
1111111111111111111111111111111111111111111111111111111111111111111111111111111111111111111111111455
1111111111111111111111111111111111111111111111111111111111111111111111111111111111111111111111111145
1111111111111111111111111111111111111111111111111111111111111111111111111111111111111111111111111114

1111111111111111111111111111111111111111111111111111111111111111111111111111111111111111111111111111
1111111111111111111111111111111111111111111111111111111111111111111111111111111111111111111111111111
1111111111111111111111111111111111111111111111111111111111111111111111111111111111111111111111111111
1111111111111111111111111111111111111111111111111111111211111111111111111111111111111111111111111111
1111111111111111111111111111111111111111111111111134444444442111111111111111111111111111111111111111
1111111111111111111111111111111111111111111111124445555555554421111111111111111111111111111111112444
1111111111111111111111111111111111111111111111444555555555555544111111111111111111111111111134455555
1111111111111111111111111111111111111111111114455555555555555555441111111111111111111111244555555555
1111111111111111111111111111111111111111111124455555555555555555544311116111111111112444555555555555
1111111111111111111111111111111111111111111144555555555555555555555444321111111244445555555555555555

1233444444444444444444444444444444444455555555555555555555555555555555555555555555555555555555555555
1111223444444444444444444444444444444444445555555555555555555555555555555555555555555555555555555555
1111111223344444444433333222222222333444444444455555555555555555555555555555555555555555555555555555
1111111111222333322222211111111111111223444444444444444444444444444444444444444444444444444444444445
1111111111111111111111111111111111111112233444444444444444444444444333322211111111112223334444444444
1111111111111111111111111111111111111111223334444433333333222222111111111111111111111111111111111111
1111111111111111111111111111111111111111222333333322222111111111111111111111111111111111111111111111
1111111111111111111111122222222222222222233333332222111111111111111111111111111111111111111111161111
1111111111111112222233333333444444444444444444333322221111111111111111111111111111111111111111111111
1116111111111223334444444444444444444444444444444433332221111111111111111111111111111111111111111111

1114455555555555555555555555555555555555555555555555555555555555555555555555555555555555555555555555
1114455555555555555555555555555555555555555555555555555555555555555555555555555555555555555555555555
1114455555555555555555555555555555555555555555555555555555555555555555555555555555555555555555555555
1114455555555555555555555555555555555555555555555555555555555555555555555555555555555555555555555555
1124445555555555555555555444444555555555555555555555555555555555555555555555555555555555555555555555
1124445555555555555555444444444455555555555555555555555555555555555555555555555555555555555555555555
1134455555555555555554444444444455555555555555555555555555555555555555555555555555555555555555555555
1244455555555555555554444444444445555555555555555555555555555555555555555555555555555555555555555555
1344555555555555555554444444444455555555555555555555555555555555555555555555555555555555554455555555
2444555555555555555555544444444555555555555555555555555555555555555555555555555555555555444445555555

5555555544411111111111111111111111111111111111111111111111111111111111111111134444444444555555555555
5555555554444421111244444444444444444442111111111111111234444444433333344444444444444445555555555555
5555555555544444444444444444554444444444444431111111344444444444444444444444444444444555555555555555
5555555555554444444455555555555555555444444444444444444444444444444444444444444444444555555555555555
5555555555555554555555555555555555555554444444444444444444444444444444444444444444445455555555555555
5555555555555555555555555555555555555555444444444444444444444444444444444444444444444455555555555555
5555555555555555555555555555555555555554444444443222234444444444444444444444444444444444555555555555
5555555555555555555555555555555555555544444443111111111111234444444444444444444444444444444555555555
5555555555555555555555555555555555555444444211111111111111111111112334444444444444444444444445555555
5555555555555554555555555555555555444444411111111111111111111111111111111112233444444444444444455555

1124445555555555555555555555555555555555555555555555555555555555555555555555555555555555555555555555
1111111144455555555555555555555555555555555555555555555555555555555555555555555555555555555555555555
1111111111114444555555555555544444444444444555555555555555555555555555555555555555555555555555555555
1111111111111114444444444444444111111111444444455555555555555555555555555555555555555555555555555555
1111111111111111114444444444211111111111113444444444444444444444444444444444444444444444444444444555
1111111111111111111124444421111111111111111344444444444211111111111111223344444444444332222224444444
1111111111111111111112444321111111111111111444444444211111111111111111111111111111111111111111112444
1111111111111111111134444444211111111111134444444444211111111111111111111111111111111111111111111144
1111111111111111112444444444444211111234444444444444431111111111111111111111111111111111111111111134
1111111111111611144444455554444444444444445555555444444411111111111111111111111111111111111111111144

5555555555555555555555554443111111244444555555555555555555555555555555555555555555555555555555555555
5555555555555555555555555544444444444555555555555555555555555555555555555555555555555555555555555555
5555555555555555555555555554444444455555555555555555555555555555555555555555555555555555555555555555
5555555555555555555555555554444444555555555555555555555555555555555555555555555555555555555555555555
5555555555555555555555555555444445555555555555555555555555555555555555555555555555555555555555555555
5555555555555555555555555554444444555555555555555555555555555555555555555555555555555555555555555555
5555555555555555555555555554444444455555555555555555555555555555555555555555555555555555555555555555
5555555555555555555555555544444444444555555555555555555555555555555555555555555555555555555555555555
5555555555555555555555554444211123444444555555555555555555555555555555555555555555555555555555555555
5555555555555555555555544411111111111234444455555555555555555555555555555555555555555555555555555555

1111111111111111111111111111111111111111111111111111111111111111111111111111111111111223334444444455
1111111111111111111112344444444444444322111111111111111111111111111111111111111111222223333444444444
1111111111111111123444555555555555555444444433332223333333333333333333332222222222222333333333333444
1111111111111113444555555555555555555555555444444444444444444444444444444443333333333333333322222223
1111111111111344555555555555555555555555555555555555555555555555544444444444444433333333333222111111
1111111111124445555555555555555555555555555555555555555555555555555555444444444444433333322211111111
1111111111134455555555555555555555555555555555555555555555555555555555554444444444433333222111111111
1111111111244555555555555555555555555555555555555555555555555555555555555444444444433332221111111111
1111111111344555555555555555555555555555555555555555555555555555555555555444444444333222111111111111
1111111111244455555555555555555555555555555555555555555555555555555555555444444443332221111111111111

1111111111111111111111111111111111111111111111111111111111111111111111111111111111111111111111111111
1111111111111111111111111111111111111111111111111111111111111111111111111111111111111111111111111111
1111111111111111111111111111111111111111111111111111111111111111111111111111111111111111111111111111
1111111111111111111111111111111111111111111111111111111111111111111111111111111111111111111111111111
1111111111111111111111111111111111111111111111111111111111111111111111111111111111111111111111111122
1111111111111111111111111111111111111111111111111111111111111111111111111111111111111111111111112222
1111111111111111111111111111111111111111111111111111111111111111111111111111111111111111111122222344
1111111111111111111111111111111111111111111111111111111111111111111111111111111111122222222222234444
1111111111111111111111111111122222234444444444322222111111111111111111111111222222222222222334444444
1111111111111111111112222344444444444555555554444444444422222221112222222222334444444444444444444444

1111111111111111111111111111111111111111111111111111122222222111111111111111111111111111111111111111
1111111111111111111111111111111111111111111111111112223333333222221111111111111111111111111111111111
1111111111111111111111111111111111111111111111111222334444444333322221111111111111111111111111111111
1111111111111111111111111111111111111111111111111223444444444444333322221111111111111111111111111111
6111111111111111111111111111111111116111161111112233444444444444444333222222111111111111111111111111
1111111111111111111111111111111111111111111111112234444444444444444443333222221111111111111111111116
1122222222222222222222222211111111111111111111111233444444444444444444433332222221111111111111111111
2223333333333333333322222222211111111111111111111223444444444444444444443333322222222111111111111111
4444444444444333333333332222221111111111111111111122344444444444444444444333333222222222222222222222
4444444444444444444433333222221111111111111161111112233444444444444444444333333332222222222222222222

1111111111111111111111111111111111111111111111111111111111111111111111111111111111111111111111111111
1111111111111111111111111111111111111111111111111111111111111111111111111111111111111111111111111111
1111111111111111111111111111111111111111111111111111111111111111111111111111111111111111111111111111
1111111111111111111111111111111111111111111111124444444444444444431111111111111111111111111111111111
1111111222211111111111111111111111111111111344445555555555555555444441111111111111111111111111111111
1111111111111111111111111111111111111111444445555555555555555555555444421111111111111111111111111111
1111111111111111111111111111111111111244444555555555555555555555555554444111111111111111111111111111
1111111111111111111111111111111111113444445555555555555555555555555554444411111111111111111111111111
1111111111111111111111111111111111113444445555555555555555555555555554444431111111111111111111111111
1111111111111111111111111111111111111244444555555555555555555555555544444431111111111111111111111111

1111111111111111111111111111111111111112344444421111111111111111111111111111111111111111111111111111
1111111111111111111111111111111111111124455555555441111111111111111111111111111111111111112222111111
1111111111111111111223322211111111111244555555555555555444444211111111111111111111111234444444321111
1111111111111111123444444322111111112445555555555555555555555555554431111111111123444455555544442111
1111111111111111234444444432211111112445555555555555555555555555555555555555555555555555555555443111
1111111111111112344444444443211111113455555555555555555555555555555555555555555555555555555555544211
1111111111111124444444444444321111124455555555555555555555555555555555555555555555555555555555554311
1111111111111244444444444444322111244555555555555555555555555555555555555555555555555555555555554411
1111111111112344444455444444432222445555555555555555555555555555555555555555555555555555555555555421
1111111111123444445555554444444344445555555555555555555555555555555555555555555555555555555555555431

5555555555555555555555555555555555555555555555555555555555555555555555555555555555555555555555555555
5555555544444444555555555555555555555544445555555555555555555555555555555555555555555555555555555555
5555555444332234444444555555555554444321134445555555555555555555555555555555555555555555555555555555
5555554442111111111234444444444443111111111134455555555555555555555555555555555555555555555555555555
5555554441111111111111112233332111111111111112445555555555555555555555555555555555555555555555555555
5555554441111111111111111111111111111111111111344555555555555555555555555555555555555555555555555555
5555555443111111111111111111111111111111111111144455555555555555555555555555555555555555555555555555
5555555544311111111111111111111111111111111111144455555555555555555555555555555555555555555555555555
5555555554441111111111111111111111111111111111344455555555555555555555555555555555555555555555555555
5555555555444311111111111111111111111111111112444555555555555555555555555555555555555555555555555555

5555555555555555444444444444444444444444444444444433211111111111111111111111111111111111111222333333
5555555555555444431111111111123444444444444444444433211111111111111111111111111111112334444444444444
5555555555554442111111111111111123344444444444444333221111111111111111111111111233444444444444444444
5555555555544311111111111111111111233444444444444433332221111111111111111122334444444444444444444444
5555555555443111111111111111111111123344444444444444333333333222222233333444444444444444444444444444
5555555554441111111111111111111111123344444444444444444444444444444444444444444444444444444444444444
5555555554441111111111111111111111133444444444444444444444444444444444444444444444444444444444444444
5555555544441111111111111111111112344444444444444444444444444444444444444444444444444444444444444444
5555555544443111111111111111111234444444444444444444444444444444444444444444444444444444444444444444
5555555554444311111111111111123444444444444444444444444444444444444444444444444444444444444444444444

1111111111111111111111111111111111111111111111111111161111111111111111111111111111111111111111111111
1111111111111111111111111111111111111111111111111111111111111111112233333333332221111111111111111111
1111111111111111111111111111111111111111111111111111111111111123344444444444433333211111111111111111
1111111111111111111111111111111111111111111111111111111111123444444444444444444443321111111111111111
1111111111111111111116111111111111111111111111111111111234444444444444444444444444432111111111111111
1111111111111111111111111111111111111111111111112333444444444444444444444444444444443211111111111111
1111111111111111112333333332222222333334444444444444444444444444444444444444444444444331111111111111
1111111111113444444444444444444444444444444444444444444444444444444444444444444444444443211111111123
1111111114444444445555544444444444444444444444444444444444444444444444444444444444444444433221223344
1111114444455555555555555555555555555555555555555555555555555555555444444444444444444444444444444444

1111111111111111111111111111111111111111111111111111111111111111111111111111111111111111112344444444
1111111111111161111113344432211111111111111111111111111111111111111122222211111111111111112344444444
1111111111111111124444444444443322221111111111111111111111111112233344444333221111111111111234444444
1111111111111114444444444444444443333222222222222111111112222333444444444443321111111111111112344444
1111111111111344444444444444444444333322223333333322222222333334444444444433211111111111111111112344
1111111111114444444444444444444443322222222233333333222222333333444444443322111111111111111111111112
1111111111144444444444444444444432211111111122222222222211222222223333221111111111111111111111111111
1111111113444444444444444444444321111111111111111111111111111111111111111111111111111111111111111111
1111111134444444444444444444443111111111111111111111111111111111111111111111111111111111116611161111
1111111444444444444444444444421111111111111111111111111111111111111111111111111111161111111111111111

1111111111111111111111111111111111111111111111111111111111111111111111111111113444555555555555555555
1111111111111111111111111111111111111111111111111111111111111111111111111111234445555555555555555555
3111111111111111111111111111111111111111111111111111111111111111111111111133444455555555555555555555
4444332111111111111111111111111111111111111111111111111122222221111112233344444555555555555555555555
5444444433333333332221111111111111111111222333333333333333333333333333444444445555555555555555555555
5555444444444444443333332221111111111111223333333444444444444444444444444444455555555555555555555555
5555554444444444444443333322111111111111123333344444444444444444444444444444555555555555555555555555
5555555544444444444444333321111111111111112233333444444444444444444444444444555555555555555555555555
5555555555444444444444333211111111111111111122333334444444444444444444444444555555555555555555555555
5555555555444444444443321111111111111111111111112333333444444444444444444444455555555555555555555555

1111111112223444444444433222222222334444444555555555555544444444444444444333333222222223333334444444
6111112223444444444444444332222222334444444455555555555555444444444444444443333322222333333444444444
1111222344444445554444444332222222223444444445555555555555554444444444444433332222222223333344444444
1122223444444555555444444322222222222234444444555555555555555444444444444332222222222222223334444444
2222334444445555554444443222211111112222334444455555555555554444444444433222222222222222222223344444
2223344444444555444444432221111111111112222334444555555555544444444443222222111111111111112222233444
2233444444444444444443222111111111111111111222344445555554444444443322221111111111111111111111222234
2223344444444444444322211111111111111111111111224444444444444443322221111111111111111111111111111222
2222333344444443322221111111111111111111111111122344444444433222221111111111111111111111111111111112
2222222222222222221111111111111111111111111111111222222222222211111111111111111111111111111111111111

1111111111111111111111111111111111111111111122223333333332222221111111111111111111111111111111122222
1111111111111111111111111111111111111111112223344444444433322222211111111111111111111111111111111222
1111111111111111111111111111111111111111222344444444444444433322222111111111111111111111111111111111
1111111111111122222221111111111111111122234444455555555444444433222221111111111111111111111111111111
1111111111122222222222221111111111112223444455555555555555544444332222221111111111111111111111111111
1111111122222222222222222221111112222344445555555555555555555544444332222222211111111111111111111111
1111112222222333333333322222222222334444555555555555555555555555444444332222222222222111111111111111
1112222222333344444444333333223334444455555555555555555555555555555444444333322222222222222211111111
1222222233344444444444444444444444455555555555555555555555555555555555444444433333222222222222222111
2222233344444444444444444444444445555555555555555555555555555555555555555444444444333322222222222222

1244555555555555555555555555555555555555555555555555555555555555555555555555555555544432111111111111
1144455555555444444444444445555555555555555555555555555555555555555555555555555544443111111111111111
1134445554444443221111122334444455555555555555555555555555555555555555555555554443211111111111111111
1124444444443321111111111111223444455555555555555555555555555555555555555554444321111111111111111111
1113444444432111111111111111111223444455555555555555555555555555555555554444432211111111111111111111
1112334443321111111111111111111112234444555555555555555555555555555555444443321111111111111111111111
1111233333321111111111111111111111223444445555555555555555555555555544444432211111111111111111111111
1111233343332211111111111111111122233444444455555555555555555555554444444332211111111111111111111111
1111234444444332111111111111223333444444444445555555555555555555544444444332211111111111111111111111
1112344444444444443333333444444444444444445555555555555555555555554444444433222111111111111111111111

5555555555555555555555554442111111111144555555555555555555555555555555555555555555555555555555555554
5555555555555555555555442111111111111111114555555555555555555555555555555555555555555555555555555444
5555555555555555555544311111111111111111111114455555555555555555555555555555555555555555555555544431
5555555555555555554442111111111111111111111111111111111111111111234444555555555555555555555444443111
5555555555555555444421111111111111111111111111111111111111111111111111111123344444444444444443211111
5555555555554444444211111111111111111111111111111111111111111111111111111111111111111111111111111111
5555555554444444433211111111111111111111111111111111111111111111111111111111111111111111111111111111
5555554443333333333211111111111111111111111111111111111111111111111111111111111111111111111111111111
5555443111111123334332111111111111111111111111111111111111111111111111111111111111111111111111111111
5544211111111123444444432111111111111111111111111111111111111111111111111111111111111111111111111111

1111111111455555555555555555555555544321111111112233344444444444444444444433332221111111111111111111
1111111111114455555555555555555544311111111111111111111111111111111111111111111111111111111111111113
1111111111111134555555555555544421111111111111111111111111111111111111111111111111111111111111111134
1111111111111111344455555444432111111111111111111111111111111111111111111611111111111111111111112344
1111111111111111112344444433211111111111111111111111111111111111111111111611111112233322222223334445
1111111111111111111112233221111111111111111111111111111111111111111111161111112333444444444444444555
1111111111111111111111111111111111111111111111111111111111111111111111111112334444444444444455555555
1111111111111111111611111111111111111111111111111111111111111111111111233344444555555555555555555555
1111111111111111111111123333333332222211111111122223333333333333333344444455555555555555555555555555
1111111111111111111113344444444444444444444444444444444444444444444555555555555555555555555555555555

5555555555555555555555555542111111111111111111111111111111111111111111111111111111111111111111111111
5555555555555555555555555554411111111111111111111111111111111111111111111111111111111111111111611111
5555555555555555555555555555444211111111111234444444444444211111111111111111111111111111111111111244
5555555555555555555555555555554444322223444445555555555554444421111111111111111111111161111111244444
5555555555555555555555555555555544444444445555555555555555554444311111111611111111111111111124444455
5555555555555555555555555555555554444445555555555555555555555544443211111111111111111111112344444555
5555555555555555555555555555555555555555555555555555555555555554444421111111111111111111123444445555
5555555555555555555555555555555555555555555555555555555555555555444432111111111111111111123444444555
5555555555555555555555555555555555555555555555555555555555555555444432111111111111111111112344444555
5555555555555555555555555555555555444455555555555555555555555554444311111111111111111111111124444455

1223444444455555555555555555555555555555555555555554441111111111111111111111111111111111111111111111
1111111244444445555555555555555555555555555555555554441111111111111111111111111111111111111111111111
1111111111244444445555555555555555555555555555555554443111111111111111111111111111111111111111111111
1111111111112444444445555555555555555555555555555555444211111111111111111111111111111111111111111111
1111111111111134444444455555555555555555555555555555544421111111111111111111111111111111111111111111
1111111111111124444444445555555555555555555555555555554444211111111111111111111111111111111111111111
1111111111111134444444445555555555555555555555555555555554444111111111111111111111111111111111111111
1111116111111244444444555555555555555555555555555555555555554444421111111111111111111111111111111111
1111111111113444444455555555555555555555555555555555555555555555544444444444444443211111111111111111
1111111111244444445555555555555555555555555555555555555555555555555555555555555555444444421111111111

1111111111111111111111111111111111111111111111111111111111111111111111111111111111122221111111111111
1111111111111111111111111111111111111111111111111111111111111111111111111111111122233333222111111111
1111111111111111111111111111111111111111111111111111111111111111111111111111122333333333333322211111
1111111111111111111111111111111111111111111111111111111111111111111111111122333344444444444433332211
1111111111111111111111111111111111111111111111111111111111111111111111122333444444444444444444443332
1111111124444443111111111111111111111111111111111111111111111111111233334444444444444444444444444444
1111345555555555555442111111111111111111111111111111111111111122334444444444444555555555555555444444
1245555555555555555555554311111111111111111111111111111112333444444444555555555555555555555555555554
5555555555555555555555555555544321111111111111111223334444444555555555555555555555555555555555555555
5555555555555555555555555555555555554444444444444455555555555555555555555555555555555555555555555555

5555555555555555555555555555555555555555555555555555555555555555555555555555555555555555555555555555
5555555555555555555555555555555555555555555555555555544444455555555555555555555555555555555555555555
5555555555555555555555555544444444444445555544444444444444444445555555555555555555555555555555555555
5555555555555555555444444444444444444444444444444444444444444444445555555555555555555555555555555555
5555555555555554444444332211111111223444444444444332222223344444444445555555555555555555555555555555
5555555555554444432111111111111111111111111111111111111111111234444444455555555555555555555555555555
5555555554444311111111111111111111111111111111111111111111111111234444444445555555555555555555555555
5555554444311111111111111111111111111111111111111111111111111111111244444444444444444444444444445555
5444444211111111111111111111111111111111111111111111111111111111111111344444444444444444444444444444
4442111111111111111111111111111111111111111111111111111111111111111111111234444444444444444444444444

3333333333444444444444433332222222223333344444455555444444444333222222111111111111111111111111111111
3333333333344444444444433332222222233344444445555555544444443333322222211111111111111111111111111111
3333333333444444444444333332222223333444444455555555554444444433332222221111111111111111111111111111
4333333333444444444443333332223333334444444555555555554444444433333222222111111111111111111111111111
4433333333444444444433333332333333344444445555555555554444444433333222222211111111111111111111111111
4443333334434444443333333223333333444444455555555555554444444433333322222221111111111111111111111111
4443443344434444433333322223333334444444555555555555544444443433333322222222211111111111111111111111
4444444444433443333333222223333344444445555555555555444444434333333322222222221111111111111111111111
4444444434444433333322222223333344444445555555555554444444443333333222222222222211111111111111111111
4444444444444433333322222223333344444445555555555544444444433333332222222222222222211111111111111111

5555555555555555555555555555555555555555555555555555555555555555555555555555555555554444321111111111
5555555555555555555555555555555555555555555555555555555555555555555555555555555555554444321111111111
5555555555555555555555555555555555555555555555555555555555555555555555555555555555544443211111111111
5555555555555555554444444444444444455555555555555555555555555555555555555555555544443221111111111111
5555444444444444333322222222233334444444445555555555555555555555555555555555544443211111611111111111
4432211111111111111111111111111111111222344444455555555555555555555555555444432111111111111111111111
1111111111111111111111111111111111111111111123444445555555555555555554443221111111111111111111111111
1111111111111111111111111111111111111111111111111234444444445444444432111111111111111111111111111111
1111111111111111111111111111111111111111111111111111111222222221111111111111111111111111111111111111
1111111111111111111111111111111111111111111111111111111111111111111111111111111111111111111111111111

5555555444444333333222222222222223333333333222111111111111111111111111111111111111111111111111111113
5555554444333332222222222222233333333444433332221111111111111111111111111111111111111111111111111113
5555444433322222222222222233333333344444444433332221111111111111111111111111111111111111111111111123
5554443322222222222222222333333333344444444443333222222222211111111111111111111111111111111111111113
5444332221111112222222222333333333444444444444333332222222222211111111111111111111111111111111111112
4433221111111111122222222233333333444444444444333333222222222222111111111111111111111111111111111111
3321111111111111112222222223333333344444444444333332222222222222211111111111111111111111111111111111
2111111111111111111122222222333333334444444443333322222222222222211111111111111111111111111111111111
1111111111111111111112222222222333333344444333332222222222222222111111111111111111111111111111111111
1111111111111111111111122222222223333333333333222221111111122111111111111111111111111111111111111111

5555555555555555555555555555555555555555555555555555555554444311111111111111111111111111111111111111
5555555555555555554444455555555555555555555555555555555544444211116111111111111111111111111111111111
5555555555544421111111112444555555555555555555555555554444443111111111111111111111111111111111111111
5555554421111111111111111111344455555555555555555554444444432111111111111111111111111111111111111111
5442111111111111111111111111111444555555555555444444444444321111111116111111111111111111111111111111
1111111111111111111111111111111114444444444444444444444443221111111111111111111111111111111111111111
1111111111111111111111111111111111244444444444444444444433221111111111111111111111111111111111111111
1111111111111111111111111111111111112344444444444444443333222111111111111111111111111111122211111111
1111111111111111111111111111111111111112222333333333333333333322222222222222333344444444444444444411
1111111111111111111111111111111111111111111112223333333444444444444444444444444444444455555555555544

5555555541111111455555555555555555555555555555555555555544432111111112333444444444444444444444444445
5555555411111111145555555555555555555555555555555555555544431111111111233344444444333333334444444444
5555553111111111114555555555555555555555555555555555555544331111111111123333333333333333333334444444
5555531111111111113555555555555555555555555555555555555544331111111111112333333333222111222333344444
5555311111111111111455555555555555555555555555555555555444331111111111112233333322111111111123333444
5553111111111111111355555555555555555555555555555555555444321111111111111222222211111111111112233344
5541111111111111111145555555555555555555555555555555555444321111111111111112211111111111111111123333
5411111111111111111135555555555555555555555555555555554444311111111111111111111111111111111111112333
4111111111111111111114555555555555555555555555555555544443211111111111111111111111111111111111111233
1111111111111111111112555555555555555555555555555555444433111111111111111111111111111111111111111122

5555555555555555555555555555555555555444444431111111111111111111111111111111111111111111111111111111
5555555555555555555555555555555544444444443311111116111111111111111111111111111111111111111111111111
5555555555555555555544444444444444444444332111111111111111111111111111111111111111111111111111116111
5555555544444444444444444444444444444433311111111111161111111111111111111113333333333211111111111111
5555444444444444444444444444444444333332111111111111111111111111111111123344444444444443211111111111
4444444331111111111111122222333333322111111111111111111111111111111133444444444444444444431111111111
4433111111111111111111111111111111111111111111111111111111111111334444444444444444444444443111111111
1111111111111111111111111111111111111111111111111111111123333444444444444555555555555444444311111111
1111161111111111111111111111111111111122223333333333344444444444444445555555555555555554444431111111
1111111111111111111111111111111111123333333444444444444444444444455555555555555555555555444431111111

1111111111111111111111111111111111111111111111111111111111111111111111111111111111111111116111111244
1111111111111111111111111111111144445554444311161111111111111111111111111111111111111111111111234444
1111111111111111111111111111445555555555555555443111111111111111111111111111111111111111111124444445
1111111111111111111111114455555555555555555555555544111111111111111111111111111111111111112444444455
1111111111111111111245555555555555555555555555555555444111111111111161111111111111111111244444445555
1111111111111111445555555555555555555555555555555555554442111111111111111111111111111123444444445555
1111111111111245555555555555555555555555555555555555555544421111111111111111111111112234444444455555
1111111111145555555555555555555555555555555555555555555554444221111111111111111111112234444444445555
1111111114555555555555555555555555555555555555555555555555444442222211111111111111112224444444444555
1111111255555555555555555555555555555555555555555555555555544444222211111111111111111122344444444455

2344444444443333222211111111111111222222233344444455555555555555555554444444444433332221111111111111
5555555555555544444443322221111111112222223334444455555555555555555554444444444443333222111111111111
5555555555555555555444443322211111111112222334444455555555555555555554444444444443333322211111111111
5555555555555555555555444332211111111111112233444445555555555555555554444444444433333222211111111111
5555555555555555555555544432211111111111111223344444555555555555555544444444443333322222211111111111
5555555555555555555555554443211111111111111122334444455555555555554444444444433322222211111111111111
5555555555555555555555555443211111111111111111233444444555555555444444444443332222111111111111111111
5555555555555555555555555443211111111111111111123344444444444444444444444333222111111111111111111111
5555555555555555555555555544321111111111111111112334444444444444444444433322211111111111111111111111
5555555555555555555555555554321111111111111111111233444444444444444443332211111111111111111111111111

5555555554432111111111112355555555555555555555555555555555555555555555555555555555555555555555555555
5555554432111111111111111113555555555555555555555555555555555555555555555555555555555555555555555555
5554432111111111111111111111245555555555555555554444555555555555555555555555555555555555555555555555
4432211111111111111111111111113455555555555543222122234444555555555555555555555555555555555555555544
3221111111111111111111111111111234455555443211111111112233344444444455555555555544444444444444444443
2111111111111111111111111111111112333333221111111111111122222333333334444444443333333333333333333332
1111111111111111111111111111111111122221111111111111111122222222222222222222222222222222222222222222
1111111111111111111111111111111111111111111111111111111222222222222222222222222222222222222222222222
1111111111111111111111111111111111111111111111111111222333333332222222222221111111111111111222222111
1111111111111111111111111111111111111111111111111223444444444444333322222222111111111111111111111111

1111123334444444444444444444444444444333333333333334444444444555555555555555555555444444444444444555
1111111122333333333333322222111111111111111111111111112233344444444444444444444444444433333333444444
1111111111111121111111111111111111116111111111111111611111112233334444444444444433333221111112233344
1111111111111111111111111611111111111111111111111111111111111111112233333333333332211111111111112333
1111111111111111111111111111111111111111111111111111111111111111111111111222221111111111111111111233
1111111116111111111611111111111111111111111111111111111111111111111111111111111111111111111111111233
1111111111111111111111111111111111111111111111111111111111111111111111111111111111111111111111222333
1111111111111111111111111111111111111111111111111111111111111111111111111111222222222222222333333333
1111111111111111111111111111111111111111111111111111111111111111111111111223333333333333333444444444
1111111111111111111111111111111111111111111111111111111111111111111111233333444444444444444444444444

4444444444444444444444444444444444444444444444444444444444444444444443333211111112333344444445555555
4444444444444444444433333221122233333444444444444444444444444444444332111111111111111123344444455555
2344444444444444433311111111111111111233334444444444444444444444433311111111111111111111234444455555
1234444444444443331111111111111111111111333344444444444444444444433211111111111111111111123444445555
1133444444444433321111111111111111111111233344444444444444444444433211111111111111111111113444445555
1133444444444443332111111111111111111112333444444444444444444444443331111111111111111111113444445555
1334444444444444433321111111111111112333344444444444444444444444444433321111111111111111133444445555
3444444444444444444443333333333333334444444444444444444444444444444444443332111111111123344444455555
4444444444444444444444444444444444444444444444444444445555444444444444444444433333333344444444555555
4444445555555544444444444444444444444444444455555555555555555555544444444444444444444444444445555555

1111111111111111111111111111111111111111111111111111111111111111111111111111111111111111111111111111
1111111111111111111111111111111111111111111111111111111111111111111111111111111111111111111111111111
2111111111111111111111111111111111111111111111111111111222221111111111111111111111111111111111111111
3322211111111111111111111121111111111111111111111122222333333222222222111122222111111111111111111111
4433322211111111111112222222222221111111111111122223333344433333332222222222222222221111111111111111
4444433222111111111122222222222222111111111111222233344444444443333333333333333333222111111111111111
4444443322211111111122222222222222111111111111222233344444444444333333333333333333322211111111111111
4444443322211111111112222222222211111111111111122223334444444433333322222333333333322211111111111111
4444443322111111111111111111111111111111111111111222233333333333222222222222222222222111111111111111
4444433221111111111111111111111111111111111111111111222222222222221111111111222222211111111111111111

1111111111111111111111111222224444444444444555555555555555555555555555555555555555555555555555555555
1111111111111111111122222234444444444444444445555555555544444444444443224445555555555555555555555555
1111111111111222222222234444444444444444444444444444444444444442221111111124455555555555555555555555
1111111112222233344444444444444444444444444444444444444443222211111111111111245555555555555555555555
1111112222444444444444444444444444444444444444444444432222111111111111111111124455555555555555555555
1111222344444444444444444444444444444444444444444442222111111111111111111111112455555555555555555555
1112234444444444444444444444444444444444444444444222211111111111111111111111112445555555555555555555
1122344444444444444444444444444444444444444444422221111111111111111111111111111244555555555555555555
1122344444444444444322222223334444444444444322222111111111111111111111111111111244455555555555555555
1122234444444433222222222222222222222222222222211111111111111111111111111111111124455555555555555555

1111111111111122233334444444444444433333333333333333332222222222222222222222233333333333333333322221
1111111111122222333344444444444433333333333333333333222222222222222222222222223333333333333333333222
1111112222222223333444444444444333333332223333332222222222222222222222222222233333333333333333333333
2222222222223333334444444444443333322222222222222222222222222222222222222223333333333334444444444333
2333333333333333444444444444433333222222222222222222222222222222222222223333333333334444444444444444
3333333333334444444444444444433332222222222222222222222222222222222233333333333344444444444444444444
4444444444444444444444444444433332222222222222222222222222222222333333333334444444444444444555555555
4444444444444444455555544444433332222222222222223333333333333333333334444444444444444455555555555555
5555555555555555555555554444443332222222222223333333333333333333444444444444444455555555555555555555
5555555555555555555555555544444333322222223333333333333444444444444444444555555555555555555555555555

1111111111111111111111111111111111111111111111111111122222221111111111111111111111111111111111111111
1111111111111111111111111111111111111111111111111113444444443321111111111111111111111111111111111111
1111111111111111111111111111111111111111111111111144444444444432211111111111111111111111111111111111
1111111111111111111111111111111111111111111111111444444444444443221111111111111111111111111111111111
1111111111111111111111111111111111111111111111113444555544444443322111111111111111111111111111111111
1111111111111111111111111111111111111111111111114444555444444443222111111111111111111111111111111111
1111111111111111111111111111111111111111111111134444444444444433221111111111111111111111111111111111
1111111111111111111111111111111111111111111111134444444444444332211111111111111111111111111111111111
1111111111111111111111111111111111111111111111234444444444443322111111111111111111111111111111111111
1111111111111111111111111111111111111111111111234444444444433211111111111111111111111111111111111111

1111111111111111111111344444444555555555555555555555555555555555555555555555555555555555555555555555
1111111111111111111111111111234444444444444444444444455555555555555555555555555555555555555555555555
1111111111111111111111111111111113444444444444333344444444555555555555555555555555555555555555555555
1111111111111111111111111111111111111233322111111111134444444444444444444445555555555555555555555555
1111111111111111111111111111111111111111111111111111111334444444444444444444444455555555555555555555
1111111111111111111111111111111111111111111111111111111123344444444444444444444444555555555555555555
1111111111111111111111111111111111111111111111111111111113334444444433333333444444445555555555555555
1111111111111111111111111111111111111111111111111111111233444444444333332223334444445555555555555555
1111111111111111111111111111111111111111111111111111133444444444444443333333334444445555555555555555
1111111111111111111111111111111111111123333333333334444444444444444444444444444444445555555555555555

5555555555444211111111111111111111111111111111111111111111111111111111111111111223444333344444555555
5555555555555544421111111111111111111111111111111111111111111111111111112444555555555555555555555555
5555555555555555554421111111111111111111111111111112444555555555555555555555555555555555555555555555
5555555555555555555554411111111111111111111112455555555555555555555555555555555555555555555555555555
5555555555555555555555544211111111111111124455555555555555555555555555555555555555555555555555555555
5555555555555555555555555444211122444444555555555555555555555555555555555555555555555555555555555555
5555555555555555555555555544444444455555555555555555555555555555555555555555555555555555555555555555
5555555555555555555555555554444445555555555555555555555555555555555555555555555555555555555555555555
5555555555555555555555555544444445555555555555555555555555555555555555555555555555555554444444455555
5555555555555555555555544444444444455555555555555555555555555555555555555555555555555442111111244455

1111111111611111111111111111111111111111111111111111111111111111111111111111111111111111111111111111
1111111111111111111111111111111111111111111111111111111111111111111111111111111111111111111111111111
1111111111111111111111111111111111111111111111111111111111111111116111111111111111111111111111111111
1111111111111111111111111111111111111111111111111111111111111111111111111111111111111111111111123444
1111111222222222222111111111111111111111111111111111111111111111111111111111111111111111111123445555
1112222222222222222222222222222222222222111111122222222211111111111111111111111111111111112345555555
2222223333333333222222222222222222222222222222222222222221111111111111111111111111111111123455555555
2233334444444443333333322222222222222222222222222222222211111111111111111111111111111111134555555555
3344444444444444444333333333333333222222222222222222222111111111111111111111111111111111244555555555
4444444444444444444444443333333333332222222222222222221111111111111111111111111111111111245555555555

5555555555555555555555555555555555555555555555555555555444444444444444444454445444444444444443211111
5555555555544444444444444444445555555555555555555444444211111111112334444444444444444444444443211111
5555544444443221111111111111244444445555555544444431111111111111111111111111112333444443333443321111
4444444311111111111111111111111124444444444444431111111111111111111111111111111111122233334444444211
4444421111111111111111111111111111123444444432111111111111111111111111111111111111122334444444444444
4443111111111111111111111111111111111233433211111111111111111111111111111111111112344444444444444444
4431111111111111111111111111111111111123333211111111111111111111111111111111112344444444444555555555
4421111111111111111111111111111111111234444332111111111111111111111111111234444444444455555555555555
4432111111111111111111111111111111113444444444432111111111111111123444444444444455555555555555555555
4444211111111111111111111111111111344444444444444444443333344444444444455555555555555555555555555555

1111111111111111111111111111111111111111123444455555544444332111111111111111111111111111111111111111
1111111111111111111111111111111111111112344445555555544444332111111111111111111111111111111111111111
1111111111111111111111111111111111111134444555555555444443322111111111111111111111111111111111111111
1111111111111111111111111111111111112344445555555544444433211111111222222211111111111111111111111111
1111111111111111111111111111111111234444555555444444443321111111111122222221111111111111111111111111
1111111111111111111111111111111113444444444444444443332111111111111111111111111111111111111111111111
1111111111111111111111111111111234444444444444433321111111111111111111111111111111111111111111111111
1111111111111111111111111111113344444444444433211111111111111111111111111111111111111111111111111111
1333332111111111111111111111233444444444333211111111111111111111111111111111111111111111111111111111
5555555543111111111111111112334444444332111111111111111111111111111111111111111111111111111111111111

1111111111111111111111111111111111161111111111111123344444444444444444444333322222222334445555555555
1111111111111111111111111111111111111111111111111111112233333333333333333222111111112233444555555555
1111111111111111111111111111111111111111111111111111111111111111112222221111111111111123444455555555
1111111111111111111111111161111111111111111111111111111111111111111111111111111111111123344455555555
1111111111111111111111111111111111116111111111111111111111111111111111111111111111111122344455555555
3333332211111111111111111111111111111111111111111111111111111111111111111111111111111122344455555555
4444444444333322222222333333333333322111111111111111111111111111111111111111111111111123344455555555
5555555554444444444444444444444444444443332221111111122222222222211222222221111111112233444455555555
5555555555555555555555555555555555555444444444444444444444444333333333333333322222233334444555555555
5555555555555555555555555555555555555555555555554444444444444444444444444444443333334444444555555555

5555554211111111111111111111111111111111111122333344444444444333322211111111111111112223333444444444
5555553111111111111111111111112221111111111122233334444444333333221111111111111111111122233334444444
5555541111111111111111111111222222222111111122233334444443333332221111111111111111111112223333444444
5555531111111111111111111122333333332222222222333344444444333332221111111111111111111112223333444444
5555421111111111111111111233444444433333222333334444444444443333222111111111111111111122233334444444
5555411111111111111111112344444444444433333333444444444444444433332222111111111111122223333344444444
5555411111111111111111134444444444444444444444444444444444444444433333222222222222223333344444444444
5555411111111111111112344444455444444444444444444444444444444444444443333333333333333444444444444444
5555421111111111111124444455555555555444444444444455554444444444444444444444444444444444444444444455
5555431111111111112344445555555555555555555555555555555555555544444444444444444444444444444444555555

1111111111111111111111111111111111111111111111111111111111111111111111111111111111111122334444444555
1111111111111111111222211111111111111111111111111111111111111111111111111111111111111111111122344444
1111111111111112444444444111111111111111111111111111111111111111111111111111111111111111111111111234
1111111111111344445555544431111111111111111111111111111111111122333333221111111111111111111111111111
1111111111244445555555554443111111111111111111111111111111234444444444443321111111111111111111111111
1111111113444555555555555444211111111111111111111111123444444444444444444433211111111111111111111111
1111111244445555555555555444311111111111111111123344444444455555555544444444321111111111111111111111
1111113444455555555555555444421111111111111233444444444555555555555555444444432111111111111111111111
1111134444555555555555555444421111111111123444444445555555555555555555544444432111111111111111111111
1111344444555555555555554444421111111112344444445555555555555555555555554444432111111111111111111111

5555555555555421111111122223333333322222111111111111111111111122222222222222111111111111111111111111
5555555555553211111111112223334443333222211111111111111111222223334444444444332211111111111111111111
5555555555542111111111112223344444443322222111111111111122233444444444444444444432211111111111111111
5555555555432111111111122234444444444433222211111111112223344444555555555555555444432111111111111111
5555555555432111111111222344444444444443322222111112222234444455555555555555555555444221111111111111
5555555554432111111112234444444444444444433222222222223344445555555555555555555555554432211111111111
5555555554432211111223344445555555554444443322222222233444455555555555555555555555555444322111111111
5555555555443222222334444555555555555544444333222222334444555555555555555555555555555554442211111111
5555555555444443344444555555555555555554444443333333444445555555555555555555555555555555444322221222
5555555555554444444555555555555555555555444444333334444455555555555555555555555555555555554443322234

1111111111111111111111111111111111111111111111111111111111111111111111111111111222334444455555555555
1111111111111111111111111111111111111111111111111111611111111111111111111111111111111123344445555555
1111111111111111111111111111111111111111111111116111111111111111111111111111111111111111112344445555
1111111111111111111111111111111111111111111111611111111111111111111111111111111111111116111112334445
1111111111111111111111111111111111111111111111111111111111111111111111111111111111111111111111111234
1111111111111111111111111111111111161111111111111111111111111111111111111111111111111111111111111111
1111111111111111111111111111111111111111111111111611111111111111111111111111111111111111111111111111
1111111161111111111111111111111111111111111111111111111611111111111111111111111111111111111111111111
1111111111111111111111111111111111111111111111111111111111111111111116111111111111111111111111111111
1111111161111111111111111111111111111111111111111111111111111111111111111111111111111111111111111111

1111111111111111134455555555555555555555555555555555555555555555555555555555555555555441111111111111
1111111111111111134455555555555555555555555555555555555555555555555555555555555555555544111111111111
1111111111111111134455555555555555555555555555555555555555554444444555555555555555555555441111111111
1111111111111111134445555555555555555555555555555555555544443211334445555555555555555555554311111111
1111111111111111134445555555555555555555555555555555554443111111112444555555555555555555555542111111
1111111111111111134444555555555555555555555555555554444111611111111244455555555555555555555554411111
1111111111111111134444455555555555555555555555555444421161111111111144455555555555555555555555544111
1111111111111111234444445555555555555555555555444443111111111111111134455555555555555555555555555542
1111111111111111344444444555555555555555555444444311111111111111111144555555555555555555555555555555
1111111111611113344444444555555555555555444444443111111111111111111244555555555555555555555555555555

5555555555554444444444444444444444444444444444444444444444444444444444444444444444444444445555555555
5555555555544444444444444444444444444444444444444444444444444444444444444333333333444444444455555555
5555555555444444444444444333333333344444444444444444444444444444444443332211111112334444444444555555
5555555554444444444443333333222222233333444444444444444444444444443332211111111111123344444444444555
5555555554444444444444333332211111112223333344444444444444444433332211111111111111112334444444444445
5555555544444444444444443332211111111112223333333344444333333332211111111111111111111123344444444444
5555555554444444444444444433322111111111222333333333333333332211111111111111111111111112334444444444
5555555554444444444444444444333222111112222233333333333322221111111111111111111111111111123334444444
5555555555544444444444444444443333322222333333333333332222111111111111111111111111111111111233334444
5555555555555554444444444444444444333333333333333333332222111111111111111111111111111111111111222333

5555555555555555555555555555555444444444444444333333333333333344444444445555555555555555555555555555
5555555555555555555555555444444444444333333333222111111111111233333344444444444455555555555555555555
4444444445555555555544444444444333333333222111111111111111111111122333333344444444444445555555555555
4444444444444444444444444444333333322211111111111111111111111111111111222333333334444444445555555555
3333344444444444444444444333333332221111111111111111111111111111611111111122333333333344444455555555
3333333333344444444444443333333322221111111111161111111111111111111111111111222333333333444444555555
3333333333333444444444443333333333322221111111111111111111111111111111111111222333333333344444555555
3333333333333444444444444443333333333333332221111111111111611111111111111222233333333333344444555555
3333333333334444444444444444444444433333333333333221111111111111122223333333333333333334444444555555
3333333334444444444444444444444444444444444444443333333333333333333333333334444444444444444445555555

5555555555555555555555555555555555555555555555555555555555555555555555555555555555555555555555544111
5555555555555555555555555555555555555555555555555555555555555555555555555555555555555555555555554411
5555555555555555555555555555555555555555555555555555555555555555555555555555555555555555555555555543
5555555555555555555555555555555555555555555555555555555555555555555555555555555555555555555555555544
5555555555555555555555555555555555555555555555555555555555555555555555555555555555555555555555555554
5555555555555555555555555555555555555555555555555555555555544444444445555555555555555555555555555555
5555555555555555555555555555555555555555555555555555554444444444444444444555555555555555555555555555
5555555555555555444444444444444445555555555555555444444443111111111124444444555555555555555555555555
5554444444444444444444444444444444444444444444444444211111111111111111111444445555555555555555555555
4444444444444444444321111111111111111111122111111111111611111111111111111111444445555555555555555555

4444444444444421111111111111111111111111111111111111111111111111111111111111111111111111111111111111
1111111122221111111111111111111111111111111111111111111111111111111111111111111111111111111111111111
1111111111111111111111111111111111111111111111111111111111111111111111111111111111111111111111111111
1111111111111111111111111111111111111111111111111111111111111111111111111111111111111111111111111111
1111111111111111111111111111111111111111111111111111111111111111111111111111111111111111111111111111
1111111111111111111111111111111111111111111111111111111111111111111111111111111111111111111111111111
1111111111111111111111111111111111111111111111111111111111111111111111111111122221111111111111111111
1111111111111111111111111111111111111111111111111111111111111111111111111122344433211111111111111111
1111111111111111111111111111111111111111111111111222222222222211111111122344444444432111111111111111
1111111111111111111111111111111111111111111123444444444444444444444444444444444444444321111111111111

1111111111111111111111111111111111111111111111111111111111111111111112234444555555555555555555555555
1111111111111111111111111611111111111116111111111111111111111111111111112344445555555555555555555555
1111111111111111111111111111111111111111111111111111111111111111111111111123444455555555555555555555
1111111111111223444443332221111111111111111111111111111111111111111111111111234444555555555555555555
1111111111123444444444444444333222222111111111122222222211111111111111111111112444455555555555555555
1111111112244444444444444444444443333222222222222222222221111111111111111111111234445555555555555555
1111122223344444444444444444444444443332222222222222222221111111111111111111111123444455555555555555
1234444433444444444444444444444444443332222222222222222221111111111111111111111112344445555555555555
4444444443334444444444444444444444333222222111112222222221111111111111111111111111234444555555555555
4444444443222233344444444444433333222222111111111112222211111111111111111111111111123444455555555555

5555555555555555444444444444444444444444444444444444444444444444444444444444444444444444444444444444
5555555555555544444444444444444444444444444444444444444444444444444444444444444444444444444433333333
5555555555555444444444444444444444444444444444444444444444444444444444444444444444444444433332222222
5555555555554444444444444444444443334444444444444444444444433333333333333334444444444444333222211111
5555555555554444444444444444444433333333444444444444433333333333333333333333333444444433332222111111
5555555555554444444444444444444444444444444444444433333333333333333333333333333333333333322221111111
5555555555555444444444444444444444444444444444444444333333333333332223333333333333333333322221111111
5555555555555544444444444444444444444444444444444444443333333333333333333333333333333333322221111111
5555555555555555444444444444444444444444444444444444444443333333333333333333333444444433332222111111
5555555555555555554444444444444444444444444444444444444444444333333333333334444444444444333322221111

5555555555555555555555442111111111111111111111111111111111111111111111111112444444555555544411111111
5555555555555555555555444111111111111111111111111111111111111111111124444555555555555555555555541111
5555555555555555555555444311111111111111111111111111111111112344444555555555555555555555555555555431
5555555555555555555554444321111111111111111111111123444444444555555555555555555555555555555555555555
5555555555555555555554444321111111111111111123444444445555555555555555555555555555555555555555555555
5555555555555555555444432111111111111122334444444555555555555555555555555555555555555555555555555555
5555555555555555554442111111111111112334444444455555555555555555555555555555555555555555555555555555
5555555555555555544211111111111111112334444444555555555555555555555555555555555555555555555555555555
5555555555555554411111111111111111111233444444555555555555555555555555555555555555555555555555555555
5555555555555541111111111111111111111112344444555555555555555555555555555555555555555555555555555555

1111111111111111111111111123444444445555555555555555555555555444444444333333333333333333333333333333
1111111111111111111111111223444444444555555555555555555555554444444332221111111222222233333333333333
1111111111111111111111112233444444444455555555555555555555444444433221111111111111222222333333333333
1111112333333222111111122333444444444445555555555555555555444444432211111111111111122223333333333334
1113444444444443332222223334444444444444555555555555555554444444332111111111111112222333334444444444
2444444444444444443333333344444444444444555555555555555554444444332111111111111222333444444444444444
4455555555554444444444444444444444444444455555555555555554444444433221111111222333444444444444444444
5555555555555544444444444444444444444444455555555555555555444444443332222233334444444444444444455555
5555555555555555444444444444444444444444555555555555555555544444444444444444444444444444555555555555
5555555555555555544444444444444444444445555555555555555555555444444444444444444444555555555555555555

5555555555555555555555555555555554444444332222334444444444444444444444444444444444555555555555555555
5555555555555555555555555554444444443211111111111112334444444443322111111112234444444445554444444444
5555555555555555544444444444444433211111111111111111112233333221111111111111112234444444444444444333
5554444444444444444444444444443321111111111111111111111111211111111111111111111123344444444433211111
4444444444444444444444444444333211111111111111111111111111111111111111111111111112334444443321111111
4443222222223333444444444444433221111111111111111111111111111111111111111111111112334444443211111111
3211111111112233344444444444444433221111111111111111112222222111111111111111111223444444443211111111
1111111111112233444444444444444444444332222211112223334444443321111111111112223344444444444321111111
1111111111123344444444444444444444444444444444444444444444444444333333333444444444444444444442111111
1111111112234444444445555555555555555555444444444455555555544444444444444444444444455555444444321111

5555555555555555555555555555555555555555555555555555555555555555555555555555555555555555555555555555
5555555555555554444445555555555555555555555555555555544111111111111111245555555555555555555555555555
5555555555544444444444444555555555555555555555554411111111111111111111111114555555555555555555555555
5555555555444444443334444444555555555555555554411111111111111111111111111111112555555555555555555555
5555555554444443211111134444445555555555555441111111111111111111111111111111111111455555555555555555
5555555544444432111111112344444455555555444111111111111111111111111111111111111111111455555555555555
5555555544444442111111112344444444444444411111111111111111111111111111111111111111111111555555555555
5555555544444444332222334444444444444442111111111111111111111111111111111111111111111111113555555555
5555555554444444444444444444444444444421111111111111111111111111111111111111111111111111111114555555
5555555555544444444444444444444444444311111111111111111111111111111111111111111111111111111111114555

1111111111111111111111111111111111111111111111111111111111111111111111111111111111111111111111111111
1111111111111111111111111111111111111111111111111111111111111111111111111111111111111111111111111111
1111222222222111111111111111111111111111111111111111111111112221111111111111111111111111111111111115
2344444444444443221111111111111111111111111111611111111123444444431111111111111111111111111111111555
4444444444444444444322211111111111112221111111111111111244445555444211111111111111111111111111145555
4555555555555544444444332222222233333443332221111111122444455555554421111111111111111111111112555555
5555555555555555444444444333334444444444444332211111123444555555554442111111111111111111111155555555
5555555555555555444444444444444444444444444432211111122444455555554444211111111111111111124555555555
5555555555555555444444444443344444444444444322111111112344445555554444321111111111111114555555555555
5555555555555544444444433332233333444443332211111111111123444444444444321111111111114455555555555555

1111111111111111111111111111111111111111111111111111111111111111111111111111111111111111111111111111
1111111111111111111111111111111111111111111111111111111111111111111111111111111111111111111111111111
1111111111111111111111111111111111111111111111111111111111111112222222222222111111111111111111111111
1111111111111111111111111111111111111111111111111111111111122233444444444443333221111111111111111111
1111111111111111112222221111111111111111111111111111111122233444444444444444444443322111111111111111
1111111111111122334444333221111111112222222221111222222233344444444444444444444444444322111111111111
1111111111112344444444444333222222233333333322222222333334444444444444444444444444444444332221111111
1111111112344444444444444444333333344444443333333333334444444444444455555555555554444444444444444333
1111123344444444444444444444444444444444444444333334444444444444445555555555555555555444444444444444
1233444444445555555555444444444444444444444444444444444444444444555555555555555555555555555555555555

5555555555555555554444444444444444444444444444444332111111111111111111111111111111111111111111111244
5555555555554444444444444444444444444444444443221111111111111111111111111111111111111111111111111444
5555555544444444444444444444444444444444332211111111111111111111111111111111111111111111111111114444
5555544444444444444444444444444444443221111111111111111111111111111111122233444332211111111111244445
5554444444444443322222223333344433322111111111111111111111111111111234444444444444444444433344444445
4444444444432111111111111112222222211111111111111111111111111111234444444444444444444444444444444455
4444444421111111111111111111111222111111111111111111111111111123444444444444444444444444444444444555
4444321111111111111111111111111122211111111111111111111111122344444444444445555555555555544444555555
3211111111111111111111111111111122221111111111111111111112234444444444444555555555555555555555555555
1111111111111111111111111111111122222221111111111111112234444444444444455555555555555555555555555555

5555555555555554222234455555555555555555555555555555555555555555555544444444444444444455555555555555
5555555555555542111124455555555555555555555555555555555555555555555554444444444444444455555555555555
5555555555555521111123445555555555555555555555555555555555555555555554444444444444444445555555555555
5555555555555411111113444555555555555555555555555555555555555555555544444444444444444444455555555555
5555555555555211111112444444444444444555555555555555555555555555554444444444443344444444444555555555
5555555555555211111112344444444444444444444445555555555555555544444444433333222222333334444444455555
5555555555554111111111222332222222233333444444444444444444444444443332222211111111112222233344444444
5555555555554111111111111111111111111111122222333344444444433332222111111111111111111111111222233444
5555555555552111111111111111111111111111111111111111122221111111111111111111111111111111111111111122
5555555555541111111111111111111111111111111111111111111111111111111111111111111111111111111111111111

1111113444444444444444444443333344444444445555555555555555555555555555555555555544444443111111111111
1111111113344444444444432111111111111112344444444444444444444444455555555444444444444443111111111111
1111111111112333444433211111111111111111111113344444444443334444444444444444444444444443311111111111
1111111111111112333331111111111111111111161111111233221111111123344444444444333333444444431111111111
1111111111111111223211111111111111111111111111111111111111111111233334444333333344444444444311111111
1111111111111111333321111161111111111111111111111111111111111111233344444444444444444444444441111111
1116111111111233333333211111111111111111111111112333333333333333444444444444444444445555555544311111
1111111111233444444444431111111111111111611111334444444444444444444444444444444555555555555555441111
1111111334444444444444444321111111111111111234444444444444444444455555555555555555555555555555554111
1113344444444444445544444444432111111113344444455555555555555555555555555555555555555555555555555411

1111111111111111111111111111111111111111111111111111111111111111111111111111111111111111111111111111
1111111111111111111111111111111111111111111111111111111111111144445555554431111111111111111111111111
1111111111111111111111111111111111111111111111111111111134455555555555555555441111111111111111111111
1111111111111111111111111111111111111111111111111114444555555555555555555555555441111111111111111111
1111111111111111111111111111111111111111344444444445555555555555555555555555555555411111111111111111
1111111111111111111116111111111111134444444444445555555555555555555555555555555555544111111111111111
1111111111111111111111111112234444444444444445555555555555555555555555555555555555555421111111111111
1111111111112344444444444444444444444444444455555555555555555555555555555555555555555543111111111111
1611111344444444444444444444444444444444444444555555555555555555555555555555555555555544211111111111
1112444444444445444444444444444444444444444444445555555555555555555555555555555555555554411111111111

1111111111111111111111111111111111111111111111111111222233344444444444554444443221111111111111111111
1111111111111111111111111111111111111111111111112222344444445555555555555555444322211111111111111111
1111111111111111111111111111111111111111111112223344444555555555555555555555554442221111111111111111
1111111111111111111111111111111111111111122222334444555555555555555555555555554443221111111111111111
1111111111111111111111111112222222222222222233444455555555555555555555555555554443222111111111111122
1111111111111111111111112222233333333222223334444555555555555555555555555555544443221111111111112223
2111111111111111111122222233344444433333333344444555555555555555555555555544444332221111111111122234
3222222222222222222222233344444444444333333344444455555555555554444444444444332222111111111111122344
4444433332222222222333344444444444444333333334444444555555444444444333332222221111111111111111122344
5544444444333333333334444444444444444333322333344444444444444332222222211111111111111111111111122344

5555555555555555555555555555555555555555555555555555555555555444443211111111111112444555555555555555
5555555555555555555555555555544444444444444444455555555544444432111111111111111111113444555555555555
4444444444445555555555555444444333222222333444444444444444331111111111111111111111111123444445555555
1111111233444444444444444444321111111111111113333444444332111111111111111111111111111111113344444444
1111111111123444444444444331111111111116111111112233332111111111111111111111111111111111161111111123
1111111111111133344443332111111111111111116111111111111111111111111111111111111111111111111111111111
1111111111111111233333211111111111111111111111111111111111111111111111111111111111111111111111111111
1111111111111111112221111111111111111111111611111111111111111111111111111111111111111111111111111111
1111111111111111111111111111111111111111111111111111111111111111111111111111111111111111111111111111
1111111111111111111111111111111111111161111111111223322111111111111111111111111111111111111111111111

5555555555555555555555555555555555555555555555544444444444555555555555555555555555555555555555555555
5555555555555555555555555555555555555555554444321111111111123445555555555555555555555555555555555555
5555555555555555555555555555555555555554444211111111111111111111344555555555555555555555555555555555
5555555555555555555555555555555555555444321111111111111111111111111344555555555555555555555555555555
5555555544444444444444445555555555444443111111111111111111111111111112445555555555555555555555555555
5444444444444444444444444444444444444431111111111111111111111111111111124455555555555555555555555555
4444444444443333333344444444444444444321111111111111111111111111111111111244555555555555555544445555
4444444433332222222333444444444444444321111111111111111111111111111111111113444555555554444322122344
4444443333222222222233444444444444444321111111111111111111111111111111111111244444444444321111111111
4444443332222222222333444444444444444421111111111111111111111111111111111111123444444421111111111111

5555555555555555555555555555555555555411111111111111111111111133444333333333222211111111111111111111
5555555555555555555555555555555555555211111111111111111111111134444333333333222221111111111111111111
5555555555555443211244555555555555554111111111111111111111111244444433333333332222111111111111111111
5555555555544211111111345555555555542111111111111111111111112344444444333333333332221111111111111111
5555555554431111111111113455555555441111111111111111111111113444444444444444443333332221111111111111
5555555544311111111111111134455544431111111111111111111111134444444444444444444444433333221111111111
5555554443211111111111111112344444321111111111111111111111344555555544444444444444444444333322111111
5555554443211111111111111111123333332111111111111111111124445555555555555444444444444444444443332211
5555554443311111111111111111123334433211111111111111112344555555555555555555555555554444444444444443
5555554444432111111111111111123444444443211111111111244455555555555555555555555555555555555555444444

5555555544421111111111111111111111111111111111111111111111111111111111111111455555555555555555555555
5555555544441111111111111111111111111111111111111111111111111111111111111111145555555555555555555555
5555555544444211111111111111111111111111111111111111111111111111111111111111114555555555555555555555
5555555544444443211111111111111111111111111111111111111111111111111111111111111455555555555555555555
5555555544444444443111111111111111111111111111111111111111111111111111111111111145555555555555555541
5555555554444444444421111111111111111111444444444444444444111111111111111111111114455555555555554111
5555555554444444444444422111111134444445555555555555555555544421111111111111111111144555555555411111
5555555555444444444444444444444445555555555555555555555555555554442111111111111111112444444441111111
5555555555544444444444444455555555555555555555555555555555555555555441111111111111111112321111111111
5555555555555444444444555555555555555555555555555555555555555555555554411111111111111111111111111111

5555555555555541111111111111111111111111111111111111111111111111111111111111111111111111111111111111
5555555555555431111111111111111111111111111111111111111111111111111111111111111111111111111111111111
5555555555554411111111111111112222211111111111111111111111111111111111111111111111111111111111111111
5555555555554211111111111111234444432211111111111111111111111111111111111111111111111111111111111111
5555555555541111111111111111234444443222111111111111111111111111111111111111111111111222334444444444
5555555555411111111111111111223444433222111111111111111111111111111111112233444444444444444555555555
5555555544111111111111111111112222221111111111111111111111111111111111234444444444444455555555555555
5555555421111111111111111111111111111111111111111111111111111111111111244444444444555555555555555555
5555554111111111111111111111111111111111111111111111111111111111111111234444444444555555555555555555
5555531111111111111111111111111111111111111111111111111111111111111111112344444444445555555555555555

2333333444444444433333333333333333332222222211111111112222233333333333333333333333333333333334444445
1223333333333333333333333333322222222221111111111111111111122222233333333333333333333333333333334444
1122333333333333333333332222222221111111111111111111111111111112222222222222222222222222222233333444
1112222222222222222222222222221111111111111111111111111111111111112222222222222222222222222222333344
1111111222221111111122222222111111111111111111111111111111111111111222222222222222222222222222233344
1111111111111111111111111111111222222222222111111111111111111111122222222233333333333222222222333344
1111111111111111111111111122222222222222222222222211111111111222222223333333333333333333322223333344
1111111111111111111111111222222233333333333333333222222222222222333333333333333333333333333333333444
1111111111111111111111122222233333333333333333333333333333333333333333333444444444444333333333344444
1111111111111111111111222233333333333444444444444433333333333333334444444444444444444444444444444445

5555554444444444444444444444444444443333332222222222221111111111111111111111111111111111145555555555
5444444444444444444444444444444444443333332222222233333332221111111111111111111111111124555555555555
4444444444333444444444444444444444433333333333333333334444433332211111111111111111123455555555555555
4443333333333333333344444444444444333333333333333344444444444444444333222111222344555555555555555555
3333333322222233333333333344444333333333333333334444445555555555555555555555555555555555555555555555
3322222222222222223333333333333333333333333333344444555555555555555555555555555555555555555555555555
2222111111111112222222333333333333333333333334444455555555555555555555555555555555555555555555555555
1111111111111111111222222333333333333333333344444555555555555555555555555555555555555555555555555555
1111111111111111111112222223333333333333333444445555555555555555555555555555555555555555555555555555
1111111111111111111111122222233333333333344444455555555555555555555555555555555555555555555555555555

5555555555555555555555555555544444433222222111111111111122222222233334444455555555555555555555555555
5555555555555555555555544444444333222221111111111111111111222222222233344444455555555555555555555555
5555555555444444444444444444333222222111111111111111111111112222222222333444444555555555555555555555
5555555444444333333444433333222222111111111111111111111111112222222222233344444444555555555555555555
5555544444333333333333333322222221111111111111111111111111112222222222223333444444444555555555555555
5554444433322222222222222222222211111111111111111111111111222222222222222333344444444444444555555555
5544443332222222222222222222222211111111111111111111111122222222222222222333334444444444444444555555
4444433322222222222222222222222221111111111111111111122222222222222222222333333444444444444444444555
4444333322222222222222222222222222211111111111111122222223333333333333333333333344444444444444444445
4444333322222222223333333332222222222222222222222222233333444444433333333333333333333333333344444444

1111111111111113444445555555555555555555555555555555555555555555555555555555555555555555555555544444
1111111111111134444444555555555555555555555555555555555554444444444444444444444444444444444444444442
1111111111111344444444445555555555555555555555555555544444444333444444444444444444444444444444444311
1111111111113444444444444445555555555555555555555544444431111111111111233334444444444444444444432111
1111111111244444444444444444445555555555555555444444443111111111111111111123334444444444444444321111
1111111134444444444444444444444444445555444444444444421111111111111111111112334444444444444444321111
1111134444444444444444444444444444444444444444444444311111111111111111111133444444444444444444432111
3344444444444444444444444444444444444444444444444444311111111111111111123444444444444444444444444211
4444455555555555544444444444444444444444444444444444432111111111111113444444444444555555444444444431
5555555555555555555544444444444444444444444444444444444432111111234444444444555555555555555555444444

5554432111111111111111111111111111111111111111111112233333333333333333332211111111111111111111111111
5555443211111111111111111111111111111111111111111122222222223333333333332211111111111111111111111111
5555544311111111111111111111111111111111111111111122222222222333333333332111111111111111111111111111
5555554432111111111111111111111111111111111111111122221111112223333333322111111111111111111111111111
5555555443211111111111111111111111111111111111111112211111111222333333222111111111111111111111111111
5555555544331111111111111111111111111111111111111111111111111122223332221111111111111111111111111111
5555555554443211111111111111111111111111111111111111111111111112222222211111111111111111111111111111
5555555555544331111111111111111111111111111111111111111111111111222222111111111111111111111111111111
5555555555554443211111111111111111111111111111111111111111111111122211111116111111111111111111111111
5555555555555544432111111111111111111111111111111121111111111111111111111111111111111111111111111111

5555555555555555555555555555555555555555555555555555555555555555554411111111111111111111111111111111
5555555555555555555555555555555555555555555555555555555555555555554421111111111111111111111111111111
5555555555555555555555555555555555555555555555555555555555555555554441111111111111111111111111111111
5555555555555555555555555555555555555555555555555555555555555555544443111111111111111111111111111111
5555555555555555555555555555555555555555555555555544444444444444444444311111111111111111111111111111
5555555555555555555555555555555555555555555554444444333333444444444444421111111111111111111111111111
5555555555555555555555555555555555555555554444432111111111122344444444431111111111111111111111111111
5555555555544444444444444444444555555444444321111111111111111123444444431111111111111111111111111111
5555544443211111111111111223344444444444321111111111111111111111234444421111111111111111111111111111
5544211111111111111111111111111112222211111111111111111111111111112333211111111111111111111111111111

5555555555555555555555555554444421111111111111111111111111111111111111111111111111111111244444455555
5555555555555555555555555555544444421111111111111111111111111111111111111111111111122444444445555555
5555555555555555555555555555554444442111111111111112222222222112222222223333444444444444444455555555
5555555555555555555555555555544444442111111111111111122222222222344444444444444444444444444555555555
5555555555555555555555555554444444311111111111111111111111111111122444444444444444444444444455555555
5555555555555555555444444444444411111111111111111111111111111111111111223444444444444444444444555555
5555555555555444444444444432111111111111111111111111111111111111111111111111112223344444444444444555
5555555555444442111111111111111111111111111111111111111111111111111111111111111111111111112344444444
5555555444311111111111111111111111111111111111111111111111111111111111111111111111111111111111111134
5555444111111111111111111111111111111111111111111111111111111111111111111111111111111111111111111111

5555555555555555555555555555555555555555555555555555555555555555555555555555555555555555555555555555
5555555555555555444444444445555555555555555555555555555555555555555555555555555555555555555555555555
5555555555444444322222234444444444444444444444444444455555555555555555555555555555555555555555555555
5555444444222111111111111111122222334444444444444444444455555555555555555555555555555555555555555555
4444442211111111111111111111111111111222222222222223444444555555555555555555555555555555555555555555
2221111111111111111111111111111111111111111111111122244444455555555555555555555555555555555555555555
1111111111111111111111111116111111111111111111111112224444445555555555555555555555555555555555555555
1111111111111111111111111111111111111111111111111111223444444555555555555555555555555555555555555555
1111111111111111111111111111111111111111111111111111223444444455555554444444455555555555555555555555
1111111111111111111111111111111111111111111111111112224444444444454444444444444444444555555555555555

4455555555444444444444444444311111111111111111111111111111111111111111111111111111111111111124444311
4444444444444444443332222111111111111111111111111111111111111111123443211111111111111113444555555555
1111222222111111111111111111111111111111111111111111111111111344444444444431111111244445555555555555
1111111111111111111111111111111111111111111111111111111111344444445455444444444444445555555555555555
1111111111111111111111111111111111111111111111111111111344444445555555555544444455555555555555555555
1111111111111111111111111111111111111111111111111111244444445555555555555555555555555555555555555555
1111111111111111111111111111111111111111111111111234444444555555555555555555555555555555555555555555
1111111111111111116111111111111111111111111111234444444455555555555555555555555555555555555555555555
1111111111111111111111111111111111111111111234444444445555555555555555555555555555555555555555555555
1111111111111111111111111111111111111112234444444445555555555555555555555555555555555555555555555555

1111123444444322111111111111124455555555555555555555555555555555555544444443333344444444444444444444
1111122333322111111111111111111134555555555555555555555555555555554444444433333344444444444444444455
1111122222211116111111111111111112445555555555555555555555555554444444443333333344444444444444444555
1111122222111111111111111111111111234455555555555555555555544444444444333333333344444444444444444555
1111222222111111111111111111111111123444445444444444444444444444444433333333333344444444444444444555
1122333322111111111111111111111111112344444444444444444444444444433333333333333344444444444444444555
2344444432211111111111111111111111111234444444443333444444444333333333333333333444444444444444444555
4444444444321111111111111111111111111233444433333333333333333333333333333333334444444444444444444555
5555555444443211111111111111111111112233444333333333333333333333333333334444444444444444444444444555
5555555555444422111111111111111111122334444444433333333333333334444444444444444444444444444444444555

1111111111111111111112234444444444422111111111111111111111111111111111111111111111111111111111111111
1111111111111111111224444444444444444421111111111111111111111111111111111111111111111111111111111111
1111111111111111112444444555555555554444321111111111111111111111111111111111111111111111111111111111
1111111111111111124444455555555555555544444211111111111111111111111111111111111111111111111111111111
1111111111111111244445555555555555555555444442111111111111111111111111111111111111111111111111111111
1111111111111112344455555555555555555555554444422111111111111111111111111111111111111111111111112444
1111111111111112444555555555555555555555555444444322221111111111111111111111111111111111111124445555
1111111111111124444555555555555555555555555544444444332222222111111111111111111111111111224445555555
1111111111111244445555555555555555555555555554444444444332222222211111222222222222222234444555555555
1111111111111244455555555555555555555555555555444444444332222221111111122222222222344444445555555555

5555555555555555555555555554444444444444444444444444332222222221111111111111111111111111111111111111
5555555555555555555555555444444444444444444444444444433222222222222222222222211111111111111111111111
5555555555555555555555555444444444444444444444444444443322222222222222222222222222222221111111111111
5555555555555555555555554444444444444444444444444444444332222222222223344444444444433222222111111111
5555555555555555555555544444444444444444444444444444444332222222223344444444444444444444322222222111
5555555555555555555555544444444444444444444444444444443332222222233444444444444444444444444322222222
5555555555555555555555444444444444444444444444444444433322222222234444444444455555544444444444322222
5555555555555555555554444444444444444444444444444444332222222222234444444445555555555444444444443333
5555555555555555555554444444444444444444444444444433222222222222223444444445555555555544444444444444
5555555555555555555554444444344444444444444444443332222222222222222344444444555555555544444444444444

5555555555555555555555555555555555555555555555555555555555555554444444444433333322211111111234444555
5555555555555555555555555555555555555555555555555555555555444444444433322221111111111111111112344455
5555555555555555555555555555555555555555555555555555544444444443322111111111111111111111111111244445
5555555555555555555555555555555555555555555544444444444443322111111111111111111111111111111111134445
5555555555555555555555555555555555555544444443333332211111111111111111111111111111111111111111134445
5443111111111111344445555555555544444321111111111111111111111111111111111111111111111111111111234444
1111111111111111111111344444444432111111111116111111111111111111111111111111111112222111111112344445
1111111111111111111111111111111111111111111111111116111111111111111111111111111223333333222333444445
1111111111111111111111111111111111111111111111111111111111111111111111111111112334444444444444444455
1111111111111111111111111111111111111111111111111111111111111111111111111111233444444444444444444555

1111111111111111111111111111111111111111111111111112233443322211111111111111111111111111111111111111
1111111111111111111111111111111111111111111111111112222222211111111111111111111111111111111111111111
1111111111111111111111111111111111111111111111111111222111111111111111111111111111111111111111111111
1111111111111111111111111111111111112444443221111111111111111111111111111111111111111111111111111111
1111111111111111111111111111111124444444444432221111111111111111111111111111111111111111111111111111
1111111111111111111111111111124445555554444443222222211111111111111111111111111111111111111111111111
1111111111111111111111111144455555555555544444432222222211111111111111111111111111111111111111111111
1111111111111111111112444555555555555555554444443333332222222211111111111111111111111111111111111111
1111111111111113444555555555555555555555555444444444444444444444333333222222221111111111111111111111
1111111244455555555555555555555555555555555544444444444444444444444444444444444444433222211111111111

4444444444444444455555555555555555555555555555555555555555555555555555555555555555555555555555555555
4444444444444444444445555555555555555555555555555555555555555555555555555555555555555555555555555555
1111111111111234444444455555555555555555555555555555555555555555555555555555555555555555555555555555
1111111111111111244444444555555555555555555555555555555555555555555555555555555555555555555555555555
1111111111111111113444444445555555555555555555555555555555555555555555555555555555555555555555555555
1111111111111111111444444444555555555555555555555555555555555555555555555555555555555555555555555555
1111111111111111111444444444555555555555555555555555555555555555555555555555555555555555555555555555
1111111111111111112444444445555555555555555555555555555555555555555555555555555555555555555555555555
1111111111111111114444444455555555555555555555555555555555555555555555555555555555555555555555555555
1111111111111111144444444555555555555555555555555555555555555555555555555555555555555555555555555555

5555555555555555555555555555555544444211111111111111111111111111111111111111111111111111111611111111
5555555555555555555555555555555554444442111111111111111111112234444444444444443222223444444455554444
5555555555555444444555555555555555444444422111111123444444444445555555555555555555555555555555555555
5555555555544444444455555555555555544444444333334444444445555555555555555555555555555555555555555555
5555555554444444444445555555555555544444444444444444445555555555555555555555555555555555555555555555
5555555544432222444444555555555555544444444444444444455555555555555555555555555555555555555555555555
5555554441111111134444455555555554444444444434444444445555555555555555555555555555555555555555555555
5555443111111111112444444455554444444444322222234444444555555555555555555555555555555555555555555555
5544411111111111111134444444444444444321111111111234444445555555555555555555555555555555555555555555
5441111111111111111111244444444443211111111111111111234444445555555555555555555555555555555555555555

5555544444444444444444444444444444444444444444444444444444444444444444433444444555555555555555555555
5554444444444444444444444444444444444444444444444433333333334444443333333333444555555555555555555555
5444443333333333333344444444444444444444444443333333333333333333333333333333344455555555555555555555
4444333332222223333333333334444444444333333333333333333333333333333333333333334455555555555555555555
4443332211111111122233333333333333333333333333333333333333333333333333322223334445555555555555555555
4433211111111111111112223333333333333333333333332222223333333333333222221222333445555555555555555555
4332111111111111111111111222222222222222222222222222222222222222222111111112333445555555555555555555
3332111111111116111111111111111111111111111111111111111111111111111111111111233445555555555555555555
3321111111111111111111111111111111111111111111111111111111111111111111111111233445555555555555555555
3321111111111111111111111111111111111111111111111111111111111111111111111111233445555555555555555555

1111111114444555555555555555555555555555555555555555555555555555555555555555555555555555555555555555
1111111111113444444445555555555555555555554444444444444455555555555555555555555555555555555555555555
1111111111111111111112344444444444444444421111111111111124445555555555555555555555555555555555555555
1111111111111111111111111111111111111111111111111111111111144455555555555555555555555555555555555555
1111111111111111111111111111111111111111111111111111111111111444555555555555555555555555555555555555
1111111111111111111111111111111111111111111111111111111111111144455555555555555555555555555555555555
1111111111111111111111111111111111111111111111111111111111111114444555555555555555444444444444455555
1111111111111111111111111111111111111111111111111111111111111113444445555555554444442111111111344455
1111111111111111111111111111111111111111111111111111111111111124444444555544444442111111111111112444
1111111111111111111111111111111111111111111111111111111111111344444445554444444421111111111111111134

1111111111111111233444444455555555555555555555555555555555555555555555555555555555554431111111111111
1111111111111112233444444445555555555555555555555555555555555555555555555555555555554442111111111111
1111111111111112233444444445555555555555555555555444444444444555555555555555555555544443211111111111
1111111111111111233344444444555555555555555555544444333333334444444555555555555555444444321111111111
1111111111111111223334444444445555555555555554444331111111111123334444444444444444444444333111111111
1111111111111111122333444444444555555555555444433111111111111111111123344444444444444444444332111111
1111111111111111111223334444444444455554444444321111111111111111111111111223333333344444444444331111
1111111111111111111112233344444444444444444433111111111111111111111111111111111122333344444444444311
1111111111111111111111112333344444444444443321111111111111111111111111111111111111123344444444444443
1111111111111111111111111112233333444433332111111111111111111111111111111111111111111334444555555544

1122222223444555555555555555555555555555555555555555555555555555555555555544444444443333222221111111
2222222333445555555555555555555555555555555555555555555555555555555555555555555444444444333322222111
4433333344445555555555555555555555555555555555555555555555555555555555555555555555544444444433332222
4444444444445555555555555555555555555555555555555555555555555555555555555555555555555555444444443333
5554444444445555555555555555555555555555555555555555555555555555555555555555555555555555555444444444
5555554444455555555555555555555555555555555555555555555555555555555555555555555555555555555555554444
5555555544455555555555555555555555555555555555555555555555555555555555555555555555555555555555555555
5555555554444455555555555544444444333333333444445555555555555555555555555555555555555555555555555555
5555555554444444444444443332222111111111111122233444455555555555555555555555555555555555555555555555
5555555554444444433332221111111111111111111111111223344444555555555555555555555555555555555555555555

5555444444444443333333333444444444444433333333333333222221111111111111111111111111111111111111555555
5554444444444333333333333333333333333333333333222222211111111111111111111111111111111111111111145555
5544444444443333333333333333333333333333322222222111111111111111111111111111111111111111111111111455
5544444444443333333333333333333333333332222222111111111111111111111111111111111111111111111111111135
5554444444444333333333333333333333333333222222111111111111111111111111111111111111111111111111111111
5555444444444444433334444444444433333333332222211111111111111111111111111111111111111111111111111111
5555544444444444444444444444444444444333333322222111111111111111111111111111111111111111111111111111
5555555544444444444444444444444444444444433333332221111111111111111111111111111111111111111111111111
5555555555554444444444444444444444444444444443333332211111111111111111111111111111111111111111111111
5555555555555555555555555555555444444444444444444333322111111111111111111111111111111111111111111111

1111116111111112344444444555555555555555555555555555555555555555555555544444442111111111111111611111
1111111111111111124444444444444455555555555555555555555555555555555544444443111111111111111111111111
1111111111111111112344444444444444444444555555555555555555555555544444444211111111111111111111161111
1111111111111111112234444444444444444444444444444455555555454444444444321111111111111111111111611111
1111111111111222233333444444444444444444444444444444444444444444444432111111111111111111111111111111
1134444444444444444444444443333222222223334444444444444444444444443211111111111111111111111111111111
4444444444444444444444444444432221111111111122334444444444444444321111111111111111111111111111111134
4455555555554444444444444444444322111111111111122334444444444433221111111111111111111111111111134444
5555555555555555555544444444444443322111111111112233344444444443332221111111111111111111112344444444
5555555555555555555555555444444444444332222222223344444444444444444444444444444444444444444444445555

1111111112233444444444444444444444443333333333333333334444444444444443332221111111111111223444455555
1111111111122233444444444444433333333333222222222233333444444444444443332221111111111111234444555555
1111111111112222333333333333333333322222222222222223333344444444444444332221111111111112234444555555
1111111111111222233333333333333333222222222222222223333344444444444444332221111111111112244444555555
1111111111111222233333333333333333333222222222222233333444444444444444332221111111111112344445555555
1111111111111222233344444444443333333333333333333333334444444444444444332222111111111122444445555555
1111111111112223334444444444444444444443333333333333444444444444444444433222111111111123444455555555
1111111111112233444444444444444444444444444444444444444444444444444444433222211111111224444455555555
1111111111122344444444444444444444444444444444444444444444444444444444443322211111112234444555555555
1111111111223444444444444444444444444444444444444444444444444444444444443322222111222344444555555555

1111111112334444444444444444555555555555555555555555555555555555555555555555555444444444455555555555
1111111112234444444444444444444444444455555555555555555555555555555555555555444444444444445555555555
1111111112233333333444444444444444444444445555555555555555555555555555555544444444333344444455555555
1111111111222222222222222222222222223344444445555555555555555555555555544444443322222222344445555555
1111111111122222211111111111111111111122334444444555555555555555555544444444322211111112234444555555
1111111111111111111111111111111111111111112234444444445555555554444444444332211111111111122444555555
1111111111111111111111111111111161611111111112233444444444444444444444332221111111111111112244455555
1111116111111111111111111111111111111111111111112223334444444444443322221111111111111111111224445555
1111111111111111111111111111111111111111111111111111122222222222222211111111111111116111111123444555
1111111111111111111111111111111111111111111111111111111111111111111111111111111111111116111112344555

1111111111111111111111111111111111111111111111111111111111111111111111111111111344455555555555555555
1111111111111111111111111111111111111111111111111111111111111111111111111111113444455555555555555555
1111111111111111111111111111111111111111111111111111111111111111111111111111134444455555555555555555
1111111111111111111111111111111111111124444444444211111111111111111111111111234444455555555555555555
1111111111111111111111111111111111113444444444444443111111111111111111111111134444445555555555555555
1111111111111111111111111111111111144444455555444444421111111111111111111111111344445555555555555555
1111111111111111111111111111111112444444555555544444431111111111111111111111111113444555555555555555
1111111111111111111111111111111113444444555555444444421111111111111111111111111111244455555555555555
1111111111111111111111111111111113444444445544444444211111111111111111111111111111114445555555555555
1111111111234444433111111111111111344444444444444421111111111111111111111111111111111444555555555555

1111111111111111111111111111111111111111111111111111111111111111111111111111111111111111111111111111
1111111111111111111111111111111111111111111111111111111111111111111111111111111111111111111111111111
1111111111111111111111111111111111111111111111111111111111111111111111111111111111111111111111111111
1111111111111111111111111111111111111111111111111111111111111111222222222222211111111111111111111111
1111111111111111111111111111111111111111111111111111111111122222333333333332222111111111111111111111
1111111111111111111111111111111111111111111111111111111222223333444444444443332221111111111111111111
1111111111111111122222333222222211111111111111111112222233334444444444444444333222211111111111111111
1111111111223444444455544444444443332222222222222222333344444444444444444444443322222222222222222211
1111112344455555555555555555555544444444333333333333444444444444444444444444443332222222222222332222
1123445555555555555555555555555555555444444444444444444444444444444444444444444333222222222333333332

5555555555555555555555555555555555555555555555555555555555555555555555555555555555555555555555555555
5555555555555555555555555555555555444444444444444444455555555555554444444555555555555555555555555555
5555555555555555555555555555444444444333333322223333344445555554432111111111233344433333322233334455
4444455555555555555555444444444443333322111111111112333444444443211111111111111111111111111111111111
4444444444444444444444444444433333322111111111111111233344444432111111111111111111111111111111111111
3333344444444444444444444433333332221111111111111112233344444432111111111111111111111111111111111111
3333333333444444444444443333333333222211111111112233334444444432111111111111111111111111111111111111
2222233333333444444444443333333333333333333333333344444555555443111111111111111111111111111111111111
1112223333333444444444444444444444333334444444444445555555555554311111111111111111111111111111111111
1112223333334444444444444444444444444444444555555555555555555555431111111111111111111111111111111111

4422111111111111111111111111111111111111111111111111111111111111111111111111111111111111111111111111
5444422111111111111111111111111111111111111111111111111111111111111111111111111111111111222221111111
5554444321111111111111111111111222222222222222222222221111111111111111111111111111122222222222222211
5555554443211111111111111112222344444444444444444444444322221111111111111111111112222234444443222222
5555555444422111111111111222444444444444444444444444444444442222221111111111112222223444444444443222
5555555554442211111111112244444444444444455555555555555444444444322222222222222222224444444444444322
5555555555444221111111122344444444444444555555555555555554444444444322222222222222222344444444444322
5555555555544422111111222444444444444444455555555555555555544444444432222222222222222222223332222222
5555555555544442211111222344444444444444444555555555555555544444444432222222211122222222222222222222
5555555555544442221111222222234444444444444444555555555555444444444322222111111111111111111111222222

5555555555555555555555555555555555555554444444444444444444443322222111111111111112222344444445555555
5555555555555555555555555555555555555544444444444444444444444443222222111111111112222344444444555555
5555555555555555555555555555555555554444444444444444444444444444332222211111111112222234444444445555
5555555555555555555555555555555544444444444444444444444444444444432222211111111112222223444444444455
5555555555555555555555555554444444444444434444444444444444444444432222211111111111122222223344444444
4455555555555555555555444444444433222222222223344444444444444444322221111111111111111112222222223344
2444555555555555555444443222222222211111112222223344444444444432222211111111111111111111111111122222
1223444555555555444432221111111111111111111111122223344444433222211111111111111111111111111111111111
1111224444444444432211111111111111111111111111111122222222222221111111111111111111111116111111111111
1111111222222222211111111111111111111111111111111111111111111111111111111111111111111111111111111111

1111111111111111111111345555555555555555555555555555555555555555555555555555555555555555555555555555
1111111111111111111111124455555555555555555555555555555555555555555555555555555555555555555555555555
1111111111111111111111111244555555555555555555555555555555555555555555555555555555555555555555555555
1111111111111111111111111112444555555555555555555555555555555555555555555555555555555555555555555555
1111111111111111111111111111123444455555555555555555555555555555555555555555555555555555555555555555
4431111111111111111111111111111123444444555555555555555555554444445555555555555555555555555555544443
5555441111111111111111111111111111122344444444444444444444444444444444444555555555555555554444432111
5555555431111111111111111111111111111122233444444444444433322222222233444444444555444444444321111111
5555555555442111111111111111111111111111122223333333332221111111111111223344444444444433211111111111
5555555555555444321111111161111111111111112222222222222111111111111111111223333333332211111111111111

5555555555555555444443332222222222211111111111111111111111111111111111111111111111111111111111111233
5555555555555555444444333333333333322111111111111111111111111161111111111112222222221111111111111233
4444444455555544444444333333333333321111116111111111111111111111111111111111222222211111111111111233
1223344444444444444443333333333322211111111111111111111111111111161111111111111111111111111111111233
1111111233444444443332221111111111111111111111111111111111111111111111111111111111111111111111111123
1111111111122333221111111111111111111111111111111111111111111111111111111111111111111111111111111112
1111111111111111111111111116111111111111111111111111111111111111111111111111111111111111111111111111
1111111111111111111111111111111111111111111111111111111111111111111111111111111111111111111111111111
1111111111111111111111111111111111111111111111111111111111111111111111111111111111111111111111111111
1111111111111111111111111111111111111111111111111111111111111111111111111111111111111111111111111111

5555555555555555555555544444444444444445555555555555555555555555554444443333332222222222222222222222
5555555555555555555554444444444444444455555555555555555555555555555544444444433332222222222222222222
5555555555555555555444444444444444444555555555555555555555555555555554444444443332222222222222111111
4444555555555555444443333334444444445555555555555555555555555555555555444444443332222222222211111111
1112222344444444443222222223444444445555555555555555555555555555555555444444443322222222211111111111
1111111122222222222222222222344444444555555555555555555555555555555555444444332222222221111111111111
1111111111111111111111122222234444444455555555555555555555555555555554444433222222222111111111111111
1111111111111111111111111222223444444445555555555555554444444455555444443322222221111111111111111111
1111111111111111111111111112222234444444445555555554444444444444444444322222211111111111111111111111
1111111111111111111111111111122222233444444444444444332222222223333322222111111111111111111111111111

2222233444444444444444444444555555555555555555555555555444221112234444555555544432111161111111111111
2233444444444444444444444555555555555555555555555555555554444444455555555555555554443211111111111111
2334444444444444444444455555555555555555555555555555555555444445555555555555555555554443221111111112
2334444444444444444444555555555555555555555555555555555555444455555555555555555555555544432222222222
2233444444444444444444455555555555555555555555555555555554444455555555555555555555555544443222222233
1222334444444444444444444445555555555555555555555555555544444445555555555555555555555544432222222222
1112222333444444444444444444444555555555555555555555544432222244555555555555555555555444221111111112
1111111222222222222222222233344444444555555555555444422111111112445555555555555555554422111111111111
1111111111111111111111111111111222223334444444322211116111111111124455555555555554442111111111111111
1111116111111111111111111111111111111111111111111111111111111111111124455555554442111611111111111111

5555555554444444432211111111111111111223344444444444444444444455555555555555555555555555555555555555
5555554444441111111111111111111111111111111111111111223444444444444444444555555555555555555555555555
5555444441111111111111111111111111111111111111111111111111111111111112444444455555555555555555555555
5554444111111111111111111111111111111111111111111111111111111111111111111134444455555555555555555555
5444411111111111111111111111111111111111111111111111111111111111111111111111244444445555555555555555
4443111111111111111111111111111111111111111111111111111111111111111111111111112444444444444444444444
4421111111111111111111111111111111111111111111111111111111111111111111111111111134444444444444311111
4211111111111111111111111111111111111111111111111111111111111111111111111111111112344444321111111111
3111111111111111111111111111111111111111111111111111111111111111111111111111111111122111111111111111
1111111111111111111111111111111111111111111111111111111111111111111111111111111111111111111111111111

1145555554111111111111111111111111111111123444444444444332211111111111111111111111111111111111111111
1111133111111111111111111111111111111111123444444444444443332211111111111111111111111111111111111111
1111111111111111111111111111111111111111113444444444444444433333222221111111111111111111111111111111
1111111111111111111111111111111111111111112344444444444444444333333333332211111111111611111111111111
1111111111111111111111111111111111111111111234444444444444444444444444333332211111111111111111111111
1111111111111111111111111111111111111111111113344444444444444444444444444433332211111111111111122333
1111111111111111111111111111111111111111111111123333444444344444444444444444333322211111122233344444
1111111111111111111111111111111111111111111111111111222233333333444444444444443333222222333344444444
1111111111111111111111111111111111111111111111111111111111112223333444444444443333333333334444444445
1111111111111111111111111111111111111111111111111111111111111111223333344444433333333333444444445555

5555555555555555555555555555555555555555555555555555555555555555555555554444311111111111111111111111
5555555555555555555555555555555555555555555555555555555555555555555555554444421111111111111111111111
5555555555555555555555555555555555555555544444444444444555555555555555544444441111111111111111111111
5555555555555555555555555555555555554444444444444444444444444555555554444444444111111111111111111111
5555555555555555555555555555555544444443111111111111124444444444444444444444444311111161111111111111
5555555555555555555555555555444444431111111111111111111111344444444444444444444321111111111111111111
5555555555555555555554444444444421111111111111111111111111111123444444444444443221111111111111111111
5555555555544444444444444444311111111111111111111111111111111111111111111111111111111111111111111111
5555554444444444444444443111111111111111111111111111111111111111111111111111111111111111111111111111
5555444444444444444431111111111111111111111111111111111111111111611111111111111111112222111111111111

4455555555444111111111111111111111111111111111111111111111111111111111111111111111111111111111444555
5555555555554421111111111111111111111111111111111111111111111111111111111111112222111111111111244555
5555555555555543111111111111111111111111111111111111111111111111111111111134444444432111111111134455
5555555555555554311111111111111111111111111111111111111111111111111111114445555544443211111111113445
5555555555555555441111111111111111111111112333321111111111111111111111445555555555444421111111112445
5555555555555555544211111111111111345555555555555555554411111111111244555555555555544432111111111344
5555555555555555555443111111144555555555555555555555555555554444444555555555555555554443111111111234
5555555555555555555555555555555555555555555555555555555555555555555555555555555555555444211111111124
5555555555555555555555555555555555555555555555555555555555555555555555555555555555555544421111111113
5555555555555555555555555555555555555555555555555555555555555555555555555555555555555544432111111112

1111111111111111111111111111111111111112233444444443321111111111111111111111111111223344444445555555
1111111111111111111111111111111111112234444444444444444433221111111112334444444444455555555555555555
1111111111111111111111111111111112233444444455555554444444444333333344444444455555555555555555555555
1111111111111111111111111111112233344444445555555555554444444444444444444455555555555555555555555555
1111111111111111111111111122223334444444455555555555555444444444444444444555555555555555555555555555
1111111111111111111111122233333444444444555555555555555544444444444444444555555555555555555555555555
1111111111111111111222333334444444444444555555555555555444444444444444444555555555555555555555555555
1111111222222222223333344444444444444444455555555555544444444444444444444555555555555555555555555555
3334444444444444444444444444444444444444444555555444444444444444444444444555555555555555555555555555
4444444444444444444444444444444444444444444444444444444444444433333334444455555555555555555555555555

1111111111111111111111111111111222222222222222222222222222222222222222222222221111111111111111111111
1111111111111111111111111111111111222222223322222222222222334444444444444444444442211111111111111111
1111111111111111111111111111111111122222223333333333444444444444444444444444444444444221111111111111
1111111111111111111111111111111111111222223334444444444444444444444444444444444444444444321111111111
1111111111111111111111111111111111111222223344444444444444444444444444444444444444444444444321111111
1111111111111111111111111111111111111122222344444444444444444444444444444444455555555444444444211111
1111111111111111111111111111111111111112222344444444444444444444444444444444555555555555544444443211
1111111111111111111111111111111111111112222334444444444444444444444444444444444555555555555554444442
1111111111111112222221111111111111111112222234444444444444444444444444444444444555555555555555544444
1111111111111222222222111111111111111111222223444444444444444444444444444444444445555555555555555544

5555555555555555555555555555555555555555555555555544444444444444444444444444444444444444444444555555
5555555555544444455555555555555555555555555555544444444444444444444444444444444444444444444444444555
5555555554444444444455555555555555555555555544444444444322222334444444444444444444444444444444444444
5555555444111113444444445555555555555544444444444444321111111123344444444444444444444444444444444444
5555544211111111134444444444444444444444444444444321111111111111233444444444444444444444444444444444
5554411111111111111123444444444444444444444433211111111111111111112334444444444444444444444433322223
5441111111111111111111111112222222222111111111111111111111111111111123333333333333333333333221111111
4111111111111111111111111111111111111111111111111111111111111111111111222222222222222222221111111111
1111111111111111111111111111111111111111111111111111111111111111111111111111111111111111111111111111
1111111111111111111111111111111111111111111111111111111111111111111111111111111111111111111111111111

1111111111111111111111111111111244444444444445545555555554444444444211111111111111111111111111344555
1111111111111111111111111111111111223444444444444444444444444444321111111111111111111111111111124445
1111111111111111111111111111111111111112222222333344444444433221111111111111111111111111111111112444
1111111111111111111111111111111111111111111111111111111112211111111111111111111111111111111111111244
1111111111111111161111111111111111111111111111111111111111111111111111111111111111111111111111111124
1111111111116111111111111111111111111111111111111111111111111111111111161111111111111111111111111112
1111111111111111111111111111111111111111111111111111111111111111111111111111111111111111111111111111
1111116111111111111111111111111111111111111111111111112222222222111111111111111111111111111111111111
1111111111222333332222111111112223333333333322233333444444444444322111111111111111111111111111111111
1111112344444444444444444444444444444444444444444444444444444444444432211111111111111111111111111111

1111111111123344444444443333222111111111111111111222333344444444444444444443333322211111111111111111
1111111112234444444444444443332222111111111111112223333344444444444444444443333322211111111111111111
1111111112344444444444444444433332222211111111222223333344444444444444444433333222111111111111111111
1111111123444444444444444444444333332222222222222233333344444444444444444333332221111111111112222222
1111111233444444444444444444444443333332222222222233333333444444444444443333322221111111111222222222
1111111233444444444444444444444444433333332222222333333333344444444444433333222221111111122223333333
1111112233444444444444444444444444444333333333333333333333333444444443333333222211111111222233344444
1111122334444444444444444444444444444443333333333322222333333334444433333332222211111122223334444444
1122222333444444444444444444444444444444433333333222222222333333333333333332222222112222233344444444
2222223333444444444444444444444444444444443333333222222222233333333333333332222222222223334444444444

1111111111111111111111111111111111111111111111111111111111111111111111111111111111111111111111111111
1111111111111111111111111111111111111111111111111111111111111111111111111111111111111111111111111111
1344555555555555554311111111111111111111111111111111111111111111111111111111111111111111111111111111
5555555555555555555555554411111111111134444444444211111111111111111111111111111111111111111111111111
5555555555555555555555555555555555555555555555555555431111111111111111111111111111111111111111111111
5555555555555555555555555555555555555555555555555555555431111111111111111111111134444444444444421111
5555555555555555555555555555555555555555555555555555555554421111111111111111344445555555555555444443
5555555555555555555555555555555555555555555555555555555555554431111111112444455555555555555555555544
5555555555555555555555555555555555555555555555555555555555555544444444444455555555555555555555555555
5555555555555555555555555555555555555555555555555555555555555555554444555555555555555555555555555555

1111112344444444444444444444444444444444445555555555555555555555555555555555555555555555555555555555
1111111223344444444444433334444444444444444445555555555555555555555555555555555555555555555555555555
1111111112222222222222211111222334444444444444445555555555555555555555555555555555555555555555555555
1111111111111111111111111111111222222111112344444455555555555555555555555555555555555555555555555555
1111111111111111111111111111111111111111111123444444555555555555555555555555555555555555555555555555
1111111111111111111111111111111111111111111111244444444555555555555555555554444444555555555555555555
1111111111111111111111111111222222221111111111123444444444455555554444444444444444444444555555555555
1111111111111111222222222223333444332111111111112444444444444444444444443111111111111112444455555555
1111111111122222233333444444444444444321111111112344444444444444444442111111111111111111111244455555
1111111111223334444444444444444444444443322111223444444444444444443211111111111111111111111111244555

5555555555555555444445555555555555555555555555555555555555555555555555544444444444444444444444444555
5555555555444421111123444445555555555555555544444444444444444444444444444444444444444443322222223444
5555555442111111111111111244444555555555444444444444444444444444444444444444444443221111111111111111
5555441111111111111111111111134444444444444432211122223444444444444444443222222111111111111111111111
5442111111111111111111111111111124444444321111111111111112223344433322221111111111111111111111111111
2111111111111111111111111111111111111111111111111111111111111112221111111111111111111111111111111111
1111111111111111111111111111111111111111111111111111111111111111111111111111111111111111111111111111
1111111111111111111111111111111111111111111111111111111111111111111111111111111111111111111111111111
1111111111111111111111111111111111111111111111111111111111111111111111111111111111111111111111111111
1111111111111111111111111111111111111111111111111111111111111111111111111111111111111111111111111111

1111111111111111111111111111111111111111111111111111111111111111111111111111111111111111111111111111
1111111111111111111111111233332111111111111111111111111111111111111111111111111111111111111111111111
1111111344444444444444555555555555444444432111111111111111111111111161111111111111111111111111111111
1444455555555555555555555555555555555555555444444432111111111111111122333334444444443211111111111111
5555555555555555555555555555555555555555555555555444444444444444444444444444444444444444311111111111
5555555555555555555555555555555555555555555555555555555554444445555555555555555555555444431111111111
5555555555555555555555555555555555555555555555555555555555555555555555555555555555555554443111111111
5555555555555555555555555555555555555555555555555555555555555555555555555555555555555554444111111111
5555555555555555555555555555555555555555555555555555555555555555555555555555555555555555444311111111
5555555555555555555555555555555555555555555555555555555555555555555555555555555555555555444311111111

5555555555555555555555555555554444444444444444444444444444444444444444555555555555555555555555555555
5555555555555555555555555554444442211111122344444444444444444444444444444555555555555555555555555555
5555555555555555555555544444442111111111111111234444444444444444444444444445555555555555555555555555
5555555554444444444444444444211111111111111111112233444444433221111112234444455555555555555555555555
5554444444333444444444444432111111111111111111111112233322221111111111112344444555555555555555555555
4431111111111111112234443211111111111111111111111111222221111111111111111113444445555555555555555555
1111111111111111111112222211111111111111111111111111111111111111111111111111234444555555555555555555
1111111111111111111111122111111111111111111111111111111111111111111111111111113444455555555555555555
1111111111111111111111112111111111111111111111111111122211111111111111111111111244445555555555555555
1111111111111111111111112221111111111111111111111112222221111111111111111111111134444555555555555555

4444444444555555555555555555555555555555555555555555555555555555555555555555555544444443222221111111
4444444444455555555555555555555555555555555555555555555555555555555555555555555444444443222211111111
4444443444444555555555555555555555555555555555555555555555555555555555555555554444444432221111111111
4444443334444445555555555555555555555555555555555555555555555555555555555554444444444322211111111111
4444443222344444455555555555555555555555555555555555555555555555555555444444444444443221111111111111
5444443222222344444444555555555555555555555555555555555555555555554444444444444444322111111111111111
5444442211111111222344444444444444444444444444444444455555555444444444322222222222111111111111111111
5444442111111111111111111111111111111111111111111223444444444444221111111111111111111111111111111111
5444421111111111166611111111161111111111111111111111111111111111111111111111111111111111111111111111
4444211111111111111111111111111111111111111111111111111111111111111111111111116161111111111111111111

4444444444444444444444444444444444443111111111111111111111111111111111111111111111111111111111111111
4444444444444444444444444444444443211111111111111111111111111111111111111111111111111111111111111111
4433222221111122222223333444443321111111111111111111111111111111111111111111111111111111111111111111
3221111111111111111111111222221111111111111111111111111111111111111111111111111111111111111111111111
2111111111111111111111111111111111111111111111111111111111111111111111111111111111111111111111111111
2111111111111111111111111111111111111111111111111111111111222221111111112222222111111111111111111111
2111111111111111111111111111111111111111111111111111111234444444444444444444444443111111111111111111
3222111111111111111111111111111111111111111111111111123444444444444444445555554444441111111111111111
4443333332222222222211111111111111111111111111111111344444455555555555555555555555444311111111111111
4444444444444444444433322211111111111111111111111124444455555555555555555555555555554442111111111111

4444444444444444442111111111111111111111111111111111111111111111111111111111111111111111111111111111
5555555555555555555444431111111111111111111111111111111111111111111111111111111111111111111111111111
5555555555555555555555554444111111111111111111111111111111111111111111111111111111111111111111111111
5555555555555555555555555555444411111111111111111111111111111111111111111111111111111111111111111111
5555555555555555555555555555555444442111111111111111111111611111111111111111111111111111161111111111
5555555555555555555555555555555555544444321111111111111111111111111111111111111111111111116111111111
5555555555555555555555555555555555555544444444322111111111111111111111111111111111111111111111111111
5555555555555555555555555555555555555555544444444444432211111111111111111111111111111111111111111111
5555555555555555555555555555555555555555555554444444444433211111111111111111111111111111111111111111
5555555555555555555555555555555555555555555555554444444444322111111111111111111111111111111111111111

2233444444444443322222223344445555555555555555555555555555555555555554444432111111111111111161111111
4444444444444444443333333444445555555555555555555555555555555555555555444444432111111111111111111111
4444444444444444443333333444444555555555555555555555555555555555555555444444443321111111111111111111
4444444444444444433222112233444455555555555555555555555555555555555544444444433211111111111111111111
4444444444444444321111111111123444555555555555555555555555555554444444433322211111111111111111111111
3444444444444432111111111111111112444455555555555555555555544432111111111111111161111111111111111111
2233344444332111111111111111111111111234444555555555444432111111111111111111111111111111111111111111
1111111111111111111111111111111111111111111111111111111111111111111111111111111111111111111111111111
1111111111111111111111111111111111111111111111111111111111111111111111111111111111111111111111111111
1111111111111111111111111111111111111111111111111111111111111111111111111111111111111111111111111111

1111111111222222222222111111111111111111222222222222222224444555555555555555555555555554422111111111
1111111111111111111111111111111111111111111111111111111222222344445555554444322221111111111111111111
1111111111111111111111111111111111111111111111111111111111122222234443222211111111111111111111111111
1111111111111111111111111111111111111111111111111111111111111122222222211111111111111111111111111111
1111111111111111111111111111111111111111111111111111111111111112222211111111111111111111111111111111
1111111111111111111111111111111111111111222222222221111111111122222211111111111111111111111111111111
1111111111111111111111111111111111111222222222222222222222222222222221111111111111111111111111111111
1111111111112222222222222222222222222344444444444444444444444433322222111111111111111111111111111111
1111111122222223344444433333333444444555555555555555555555555555444442211111111111111111111111111111
1111222234444445555555555555555555555555555555555555555555555555555554422111111111111111111111111111

1111111111111111111111111111111111111111111111111111111111111111111111111111111111111111111111111112
1111111111111111111111111111111111161111111111111111111111111111111111116111111111111111111111111111
1111111111111111111111111111111111111111111111111111111111111111111111111111111111111111111111111111
1112221111111111111111111111111111111111111111111111611111111111111111111111111111111111111111111111
2444444211111111111111111111111111111222221111111111111111111111111111111111122221111111111111111111
4444444421111111111111611111111111122344432211111111111111111111111111122223333332222221111111111111
4444444431111111111111111111111112234444444322111111111111111111122223344444444444433222222111111111
5555544442111111111111111111111122344444444432222111111111122222334444444444444444444332222211111111
5555554443211111111111111111111223444444444444332222222223334444444444444444444444444444322221111111
5555554444211111111111111111112234444444444444444444444444444444444444444444444444444444433221111111

2111111111111111111111111111111111111111111111111111111111111112222333333332211111111111111111111111
3221111111111111222233333333333333322223333322222222211111111222233344444443322111111111111111111111
4322111111111222333444444444444444444444444444433332222222222222333344444444332111111111111111111111
4332222122222233344444444444444444444444444444444433322222222222233334444444332211111111111111111111
4332222222222333444444444444444444444444444444444433322222211222222233333333322211111111111111111111
4332222222222333444444444444444444444444444444444433222211111111111222222222222111111111111111111111
4332222222222233444444444444444444444444444444443332221111111111111111111111111111111111111111111111
3322211111122223334444444444444444444444444444333221111111111111111111111111111111111111111111111111
2211111111111122233344444444444444444444443333222111111111111111111111111111111111111111111111111222
1111111111111111122223333444444444443333322221111111111111111111111111111111111111111111111111112233

1111111111111111111111111111111111111111111111111111111111111111111111111111111111244444444444421111
1111111111111111111111111111111111111111111111111111111111111111111111111111111111112233332211111111
1111111111111111111111111111111111111111111244444432111111111111111111111111111111111111111111111111
1111111111111111111111111111111111111111444445544444444431111111111111111111111111111111111111111111
1111111111111111111111111111111111111144455555555555544444442111111111111111111111111111111111111111
1111111111111111111111111111111111112445555555555555555544444442111111111111111111111111111111111111
1111111111111111111111111111111111144455555555555555555555444444432111111111111111111111111111111111
1111111111111111111111111111111111445555555555555555555555554444444432111111111111111111111111111111
1111111111111111111111111111111113445555555555555555555555555444444444321111111111111111111111111111
1111111111111111111111111111111114455555555555555555555555555554444444442111111111111111111111111111

1111111111111111111111111111111111111111111111111111111111111111111111122334444444455555555555555555
1111111111111111111111111111111111111111111111111111111111111111111111111111111111134455555555555555
1111111111111111111111111111111111111111111111111111111111111111111111111111111111111144555555555555
3444433211111111111111111111111111611111111111111111111111111111111111111111111111111112455555555555
5554444444432111111111111111111111111111111111111111111111111111111111111111111111111111244555555555
5555555544444433211111111111111111111111111111111111111111111111111111111111111111111111134455555555
5555555555544444432221111111111111111111111111111111111111111111111111111111111111111111114455555555
5555555555554444443332222211111111111111111111111111111111111111111111111111111111111111113445555555
5555555555555444444333222221111111111111111111111111111111111111111111111111111111111111113445555555
5555555555555444444332221111111111122222211111111111111111111111111111111111111111111111113445555555

4444444444444444333221111111111111111111111111111111111111111111111111111122333334444444444444331111
4444444444444444443333211111111111111111111111111111111111111111111111112223333334444444444444331111
4444444444444444444333332211111111111111111111111111111111111111111112222333333334444444444444331111
3334444444444444444433333322222222222222211111111111111111111111222222233333333334444444444444331111
3333344444444444444443333333333333333332222222111111111111112222222333333333333334444444444444331111
2223333444444444444443333333333333333333332222222222222222222223333333333333333333444444444444321111
1111233334444444444433333333222222233333332222222222222222222233333333333333333333344444444443311111
1111111233334444433333333222211122222222222222222222222222222222222222222222223333333444444433211111
1111111111233333333332211111111111111111111111111111112222222222222221111111112223333333333332111111
1111111111111111111111111111111111111111111111111111111111111111111111111111111112233333333321111111

1111111111111111111444444444444444444444444444444444455555555555555555555555555555555555555555555555
1111111111111111111344444444444444444333332223334444444445555555555555555555555555555555555555555555
1111111111111111111134444433211111111111111111111111134444444555555555555555555555555555555555555555
1111111111111111111133332111111111111111111111111111111124444444455555555555555555555555555555555555
1111111111111111111233211111111111111111111111111111111111134444444444444444444455555555555555555555
1111111111111111112333211111111111111111111111111111111111111244444444444444444444445555555555555555
1111111111111113344443211111111111111111111111111111111111111111334443321111111111244455555555555555
1111111111334444444444431111111111111111111111111111111111111111111111111111111111111445555555555555
1111113444444444444444443211111111111111111111111111111111111111111111111111111111111144555555555555
1113444444444444444444444443321111111111111111111111111111111111111111111111111111111114455555555555

1111111111111111111111111122333344444333211111111234455555555555555555555555555555555555555511111111
1111111111111111111112223333444444444444332111111344455555555555555555555555555555555555555511111111
1111111111111222333333334444444444444444433211112344455555555555555555555555555555555555555411111111
1111111112333333344444444444444444444444443322223344455555555555555555555555555555555555555111111111
1111111233444444444444444444444444444444444332223344455555555555555555555555555555555555553111111111
1111113344444444444444444444444444444444444333333444455555555555555555444455555555555555541111111111
1111233444444444444444444444444444444444444333333444455555555555555541111114555555555555511111111111
1111344444444444444444444444444444444444444333333444445555555555554311111111155555555554111111111111
1113344444444444444444444444444444444444444333333444444555555555441111111111113555555531111111111111
1123444444444444444444444444444444444444443333333344444444554444111111111111111113431111111111111111

1111111111111111111111111111111111111111111111111111111111111111111111111122334444443332111111111111
2111111111111111111111111111111111111111111111111111111111111111111111111122334444444333211111111111
4444433211111111111111111111111111111111111111111111111111111111111111111122334444444433322111111111
5555444444322111111111111111111111111111111111111111111111111111111111111122334444444444332211111111
5555555554444332111111111111111111111111111111111111111111111111111111111122334444444444443322111111
5555555555555444432211111111111111111111111111111111111121111111111111111222334444444444444433221111
5555555555555555444433211111111111111111111111111122223333222222221111122223344444444444444444432211
5555555555555555555444443221111111111111111111222333344444433333322222223334444444444555544444444332
5555555555555555555555444443322111111111122233344444444444444444443333334444444445555555555555544444
5555555555555555555555555444444333222233334444444444444444444444444444444444444555555555555555555544

5555554443111113444445555555555555544444111111111111111111111111111111111111111111111111111111111111
5555444211111111113444444555555544444431111111111111111111111111111111111111111111111111111111111111
5544421111111111111124444444444444444211111111111111111111111111111111111111111112233332221111111111
5444111111111111111111244444444444442111111111111111111111111111111111111111234444444444444431111111
4421111111111111111111112444444444321111111111111111111111111111111111111224444444444444444444311111
4211111111111111111111111234444443211111111111111111111111111111111111222444444444444444444444441111
2111111111111111111111111223444443211111111111111111111111111111112223344444444444444444445544444211
1111111111111111111111111234444444321111111111111111111111111112233444444444444444444444444544444421
1111111111111111111111123444444444443211111111111111111111111223444444444444444444444444444444444441
2111111111111111111123444444444444444432111111111111111111122344444444432222222222223444444444444444

1111111111111111111111111111111111111111111111111111111111111111111111111111111111111111111111111111
1111111111111111111111111111111111111111111111111111111111111111111111111111111111111111111111111111
1111111111111111111111111111111111111111111122233322221111111111111111111111111111111111111111111111
1111111111111111111111111111111111111111112333333333333322111111111111111111111111111111112222222222
1111111111111111111111111111111111111111233333444433333333221111111111111111111111111122223333333333
1111111111111111111111111111111111111111233333333333333333222111111111111111111111111222333333333333
1111111111111111111111111111111111111111122222222222222222211111111111111111111111111222333333333333
1111111111111111111111111111111611111111111111111111111111111111111111111111111111111122223333333333
1111111111111111111111111111111111111111111111111111111111111111111111111111111111111111112222233333
1111111111111111111111111111111111111111111111111111111111111111111111111111111161111111111111112222

1111445555555555555555555555555555555555555555555555555555555555555555555555555555555555555555555555
1114455555555555555555555555555555555555555555555555555555555555555555555555555555555555555555555555
1114455555555555555555555555555555555555555555555555555555555555555555555555555555555555555555555555
1134455555555555555555555555555555555555555555555555555555555555555555555555555555555555555555555555
1144455555555555555444444444444444555555555555555555555555555555555555555555555555555555555444444444
1144455555555554444444333221122334444455555555555555555555555555554444445555555555555555544444444444
1144455555555444443111111111111111111344445555555555555555444444443333344444444455555444444444444444
1134444444444443111111111111111111111111134444444444444443211111111111111111344444444444444433211111
1124444444443211161111111111111111111111161111111111111111111111111111111111111111333333211111111111
1112344443211111111111111111111111111111111111111111111111111111111111111111111161111111111111111111

