1111111145555555555555555555555555555555555555555555555555555555555555444444444444444444455555555555
1111111245555555555555555555555555555555555555555555555555555555555554444444444444444444555555555555
1111111345555555555555555555555444444444444555555555555555555555555444444444444444444444555555555555
1111111444555555555555555444431111111111111124444555555555555554444444444444444444444444455555555555
1111111444444444444444443211111111111111111111111244444444444444444322221122223344444444444455555555
1111111444444444322111111111111111111111111111111111111122222211111111111111111112233444444444455555
1111111344444321111111111111111111111111111111111111111111111111111111111111111111111111223444444444
1111111123321111111111111111111111111111111111111111111111111111111111111111111111111111111111112234
1111111111111111111111111111111111111111111111111111111111111111111111111111111111111111111111111111
1111111111111111111111111111111111111111111111111111111111111111111111111111111111111111111111111111

1111111111111111111111111111111111234455555555555555555555555555555555554443211111111111111111111111
1111111111111111111111111111111111124445555555555555555555544444444555444443211111111111111111111111
1111111111111111111111111111111111123444555555555555555444433333344444444432111111111111111111111111
1111111111111111111111111111111111112344445555555555444321111111112334333211111111111122222111111111
1111111111111111111111111111111111111123444444444444321111111111111111111111111111111123333221111111
1111111111111111111111111111111111111111233344332211111111111111111111111111111111111123344332111111
1111111111111111111111111111111111111111111111111111111111111111111111111111111111111122344433211111
1111111111111111111111111111111111111111111111111111111111111111111111111111111111111112334443211111
2222222221111111111111111111111111111111111111111111111111111111111111111111111111111111233443211111
4444444333222111111111111111111111111111111111111111111111111111111111111111111111111111223333221111

5555555555555555555555555555555444444444433211111111111111111111111111111111111111111111111111111111
5555555555555555555555555555555444444444443332211111111111111111111222211111111111111111111111111111
5555555555555555555555555555555444444444444433322221111111111122233344443321111111111111111111111111
5555555555555555555555555555555444444444444444333333332222233333444444444443211111111111111111111111
5555555555555555555555555555554444444444444444443333333333333344444444444444321111111111111111111111
5555555555555555555555555555544444444444444444444444444444444444444444444444432111111111111111111111
5555555555555555555555555544444444444444444444444444444444444444444444444444443211111111111111111111
5555555555555555555544444444444444444444444444444444444444444444444444444444443211111111111111111111
5555555555444444444444444444444444444444444444433333333333333333444444444444432111111111111111111111
5555554444444444444444444444444444444444444333333333333333222222333334444333321111111111111111111111

5555555555555555555555555544444444444444444444444444444444444332111123444555555555555555555555555555
5555555555555555555555444444433332222233333333333333332221111111111111112445555555555555555555555555
5555555555555555554444444333221111111111111111111111111111111111111111111113445555555555555555555555
5555555555555554444443333222111111111111111111111111111111111111111111111111134555555555555555555555
5555555555555444443332222221111111111111111111111111111111111111111111111111113445555555555555555555
5555555555554444433322222222222222222111111111111111111111111111111111111111111244555555555555555555
5555555555544444433333333333444444444333333221111111111111111111111111111111111134455555555555555555
5555555555544444444333444444444444444444444444333221111111111111111111111111111124445555555555555555
5555555555554444444444444445555555555555555444444444433211111111111111111111111134445555555555555555
5555555555555555454445555555555555555555555555555555444444331111111111111111112344455555555555555555

1111111111111111111111111111111111111111111111144555555555555555555555555555555555555555555555555555
1111111111111111111111111111111111111111111134455555555555555555555555555555555555555555555555555555
1111111111111114555555441111111455555444444445555555555555555555555555555555555555555555555555555555
1111111111455555555555555555555555555555445555555555555555555555555555555555555555555555555555555555
1111114555555555555555555555555555555555555555555555555555555555555555555555555555555555555555555555
5555555555555555555555555555555555555555555555555555555555555555555555555555555555555555555555555555
5555555555555555555555555555555555555554455555555555555555555555555555555555555555555555555555555555
5555555555555555555555555555555555554444444555555555555555555555555555555555555555555555555555555555
5555555555555555555555555555555544441111114455555555555555555555555555555555555555555555555555555555
5555555555555555555555555555554111111111111144455555555555555555555555555555555555555555555555555555

5555555555555555555555555555555555555555555555555555555555555555555555555555555555555555555555555555
5555555555555555554444444444444444455555555555555555555555555555555555555555555555555555555555555555
5555555555555444311111111111111111111113444555555555555555555555555555555555555555555555555555555555
5555555555443111111111111111111111111111111112444555555555555555555555555555444444444444444455555555
5555555544111111111111111111111111111111111111111111344444444444444321111111111111111111111111234444
5555554411111111111111111111111111111111111111111111111111111111111111111111111111111111111111111111
5555441111111111111111111111111111111111111111111111111111111111111111111111111111111111111111111111
5554411111111111111111111111111111111111111111111111111111111111111111111111111111111111111111111111
5543111111111111111111111111111111111111111111111111111111111111111111111111111111111111111111111111
5431111111111111111111111111111111111111111111111111111111111111111111111111111111111111111111111111

5555555555555555555555555555555555555555555555555555555555555555555555555555555555555555555555555544
5555555555555555555555555555555555555555555555555555555555555555555555555555555555555555555444444444
5555555555555555555554445555555555555555555555555555555555555555555555555555444444444444444444444433
5555555555555555542111111113444455555555555555554444444444444444444444444444444444444444444444433321
5555555555555554111111111111111123444444444444443332111111111111122333444444333333333333333333332211
5555555555555421111111111111111111111111111111111111111111111111111111122222222111112223333333322111
5555555555554211111111111111111111111111111111111111111111111111611111111111111111111223333333332111
5555555555553111111111111111111111111111111111111111111111111111111111111111111111222333333443333221
5555555555541111111111111111111111111111111111111111111111111111111111111122222333333344444444444333
5555555555541111111111111111111111111111111111111111111111111111111111122333334444444444444444444444

1111111111111111111111111111111111111111111344444442111111111111111444455555555544411111111111111111
1111111111112444444444432111111111111111234444444431111111111111111111444444444441111111111111111111
1111111112444444444444444443211111111233444444444311111111111111111111111111111111111111111111111111
1111112344444444444444444444443322333444444444443111111111111111111111111111111111111111111111111111
1123344444444444444444444444444444444444444444431111111111111111111111111111111111111111111111111111
3344444444444444444444444444444444444444444444211111111111111111111111111111111111111111111111111111
4444444444444444444444444444444333333444444321111111111111111111111111111111111111111111111111111111
3333333344444444444444444444322111111122211111111111111111111111111111111111111111111111111111111111
1111111111112334444444332111111111111111111111111111111111111111111111111111111111111111111111111111
1111111111111111111111111111111111111111111111111111111111111111111111111111111111111111111111111111

5555555555554444444444444444444444444444444444444555555555555555555555555555554441111111111111111111
5555555555544444444444444444444444444444444444444455555555555555555555555555555444111111111111111111
5555555555444444444444444444444444444444444444444444555555555555555555555555555444111111111111111111
5555555554444444444444444444444444444444444444444444455555555555555555555555555444411111111111111111
5555555554444444444444444444444444444444444444444444444555555555555555555555555444411111111111111111
5555555544444443334444444444444444444444444444444444444445555555555555555555555444411111111111111111
5555555444444211111123444444444444444444444444444444444444555555555555555555555444431111111111111111
5555555444441111111111112344444444443332223344444444444444455555555555555555554444441111111111111111
5555554444411111111111111111122222211111111123444444444444444555555555555555544444441111111111111111
5555554444211111111111111111111111111111111111234444444444444445555555555555444444444111111111111111

1111111111111111111111111222223333333332222221111111111111111111111111111111111111111111233444444444
1111111111111111111111122222233333333333322222111111222223333332221111111111111111123455555555555555
1111111111111111111122222223333333333333332222222222233344455555555444433322233445555555555555555555
2222222222222222222222222333333333333333332222222223334455555555555555555555555555555555555555555555
3333333333333332222222333333333333333333333222222233445555555555555555555555555555555555555555555555
4444444444443333333333333333333333333333333222222334455555555555555555555555555555555555555555555555
5555555554444444443333333333333333333333333322223334555555555555555555555555555555555555555555555555
5555555555555444444444444443333333333333333333333344555555555555555555555555555555555555555555555555
5555555555555555544444444444444433333333333333333445555555555555555555555555555555555555555555555555
5555555555555555555554444444444444333333333333334455555555555555555555555555555555555555555555555555

1111111111112444555555555555555555555555555555555555555555555555555555555555555555555555555555555555
1111111111124445555555555555555555555555555555555555555555555555555555555555555555555555555555555555
1111111111244445555555555554444444444444555555555555555555555555555555555555555555555555555555555555
1111111113444455555555544444421111111111344445555555555555555555555555555555555555555555555555555555
1111111134444455555544444421111111111111111113444445555555555555555555555555555555555555555555555555
1111111344444444444444442111111111111111111111111113444444555555555555555555555555555555555555555555
1111113444444444444444211111111111111111111111111111111112444455555555555555555555555555555555555555
1111134444444444444421111111111111111111111111111111111111111444455555555555555555555555555555555555
1111344444444444442111111111111111111111111111111111111111111112444455555555555555555555555555555555
1113444444444444211111111111111111111111111111111111111111111111124444445555555555555555555555555555

1111111111111114445555555555555555555555555544444444344444444444444444445555555555555555555555555555
1111111111111144455555555555555555555555555544444443223444444444444444444455555555555555555555555555
1111111111111444555555555555555555555555555544444443222223333322111123444444555555555555555555555555
1111111111114445555555555555555555555555555544444443221122211111111111134444445555555555555555555555
1111111111114445555555555555555555555555555544444443221111111111111111111344444455555555555555555555
1111111111124445555555555555555555555555555444444443211111111111111111111112344444444555555555555555
1111111111114445555555555555555555555555555444444443211111111111111111111111111244444444444444555555
1111111111114444555555555555555555555555544444444432111111111111111111111111111111111111111111144445
1111111111111444445555555555555555555554444444444211111111111111111111111111111111111111111111111111
1111111111111114444444555555555555444444444444321111111111111111111111111111111111111111111111111111

5555554444444444444444444444444444444444444444433221111111111111111111111111111111111111111111111111
5444443211111111111123344444444444444444444443332211111111111111111111111111111111111111111111111111
2111111111111111111111122334444444444444433332222111111111111111111111111111111111111111111111111111
1111111111111111111111111122233333333322222222111111111111111111111111111111111111111111111111111111
1111111111111111111111111111111111111111111111111111111111111111111111111111111111112222222111111111
1111111111111111111111111111111111111111111111111111111111111111111111111111111111233344443321111111
1111111111111111111111111111111111111111111111111111111111111111111111111111111122334444444432111111
1111111111111111111111111111111111111111111111111111111111111111111111111111111223344444444433211111
1111111111111111111111111111111111111111111111111111111111111111111111111111111223344444444433211111
1111111111111111111111111111111111111111111111111111111111111111111111111111111122334444444332111111

5555554443221111111111222333344444444444444444444444433322222222222334444455555555555555555555555555
5555544432211111111111122233333444444444444444444443332222111111222333444455555555555555555555555555
5555544332111111111111112222333333444444444444444333322221111111122233444455555555555555555555555555
5555443322111111111111112222223333333333333333333332222111111111112233444445555555555555555555555555
5554443221111111111111111122222222223333333333332222221111111111112223344445555555555555555555555555
5544432211111111111111111111222222222222222222222222111111111111111223344445555555555555555555555555
5444322111111111111111111111111111111111111111111111111111111111111223344444555555555555555555555555
5443321111111111111111111111111111111111111111111111111111111111111223344444555555555555555555555555
4433211111111111111111111111111111111111111111111111111111111111111222334444455555555555555555555555
4332111111111111111111111111111111111111111111111111111111111111111122334444445555555555555555555555

2111111111111111111111111111111111111111111111111111111111555555555555555555555555555555555555555555
2111111111111111111111111111111111111112344444321111114555555555555555555555555555555555555555555555
2211111116111111111111111111111111244555555555555555555555555555555555555555555555555555555555555555
2221111111111111111111111111111244555555555555555555555555555555555555555555555555555555555555555555
3322221111111111111111111111134555555555555555555555555555555555555555555555555555555555555555555555
4333322222222211111111111224455555555555555555555555555555555555555555555555555555555555555555555555
4444433333333333333333334445555555555555555555555555555555555555555555555555555555555555555555555555
4444444444444444444444445555555555555555555555555555555555555555555555555555555555555555555555555555
4444444444444445555555555555555555555555555555555555555555555555555555555555555555555555555555555555
4444444455555555555555555555555555555555555555555555555555555555555555555555555555555555555555555555

5555554444444444444444444444444444444444444444444444444443333322223333334444444443332111111111111111
5555554444444444444444444444444444444444444444444444444444433333334444444444444444444433111111111111
5555554444444444444444444444444444444444444444444444444444443333444444444444444444444444432111111111
5555544444444444444444444444444444444444444444444444444443333333344444444444455555554444443211111111
5555444444444443333334444444444444444444444444444444443333322233334444444444455555555544444431111111
5544444444333333222333333333333344444444444444333333222211111111223334444444444455555444444433111111
5444444332221111111111111112222222222222222222211111111111111111111123334444444444444444444443211111
4444332211111111111111111111111111111111111111111111111111111111111111122333444444444444444443211111
4433211111111111111111111111111111111111111111111111111111111111111111111111223333444444444332111111
3211111111111111111111111111111111111111111111111111111111111111111111111111111111112222222211111111

1111111111111111111111111111111111111111111111122344444444444444444444444444455555555555555555555555
1111111111111111111111111111111111111111111111122334444444444444444444444444444444555555555555555555
1111111111111111111111111111111111111111111111112233444444444444444444444444444444444555555555555555
1111111111111111111111111111111111111111111111111223344444444444444444444444444444444445555555555555
1111111111111111111111111111111111111111111111111122334444444444444444444444321111123444455555555555
1111111111111111111122222222221111111111111111111112223344444444444444444431111111111124445555555555
1111111111111123444444444444433322221111111111111111122334444444444444443211111111111111144455555555
1111111111124444444444444444444433222111111111111111112223344444444444432111111111111111113445555555
1111111114444444444444444444444443322211111111111111111122334444444443221111111111111111111144555555
1111111444444444444444444444444444332211111111111111111112223333443332111111111111111111111114455555

5555555555555555555555555555555555555555555555555555555555555555555555554444444443333322111111111111
5555555444444444444445555555555555555555555555555555555555555555555444444332111111111111111111111111
5554444433333334444444444444444444444444444444555555555555555554444443211111111111111111111161111111
5444311111111111111122233333333333222222333444444444555544444444443211111111111111111611111611111111
4431111111111111111111111111111111111111111113344444444444444443321111111111111111611111111111111111
4211111111111111111111111111111111111111111111233444444444444443321111111111111111111111111111111111
1111111111111116111111111111111111111111111111133444444444444444433332211111111111111112222111111111
1111111111111111111111111111111111111111111112334444444444444444444444444444444444444444444444321111
1111111111116111111111233333333333333333333344444444445555555555555444444444444444445555555444444421
1111111111111111123344444444444444444444444444445555555555555555555555555555555555555555555555554444

1111111111111111111111111111111111111111111111111111111111111234445555555555555555555555555555555555
1111111111111111111111111111111111111111111111111111111111111123444455555555555555555555555555555555
1111111111111111111111111111111111111111111111111111111111111111234445555555555555555555555555555555
1111111111111111111111111111111111111111111111111111111111111111123444455555555555555555555555555555
1111111111111111111111111111111111111111111111111111111111111111111234445555555555555555555555555555
1111111111111111111111111111111111111111111111111111111111111111111123444555555555555555555555555555
1111111111111111111111111111111111111111111111111111111111111111111112344455555555555555555555555555
1111111111111111111111111111111111111111111111111111111111111111111111234445555555555555555555555555
1111111111111111111111111111111111111111111111111111111111111111111111123444555555555555555555555555
1111111111111111111111111111111111111111111111111111111111111111111111113444455555555555555555555555

5555555554444444455555555555555555555555555555555555555555555555555555555555555555555555554411111111
4444444444433233444455555555555555555555555555555555555555555555555555555555555555555555554411111111
4444444432111111134444445555555555554444444555555555555555555555555555555555555555555555555431111111
3444443311111111112344444444444444444433333444444555555555555555555555555555555555555555555441111111
1333332111111111111234444444443311111111111111113444455555555555555555555555555555555555555444111111
1233333111111111111233343333111111111111111111111113444455555555555555555555555555555555555544421111
1334444331111111113334443321111111111111111111111111134444555555555555555555555555555555555555444111
3444444444433333444444444331111111111111111111111111111444455555555555555555555555555555555555554421
4444444444444444444444444443211111111111111111111111111344455555555555555555555555555555555555555544
4445555555444444445444444444432111116111111111111161111344455555555555555555555555555555555555555554

1111111111111111111111111111111111111111111111111111111111111111111111111111111111111111111111111111
1111111111111111111111111111111111111111111111111111111111111111111111111111111111111111111111111111
1111111111111111111111111111111111111111111111111111111111111334444211111111111111111111111111111111
1111111113344443321111111111111111111111111111111111111111344444554444311111111111111111111111111111
1111111234444444443211111111111111111112344332111111111134445555555555444111111111111111111111111111
1111112344444444444332111111111111111123444444332111123444455555555555554443111111111111111111111111
1111112344444444444332111111111111111123444444443322334444555555555555555544431111111111111111111111
1111112344444444444321111111111111111123444444443333344445555555555555555555444311111111111111111111
1111111234444444332211111111111111111112334444433333444445555555555555555555554443111111111111111111
1111111112233332111111111111111111111111112333332233344445555555555555555555555444311111111111111111

1111111111111111111111111111111122222222221111111111111111111111111111111111111111111111111111111111
1111111111111111122222222233344444444444444332211111111111111111111111111111111111111111111111111111
1111111111123344444444444444444444444444444444433221111111111111111111111111111111111111111111111111
1111111112344444444444444444444444444444444444444332211111111111111111111111111111111111111111111111
1111111123444444444444444444444444444444444444444433222111122233344443322111111111111111111111111111
1111111223444444444444444444444444444444444444444332222112223344444444444332211111111111111111111111
1111111123444444444444444444444444444444444433332221111111122344444444444444332211111111111111111111
1111111112233444444444444333333333333332222211111111111111111233444444444444443332221111111111111111
1111111111111222222222211111111111111111111111111111111111111111233344444444433333333333333444444444
1111111111111111111111111111111111111111111111111111111111111111111111222222222222233334444444444444

5555555444444444444444444433322111111111111111111111111111111111111111111111111111111111111111111111
5555554444444444444444444444444444332211111111111111111111111111111116111111111111111111111111111111
5555544444444444444444444444444444444443322111111111111111111111111111111111111111161111111111111111
5555444444444444444444444444444444444444444332211111111111111111111111111111111111111111111111111111
5554444443333333334444444444444444444444444433322222222111111111111111111111111111111111111111111111
5444421111111111111111122333444444444444443332222222222222222111111111111111111111111161111111111111
4442111111111111111111111111111122222222111111111111111111111111111111111111111111111111111111111111
4411111111111161111111111111111111111111111111111111111111111111111111111111111111111111111111111111
2111111111111111111111111111111111111111111111111111111111111111111111111111111111111111111111111111
1111111111111111111111111111111111111111111111111611111111111111111111111111111111111111111111111111

2222222222221111112222222333333444444444433333332222223333333444445555555555544332611111111111111111
2222222222221111111222222333333444444444433333333333333334444455555555555555555543211111111111111111
3222222222211111111112222233333444444444433333333333334444455555555555555555555555421111111111111111
3222222222111111111111222233333344444444443333333334444455555555555555555555555555542111111111111111
3222222221111111111111122223333334444444443333334444445555555555555555555555555555554211111111111111
3222222211111111111111112222333333444444444444444444555555555555555555555555555555555411111111111111
2222222111111111111111111222233333344444444444444455555555555555555555555555555555555541111111111111
2222211111111161116111111122233333334444444444445555555555555555555555555555555555555552111111111111
2222111111111111111111111112223333333444444444555555555555555555555555555555555555555554111111111111
2221111111111111111111111112222333333344444445555555555555555555555555555555555555555555111111111111

5555555555555555555555555555555555555555555555555555555555555555555555555555555555555555555555555544
5555555555555555555555555555555555555555555555555555555555555555555555555555555555555555555555555443
5555555555555555555555555444444455555555555555555555555555555555555555555555555555555555555555554441
5555555544444444444444444444444444445555555555555555555555555555555555555555555555555555555555544411
5555444444444444444444444443322344444444555555555555555555555555555555555555555555555555555554442111
5444444444444444444444322111111111123444444444555555555555555555555555555555555555555555554444211111
4443211111111111111111111111111111111112234444444444445555555555555555555555555555555444444211111111
2111111111111111111111111111111111611111111111112234444444444444444444444444444444444421111111111111
1111111111111111111116111111111111111111161111111111111111111111111122222111111111111111111111111111
1111111111111111111111111111111111111111111111111111111111111111111111111161111111111111111111111111

1111111111111111111111111111111111111111111111111111111111111111111111111111111111111111111111113444
1111111111111111111111111111111111111111111111111111111111111111111111111116111111111111111111112344
1111111111111111111111111111111111111111111111111111111111111111111161111111111111111111111111111344
1111111111111111111111111111111111111111111111111111111161111111111111111111111111111111111111111344
1111111111111111111111111111111111111111111111111116111111111111111111111111111111111111111111112344
1111134444444444444443321111111111111111111111611111111111111111111111111111111111111111111111123444
6124445555555555444444444444321111111111111111111111111111111111111111111111111111111111111112234444
2445555555555555555544444444444311111111111111111111111111111111111111111111111111111222222334444444
4555555555555555555555554444444432111111111111111111111111111111111111122222233333333444444444444444
5555555555555555555555555444444443211111111111111111111111111111112222333344444444444444444444444444

5555555555555554443211111111111111111122222211111111111111111111111111111111111111111111111111111111
5555555555555554443211111111111111112222222222111111111111111111111111111111111111111111111111111111
5555555555555554444321111111111111222233333322221111111111111111111111111111111111112233444444444444
5555555555555554444322111111111112222333333332222111111111111122222223333333222334444444445555555555
5555555555555554444322111111111122223333333332222221111122222233334444444444444444445555555555555555
5555555555555554444432211111111122222333333332222222222222233344444444444444444455555555555555555555
5555555555555544444432211111111122222223333222222222222222334444444444444555555555555555555555555555
4555555555554444444322211111111112222222222222222222222223344444444444555555555555555555555555555555
2444444444444444443222111111111111111122222221111111222223344444444455555555555555555555555555555555
1111234444444433222111111111111111111111111111111111112223344444444555555555555555555555555555555555

5555555555555555555555555555555555555555555444444444444444444444444444444444444444444432111111111111
5555555555555555555555555555555555555444444444444444444444444444444444333222222211111111111111111111
5555555555555555555555555555555554444444444444443332221111111111111111111111111111111111111111111111
5555555555555555555555555555554444444444432111111111111111111111111111111111111111111111111111111111
5555555555555555555555555444444444443211111111111111111111111111111111111111111111111111111111111111
5555555555555444444444444444444443111111111111111111111111111111111111111111111111111111111111111111
5555555555444444444444444444443211111111111111111111111111111111111111111111111111111111111111111111
5555555544444444444444444444211111111111111111111111111111111111111111111111111111111111111111111111
5555554444444332222233332111111111111111111111111111111111111111161111111111111111611111111111111111
5555444444311111111111111111111116111111111111111111111111111111111111111111111116111111111111111111

4444455555555555555444443111111111111111111111124444445555555555555555555555555555555555555555555555
1111111234444444433111111111111111111111111111111111234444555555555555555555555555555555555555555555
1111111111111111111111111111111111111111111111111111111124444455555555555555555555555555555555555555
1111111111111111111111111111111111111111111111111111611111234444455555555555555555555555555555555555
1111111111111111111111111111111111111111111111111111111111112344444445555555555555555555555555555555
1111111111111111111111111111111111111111111111111111111111111234444444444445555555555555555555555555
1111111111111111111111111111111111111111111111111111111111111233444444444444444455555555555555555555
1111111111111111111111111111111111111111111111111111111111112334444444444444444455555555555555555555
1111111111111111111111111111111111111111111111111111111112334444444444444444445555555555555555555555
1111111111111111111111111111111111111111111111111112334444444444444444445555555555555555555555555555

5444443334444445555555555555555544444555555555555555555555555555555555555555555555555555555554444321
4444333233334444444555554444444444444444455555555555555555555555555555555555555555555555555554444432
4443222222233444444444444444433322222233444455555555555555555555555555555555555555555555555554444432
4432211111122333444444443322211111111111223444555555555555555555555555555555555555555555555544444443
4322111111111222333333222111111111111111111234444555555555555555555555555555555555555555555444444443
4321111111111111122111111111111111111111111111234444455555555555555555555555555555444444444444444444
3211111111111111111111111111111111111111111111112234444444555555555555555555444444444444444444444444
3211111111111111111111111111111111111111111111111111223344444444444444444444444444444444444444444444
2111111111111111111111111111111111111111111111111111111112223334444444444433222222233334444444444443
2111111111111111111111111111111111111111111111111111111111111111122222222111111111111223333444444433

5555555555555555555555555555555555555555555555555555555555555555555555555555555555555555555555555555
5555555555555555555555555555555555555555555555555555555555555555555555555555555554444444444444444444
5555555555555555555555555555555555555555555555555555555555555555555555444444444444444444444444444444
5555555555555555444433334444445555555555555555555555555555555555544444444444444444332221222223344444
5555555555555544311111111111124444445555555555555555555555555544444321111112233332221111111112233334
5555555555555543111111111111111112344444455555555555555555444444211111111111122222211111111112223333
5555555555555542111111111111111111111234444444444444444444444321111111111111122222221111111122233344
5555555555555543111111111111111111111111122344444444444444321111111111111111233333333222222233344444
5555555555555544111111111111111111111111111112233344443332211111111111111123444444444444444444444444
5555555555555554411111111111111111111111111111122223332222111111111111112344444444444444444444444444

1111111111111111111111111111111111111111111111111111111111111111111111111111111111111111111114555555
1111111111111111111111111111111111111111111111111111111111111111111111111111111111111111116145555555
1111111111111111111111111111111111111111111111111111111111111111111111111111111111111111111455555555
1111111111111344444444444311111111111111111111111161111111111111111111111111111111111111134555555555
1111111134444444444444444444421111111111111111111111111111111111111111111111111111111111445555555555
1111124444444444444444444444444211111111111111111111111111111111111111111111111111111144455555555555
1111444444445444444444444444444321111111111111111111111111111111111111111111111111114445555555555555
1144444555555555544444444444444211111111111111111111111111111111111111111111111124444455555555555555
1444455555555555544444444444421111111111111111111111111111111111111111111111244444445555555555555555
4445555555555555444444444442111111111111111111111111111111111111111112344444444444555555555555555555

5555555541111111111111111111111111111111111111111111111111111111111123334444444555555555555555555555
5555555431111111111111111111111111111111111111111111111111111111111111122233344444455555555555555555
5555555431111111111111111111111111111111111111111111111111111111111111111111122334444444555555555555
5555555431111111111111111111111111111111111123444443221111111111111111111111111112233444444445555555
5555555542111111111111111111111111111113455555555555554444443333333221111111111111111122333444444445
5555555544311111111111111111111111144555555555555555555555544444444332211111111111111111111112233444
5555555555444211111111111111112445555555555555555555555555555555444444321111111111111111111111111112
5555555555555544443332233444555555555555555555555555555555555555555444433111111111111111111111111111
5555555555555555555555555555555555555555555555555555555555555555555554444321111111111111111111111111
5555555555555555555555555555555555555555555555555555555555555555555555544433211111111111111111111111

5555555554444444444443333221111112222222211111111111111111111111111111111111111111111111111111111111
5555555555444444444444444444444444444444444444433321111111111111111111111111111111111111111111111111
5555555555555444444444444444444444444555555544444444433211111111111111111111111111111111111111111111
5555555555555555555554444444444445555555555555555554444443211111111111111111111111111111111111111111
5555555555555555555555554444444455555555555555555555554444432111111111111111111111111111111111111111
5555555544444455555555554444444555555555555555555555555544443211111111111111111111111111111111111111
5555544444444444444444444444444445555555555555555555555544443311111111111111111111111111111111111111
5544444444444444444444444444444444445555555555555555555444443211111111111111111111111111111111111111
4444444444444444444444444444444444444444555555555555444444331111611111111111111111111611111111111111
4433322111222333333333333333333333344444444444444444444332111111111111111111111111111111111111111111

1111111111111111111111111111111111111111134444455555555555555555555555555555555555555555555555555555
1111111111111111111111111111111111111111113444444555555555555555555555555555555555555555555555555555
1111111111111111111111111111111111111111112344444445555555555555555555555555555555555555555555555555
1111111111111111111111111111111111111111111234444444445555555555555555555555555555555555555555555555
1111111161111111111111111111111111111111111123444444444444444444444444444444444444445555555555555555
1111111111111111111111111111111111111111111123444444444444444444444443211111111111111144455555555555
1111111344444444443322111111111111111111112234444444444444444443211111111111111111111111111344555555
1111444444444444444444444443332222222222334444444444444444444211111116111111111111111111111111111444
1344455555555555544444444444444444444444444444444444444444442111111111111111111111111111111111111111
4455555555555555555555544444444444444444444444444444444444443111111111111111111111111111111111111111

5555555444444555555555444444444444444444444444444444444444444444433333333333333344444444444445555555
4444444444444444444444444444444444444333333334444444444444433333222222222222222233333333334444455555
4444444444444444444444444444444433333333333333333333333333333222221111111111112222222222223344445555
4333333333333344444444444444444333333322222233333333333333322222111111111111111222222211122233444555
3322222222233334444444444444444333333333333333333333333333322222111111111111111222222111111223344455
3222222222233334444444444444444444433333333333333444443333333222211111111111222222222211111122344455
3222222223333444444444444444444444444444444444444444444444433333222222222222223333322222111122344445
3333333333444444444444444444444444444444444444444444444444444444333333333333334444433322222223344445
4444444444444444445555555555555555555555555555555555544444444444444444444444444444444433333333444455
4444444444445555555555555555555555555555555555555555555555555554444444444444444444444444444444444455

1111111111111111111111111111111455555555555555555555554441111111111111111111111111111111111111111111
1111111111111111111111111114555555555555555555555555555555441111111111111111111124444444311111111111
1111111111111111111111114555555555555555555555555555555555554411111111111111144555555555555541111111
1111111111111111111245555555555555555555555555555555555555555544111111111144555555555555555555541111
1111111111112445555555555555555555555555555555555555555555555554411111112445555555555555555555555411
1111134455555555555555555555555555555555555555555555555555555555443111144555555555555555555555555554
2445555555555555555555555555555555555555555555555555555555555555544444445555555555555555555555555555
5555555555555555555555555555555555555555555555555555555555555555544444455555555555555555555555555555
5555555555555555555555555555555555555555555555555555555555555555555444555555555555555555555555555555
5555555555555555555555555555555555555555555555555555555555555555555555555555555555555555555555555555

5555555555555555555555555555555555555555555555555555555555555555555555555555555555555555555555555555
5555555555555555555555555555555555555555555555555544444444445555555555555555555555555555555555555555
5555555555555555555555555555555555555544444444441111111111111124445555555555555555555555555555555555
5555555555444444444443222222222111111111111111111111111111111111111444455555555555555555555555555555
5555444444444431111111111111111111111111111111111111111111111111111111144444455555555555555555555555
5544444444311111111111111111111111111111111111111111111111111111111111111134444445555555555555555555
5544444432111111111111111111111111111111111111111111111111111111111111111111244444555555555555555555
5554444444311111111111111111111111111111111111111111111111111111111111111111144444555555555555555555
5555544444444421111111111111111111111111111111111111111111111111111111111112444445555555555555555555
5555555555444444444211111111111111111111111111111111111111111111111111113444444555555555555555555555

5555555555541111111111111111111111111111111344444455555555555555555555555444444444455555555555555555
5555555555411111111111111111111111111111111113444444444444444444444444444444444444444455555555555555
5555555554161111111111111111111111111116111111244444444444444444444444444442211122444445555555555555
5555555541111111111111111111111111111116111111123344332221111112234444432111111111234444555555555555
5555555411111111111111111111111111111111111111122222211111111111111222211111111111124444555555555555
5555554211111111111111111111111111111111111111223322211111111111111111111111111111124444555555555555
5555542111111111111111111111111116111111111123444443221111111111111111111111111111244444555555555555
5554431111111111111111111161111111111111123444444444443211111111111222211111111123444445555555555555
5544211111111111111161111111111112222344444444444444444444322222233333333332333444444455555555555555
4441111111111111111111244444444444444444444444444444444444444444444444444444444444445555555555555555

5555555555554444433211111111111111111111111111111111111111111111111111111111111111111111111111111111
5555555555554444444443211111111111111111111111111111111111111111111111111111111111111111111111112222
5555555555554444444444443311111111111111111111111111111111111111111111111111111111111111112334444444
5555555555554444444444444444331111111111111111111111111111111111111111111111111111111111334444444455
5555555555554444444444444444444433111111111111111111111111111111111111111111111111111123444445555555
5555555555554444444555555555544444444331111111111111111111111111111111111111111111111234444455555555
5555555555544444444555555555555555444444433311111111111111111111111111111111111111111334444555555555
5555555555444444444455555555555555555544444443321111111111111111111111111111111111111334444555555555
5555555555444444444445555555555555555555544444443311111111111111111111111111111111111234444555555555
5555555554444444444444455555555555555555555444444331111111111111111111111111111111111133444455555555

1111111116111111111111111111111111111111111122222333344444444445555555555555555555555555555555555555
2222211111111111111111111111111111111111122222223334444445555555555555555555555555554444455555555555
3333222222111111111111111111222222222222222222223334444455555555555555555555555555444444444445555555
4433333222222222222222222222222222222222222222223334444555555555555555555555555544444444444444455555
4444333333222222222222222222222222222221111111222334444555555555555555555555555544444443333334444555
4444443333333222222223333333332222222111111111112233444555555555555555555555555444444333322223334445
4444444333333332222333333333332222211111111111111233444455555555555555555555554444433332222222223344
4444444333333222222223333333222221111111111111111123344445555555555555555555544444333222111111112233
4444443333332222222222222222222111111111111111111112334444555555555555555555444443332211111111111122
4444433333222222222222222222211111111111111111111111233444455555555555555554444433322111111111111111

1111111111111111124444444444444444445555555555555555555555555555555411111111111111111111111111111111
1111111111111111111122111111111111111111111111111223344444555555544311111111111111111111111111111111
1111111111111111111111111111111111111111111111111111111111114444441161111111111111111111111111111111
1111111111111111111111111161111111111111111111111111111111111111111111111111111111111111111111111111
1111111111111111111111111111111111111111111111111111111111111111111111111111111111111111111111111111
1111111111111111113444311111111111111111111111111111111111111111111111111111111111111111111111111111
1111111111111111444444444311111111111111111111111111111111111111111111111111111111111111111111111111
1111111111111144444555444444111111111111111111111111111111111111111111111111111111111111111111111111
1111111111114445555555555554441111111111111111111111111111111111111111111111111111111111111111111111
1111111111444555555555555555544411111111111111111111111111111111111111111111111111111111111111111111

1111111111111111111111111111111111111111111111111111111111111112222333333333333333332222222222111111
1111111111111111111111111111111111111111111111111111111111122233333444444444433333333322222221111111
1111111111111111111111111111111111111111111111111111112222333334444444444444444333333222222211111111
1111111111111111111111111111111111111111222222222222223333334444444444444444444333332222221111111111
1111111111111111111111111111112222333333333333333333333334444444444444444444443333322222111111111111
1111111111111111111111111122233344444444444333333333333344444444444444444444333332222111111111111111
1111111111111111111111111223344444444444444444433333333333444444444444444333332222211111111111111111
1111111111111111111111112233444444444444444443333333333333333333333333333332222111111111111111111111
1111111111111111111111112233334444444444433333333222222222222233333322222222111111111111111111111111
3344443322111111111111111222233333333333322222222211111111111112222111111111111111111111111111111111

5555555555544444444444444444444444444444444444444444444333322222233333444444333222111111111111111111
5555555444444444444444444444444444444444444444444444444443333333334444444444444333222111111111111111
5554444444444444444444444444444444444444444444444444444444333334444444444444444444333222222222222111
4444444444444444444444444444444443333344444444444444444444444444444444444444444444443333333333332211
4443333222222222223333333333333333333333333344444444444444444444444444444444444444444333333333333221
2211111111111111111122222222333333333333333333333344444444444444444444444444444444444433333333333221
1111111111111111111111111111222222222222222223333333333333334444444444444444444444444433333333333221
1111111111111161111111111111111111111111111112222222233333333334444444444444444444444333333333322211
1111111111111111111111111111111111111111111111111111112222222333344444444444444444443333222222221111
1111111111111111111111111111111111111111111111111111111111111222333344444444444443333222211111111111

1111111111111111111111111111122333343333333333333332222111111111111111111111111111111111111111111111
1111111111111111111111111111112223333333222222222211111111111111111111111111111111111111111111111111
1111111111111111111111111111111122222222222111111111111111111111111111111111111111111111111111111111
1111111111111111111111111111111122222222211111111111111111111111111111111111111111111111111111111111
1111111111111111111111111111111112222222211111111111111111111111111111112222222222222222222222222222
1111111111111111111111111111111122222222221111161111111111111111111111223333333333333333333333333333
1111111111111111111111111111111222333333222111111111111111111111111122333444444444444444444444444444
1111111111111111111111111611112233333333332211111111111111111111112233344444445555555444455555555555
1116111111111111111111111111223333344434333221111111111111111111223334444555555555555555555555555555
2211111111111111111111111222333444444444443332211111111111111122233444455555555555555555555555555555

5555555555555555555555555555544444444444311111111111111111111111111111111111111111111111111111111111
5555555555555555555555555555555555544444444443111111111111111111111111111111111111111111111111111111
5555555555555555555555555555555555555555444444444433111111111111111111111111112344444431111111111111
5555555555555555555555555555555555555555555444444444444443321111111111111133444444444444411111111111
5555555555555555555555555555555555555555555555444444444444444444433333444444444445555544443111111111
5555555555555555555555555555555555555555555555544444444444444444444444444444444555555555444411611111
5555555555555555555555555555555555555555555555544444444444444444444444444444444555555555544441111111
5555555555555555555555555555555555555555555554444444444444444444444444444444444555555555544442111111
5555555555555555555555555555555555555555444444444444444444444443333333344444444445555555544443116111
5555555555555544444444444444444444444444444444444444443332111111111111111134444444444444444442111111

1445555555555555555555555555555555555555555555555555555555555555555555555555555555444421111111111111
1111455555555555555555555555555555555555555555555555555555555555555555555555555554444421111111116111
1111114555555555555555554411111111445555555555555555555555555555555555555555555544444421111111111111
1111111145555555555554411111111111111144555555555555555555555555555555555555555444444332111111111111
1111111113455555555431111111111111111111124555555555555555555555555555555555544444444332111111111122
1111111111124444442111111111111111111111111134455555555555555555555555555554444444444332222222334444
1111111111111111111111111111111111111111111111144455555555555555555544444444444444444333333344444444
1111111111111111111111111111111111111111111111111134444444444444444444444444444444444333444444444444
1111111111111111111111111111111111111111111111111111111111222223333444444444444444444444444444444455
1111111111111111111111111111111111111111111111111111111111111111111111122233333333444444444444445555

5554411111111111111111122333333333221111111111111111111111111111111111111111111111111111111145555555
5544111111111111111111233344443333221111116111111111111111111111111111111111111111111111111455555555
5441111111111111111112344444444433321111111111111111111111111111134444444444211111111111114555555555
4411111111111111111133444444444443322111111111111111111111111134455555555555555443111111445555555555
4216111111111111112344444444444444332111111111111111111111112445555555555555555555555555555555555555
3111111111111111123444444444444444433211111111111111111111144555555555555555555555555555555555555555
1111111111111111234444555555554444443321111111111111111112445555555555555555555555555555555555555555
1111111111111113444455555555555544444432111111111111111134555555555555555555555555555555555555555555
1111111111111134444555555555555555444443211111111111113445555555555555555555555555555555555555555555
1111111111112344455555555555555555544444432211111112344555555555555555555555555555555555555555555555

5555555555555554444311111124455555555555555555555555555555555555555555555555555555555544411111111111
5555555555555554444431111124445555555555555555555555555555555555555555555555555555555555544411111111
5555555555555555444443211124445555555555555555555555555555555555544555555555555555555555555544311111
5555555555555555444443211123445555555555555555555555555555555541112455555555555555555555555555444111
5555555555555555444444321112444555555555555555555555555555553111111145555555555555555555555555554431
5555555555555555444444211111134455555555555555555555555555311111111114555555555555555555555555555444
5555555555555554444443111111111444555555555555555555555541111111111111455555555555555555555555555544
5555555555555444444431111111111112445555555555555555553111111111111111145555555555555555555555555554
5555555555444444443211111111111111111344555555555543111111111111111111114555555555555555555555555554
5555555444444443211111111111111111111111111111111111111111111111111111111445555555555555555555555554

1111111111111111111112233333332222222233334444444444444444444432111111111111111111111111111111111111
1111111111111111134444444444444333333333333344444444444444444444321111111111111244444555544411111111
1111111111111134444444444444444433333333333333334444444444444444443221111111344455555555555554411111
1111111111113444444444444444444332222222222222222344444444444444444444444444445555555555555555554411
1111111111134444444444444444443322111111111111111223444444444444444444444444555555555555555555555554
1111111111244444444444444444432111111111111111111111234444444444444444444555555555555555555555555555
1111111111244444444444444443211111111111111111111111112344444444444444455555555555555555555555555555
1111111111134444444444444321111111111111111111111111111123444444444444555555555555555555555555555555
1111111111112344444444322111111111111111111111111111111111234444444445555555555555555555555555555555
1111111111111111121111111111111111111111111111111111111111112344444445555555555555555555555555555555

5555555444444444444433322111111111111111111111111111111112111111111111111111111111111111111111111111
5555555544444444444444443322111111111111111111112223334444333333322222111111111111111111111111111111
5555555444444444444444444433322111111111111122334444444444444444433332222111111111111111111111111111
5555555444444444444444444444433222222222233344444444444444444444444443332221111111111111111111111111
5555555444444444444444444444444333333333444444444444444444444444444444433322211111111111111111111111
5555554444444444444444444444444444444444444444444455555554444444444444444333222111111111111111111111
5555554444444444444444444444444444444444444444445555555555544444444444444443332222111111111111111111
5555544444433333333334444444444444444444444444555555555555555444444444444444443333322111111111111111
5555544444332222222233333333444444444444444445555555555555555544444444444444444444443321111111111111
5555444443221111111112222233333334444444444445555555555555555555444444444444444444444443211111111111

5555555555555555555555555555555555544444444333221111111111111111111111111111111111111111111111111111
5555555555555555555555555555555554433333333322211111111111111111111111111111111111111111111111111111
5555555555555555555555555555555543222222222222111111111111111111111111111111111111111111111111111111
5555555555555555555555555555555543111112222222221111111111111111111112222222222222222222222222211111
5555555555555555555555555555555542111112233333322222222221111111222222223333222222333333333333333332
5555555555555555555555555555555543211123333444333333333333332222333333333333333333333344444444444444
5555555555555555555555555555555554333334444444444444444444443333333344444444444444444444444444444444
5555555555555555555555555555555555444445555555555555555554444444444444444444444444444455555555555555
5555555555555555555555555555555555555555555555555555555555555555555555555555555555555555555555555555
5555555555555555555555555555555555555555555555555555555555555555555555555555555555555555555555555555

1111111123334444444445555555555545555555555555555555555555444444444444433332221111111112223333333332
1111112233344444444444444444444444444444445555555555555555444444444444443333222111111222333333333333
1112223333444444444444444444444444444444444444445555544444444444444444443333322211112223333333333333
2223333344444444444444444444333322222222333444444444444444444444444444443333322211111222333333333333
3333333444444444444444443333211111111111111223333344444444444444444444443333222111111122233333333333
3333344444444444444433333211111111111111111111111223333444444444444444333332221111111111122233333322
3334444444444444433332211111111111111111111111111111122333444444444333333322111111111111111111221111
3444444444444333332211111111111111111111111111111111111223334443333333322111111111111111111111111111
3344444443333333211111111111111111111111111111111111111112333333333322211111111111111111111111111111
3333333333333221111111111111111111111111111111111111111111122332222111111111111111111111111111111111

5555555443222111111111111122222222244455555555555555555555555555555443222111111111112222234444555555
5555555444222111111111111111111222224445555555555555555555555555555554443222222222222234444555555555
5555555444322211111111111111111111222344555555555555555555555555555555544443222222233444455555555555
5555555444322211111111111111111111112234455555555555555555555555555555554444433323334444455555555555
5555555544322211111111111111111111111122445555555555555555555555555555555444433323334444455555555555
5555555444322211111111111111111111111111234555555555555555555555555555554444322222223444445555555555
5555555444322111111111111111111111111111112445555555555555555555555555544432222222222234444555555555
5555555443222111111111111111111111111111111124555555555555555555555555444222211111111222244445555555
5555554442221111111111111111111111111111111111244555555555555555555444322111111111111111222344455555
5555544422211111111111111111111111111111111111112244455555555554444322111111111111111111111223444555

4444455555555555444444221111611111111111111111111111111111111111111111111111111111111611111111111111
5555555555555555555555444421111111111111111111111111111111111111111111111111111111111111122222221111
5555555555555555555555554444421111111111111111611111111111111111111111111111112223444444444444444444
5555555555555555555555555544444322111111111111111111111111111111111111111222344444444555555555555555
5555555555555555555555555555444444322221111111111111111111111111111112223444444445555555555555555555
5555555555555555555555555555544444443322222222111111111111111111122222344444444555555555555555555555
5555555555555555555555555555544444444333222222221111111111111112222223444444445555555555555555555555
5555555555555555555555555555444444443322222222111111111111111111122223444444445555555555555555555555
5555555555555555555555555554444443222211111111111111111111111111111122234444445555555555555555555555
5555555555555555555555555444443221111111111111111111111111111111111111122344444455555555555555555555

5555555555444332222222222222222222222222222222222222222222222222222222222333333333333333332222111111
5555555555544443322222222222222222222222222222222223333333333333333333333333444444444444333322221111
5555555555544444333222222222223333333322222223333333333344443333333333333444444444444444443332222111
5555555555554444333332222223333333333333333333333344444444444444444444444444444444444444444333222211
5555555555544444333333222333333333333333333333334444444444444444444444444444444444444444444433322211
5555555555544444333332222333333333333333333333344444444444444444444444444444444444444444444433322221
5555555554444433333222222223333333333333333333344444444444444444444444444444444444444444444443322221
5555555444443333222222222222223333333333333333334444444444444444444444444444444444444444444433322221
5554444443332222222222222222222222222222222333333344444444444444443333334444444444444444444333322221
4444333322222222111111111122222222222222222222333333334444444433333333333333444444444444443333222211

5555555555555555555555555555555555555555555555555555555555555555555555555555555555555555421111111124
5555555555555555555555555555555555555555555555555555555555555555555555555555555555553111111111111111
5555555555555555555555555555555555555555555555555555555555555555555555555555555553111111111111111111
5555555555555555555555555555555555555555555555555555555555555555555555555555554111111111111111111111
5555555555555555555555555555555555555555555555555555555555555555555555555555211111111111111111111111
5544444444444444444445555555555555555555555555555555555555555555555555555411111111111111111111111111
4443332222222222233444445555555555555555555555555555555555555555555555521111111111111111111111111111
2111111111111111112223444455555555555555555555555555555555555555555541111111111111111111111111111111
1111111111111111111112234444555555555555555555555555555555555555554111111111111111111111111111111111
1111111111111111111111122344455555555555555555555555555555555555411111111111111111111111111111111111

1111111111111111111111111111111111111111111111111111111111111111111111111111111111111111111111111111
1111222111111111111111111111111111111111111111111111111111111111111111111111111111111111111111111111
2444444444211111111111111111111111111111111111111111111111111111111111111111111111111111111111111111
4444444444444211111111111111111111111111111111111111111111111111111111111111111111111111111111111111
4444444444444444211111111111111111111111111111111111111111111111111111111111111111111111111111111111
4455555555444444442111111111111111111111111111111111111111111111111111111111111111111111111111111111
5555555555555444444421111111111111111111111111111111111111111111111111111111111111111111111111111111
5555555555555544444444211111111111111111111111111111111111111111111111111111111111111111244444421111
5555555555555555444444443211111111111111111111111111111111111111111111111111111111111124444444444421
5555555555555555554444444442211111111111111111111111111111111111111111111111111111111344455555555444

5555555555555554443211111111111111111111111111111111112223222221111111111111111111111111111111111111
5555555555555443111111111111111111111111111111111111112223322222111111111111111111111111111111111111
5555555555544211111111111111111111111111111111111111112233333322222111111111111111111111111111111111
5555555554421111111111111111111111111111111111111111122334444433332222221111111111111111111111111111
5555555543111111111111111111111111111111111111111111123444444444444444333222111111111111111111111111
5555554411111111111111111111111111111111111111111112234444444444444444444444432221111111111111111111
5555543111111111111111111111111111111111111111111223444444444444444444444444444444332221111111111111
5555411111111111111111111111111111111111111111223344444445555555555555555555444444444444444333333444
5544111111111111111111111111111111122222223333444444445555555555555555555555555555554444444444444444
5431111111111111111111111111111223334444444444444445555555555555555555555555555555555555555555555555

5555555555555555555555555555555555555555555555555555555555555555555555555555555555555555555555555555
5555555555555555555555555555555555555555555555555555555555555555555555555555555555555555555555555555
5555555555555555555555555555555555555555555555555555555555555555555555555555555555555555555555555555
5555555555555555555555555555555555555555555555555555555555555555555555555555555555555555555555555555
5555555555555555555555555555555555555555555555555555555555555555555555555555555555555555555555555555
5555555555555555555555555555555555555555555555555555555555555555555555555555555555555555555555554444
5555555555555555555555555555555555555555555444444444445555555554444444444444444555555555555544442111
5555555555555555555555555555555555555555444444444444444444444444321111111111244444455555444442111111
5555555555555555555555555555555555555444432111111111111111111111111111111111111444444444444111161111
5555555555555555555555555555555555544411111111111111111111111111161111111611111124444444311111111111

5555555555555555554444443444444455555555555555555555555555555555555555544444444444444444444444444442
5555555555555555544432211123344444555555555555555555555554444444444444444444444444444444444444444432
5555555555555554443211111111123444444445555555444444444444333322222111111111112222333344444444444443
5555555555555444311111111111111234444444444444444321111111111111111111111111111111111223344444444443
5555555555554431111111111111111112333444433221111111111111111111111111111111111111111112334444444444
5555555555443111111111111111111111111111111111111111111111111161111111111111111111111122344444444444
5555555554411111111111111111111111111111111111111111111111111111111111111111111111111233444444444444
5555555441111111111111111111111111111111111111111111111111111611111111111111111111223344444444444444
5555554311111111111111111111111111111111111111111111111111111111111111111222223333444444444445555555
5555541111111111111111111111111111111111111161111111111111111111123344444444444444444444455555555555

5555555555555555555555555555442111111111111111111111111111111111111111111111111111111134555555555555
5555444444444445555555555544411111111111111111111111111111111111111111111111111111111113445555555555
5544433222223444444555554443111111111111111111111111111111111111111111111111111111111111244445555555
4443211111111233444444444443111111111111111111111111111111111111111111111111111111111111123444444444
4431111111111113344444444443111111111111111111111111111111111111111111111111111111111111113344443333
4321111111111113344444444443211111111111111111111111111111111111111111111111111111111111113333333211
4321111111111133444444554444431111111111111111111111111111111111111111111111111111111111123444332111
4432111111123344445555555555544311111111111111111111111111111111111111111111111111111111344444443211
4444333333444445555555555555555544311111111111111111111111111111111111111111111111111134444544444321
4444444444445555555555555555555555555443216111111111111111111111111111111111111111114455555555554443

1111114444444444444444444445555555555555555555555555555555555555555555555555555555555555555555555555
1111114444444444321111124444445555555555555555555555555555555555555555555555555555555555555555555555
1111124444444431111111111112444455555555555555555555555555555555555555555555555555555555555555555555
1111134444444311111111111111113444455555555555555555555555555555555555555555555555555555555555555555
1111244444444311111111111111111124444555555555555555555555555555555555555555555555555555555555555555
1111444444444411111111111111111111144444555555555555555555555555555555555544444444455555555555555555
1114444444444431111111111111111111111344445555555555555555555555555554441111111111111144555555555555
1134444444444442111111111111111111111111444445555555555555555555554431111111111111111111114555555555
1144444444444444311111111111111111111111111444444455555555555544421111111111111111111111111114555555
1444455555444444441111111111111111111611111111134444444444444311111111111111111111111111111111134555

1111111111111111111111111111111111111111111111111111111111111111111111111111111111111111111111111111
2221111111111111111111111111111222333333222111111111111111111111111111111111111111111111111111111111
4332221111111111111111111122334444444444444322111111111111111111111111111111111111111111111111111111
4433222221111111111112223344444555555555544443221111111111111111111111111111111111111111111111111111
4443322222222222222233444445555555555555555444432211111111111111111111111111111111111111111111111111
4433332222222223333444444555555555555555555544443222211111111111111111111111111111111111111111111111
4333222222233333444444555555555555555555555554444332222111111111111111111111111111111111111111111111
3322222222233344444445555555555555555555555554444432222221111111111111111111111111111111111111111111
3222222222233344444455555555555555555555555554444433222221111111161111111111111111111111111111111111
2221111122222334444455555555555555555555555554444332222221111111111111111111111111111111111111111111

5555555555555555541111111111111111111111111111111111111111111111111111111111122223344444444444444444
5555555555555555543111111111111111111111111111111111222233333222222222222222222233344444444444444444
5555555555555555554311111111111111111111111111111233444444444444443333322222223333334444444444444433
5555555555555555554442111111111111111111111111123444444444444444444444433333333333333333333333332222
5555555555555555555444422111111111111111111112234444444444444444444444444433333333333333333222221111
5555555555555555555544444332111111111111111112334444444444444444444444444444333333333322222221111111
5555555555555555555554444444322111111111111112234444444444444444444444444444333333322222222111111111
5555555555555555555555444444432211111111111112223444444444444444444444444443333332222222111111111111
5555555555555555555555544444432211111111111111122334444444444444444444444433333222222221111111111111
5555555555555555555555544444432111111111111111111223344444444444444444444333322222222111111111111111

4444444443322211111111111111111112222222222222222221111111111111111111111111111111111222223333444444
4444433322211111111111111111111111122222222222222211111111111111111111111111111111111122222233334444
4333222211111111111111111111111111112222222222222111111111111111111111111111111111111112222223333444
2222111111111111111111111111111111111222222222222111111111111111111111111111111111111111222223333344
1111111111111111111111111111111111112222222222222221111111111111111111111111111111111111222222333334
1111111111111111111111111111111111122222222222222222221111111111111111111111111111111112222222333333
1111111111111111111111111111111112222223333333333222222222222222222222222222221111111222222223333333
1111111111111111111111111111111222223333333443333333333332222222222222222222222222222222222233333333
1111111161111111111111111111122223333444444444444444444333333333333333333333332222222222223333333333
1111111111611111111111111112222333444444444444444444444444444444444444444444333333333333333333333344

1111111111111111111111111111111111111111111111111111111111123444555555555555555555544444444444445555
1111111111111111111111111111111111111111111111111111111123444555555555555555555555444443333222334555
1111111111111111111111111111111111111111111111111111112344455555555555555555555554444332111111112345
1111111111111111111111111111111111111111111111111111234445555555555555555555555444433211111111111134
1111111111111111111111111111111111111111111111111113344455555555555555555555554443321111111111111112
1111111111111111111111111111111111111111111111111123444555555555555555555555444332111111111111111111
1111111111111111111111111111111111111111111111111133444555555555555555555544433111111111111111111111
1111111111111111111111111111111111111111111111111123344445555555555555444443211111111111111111111111
1111111111111111111111111111111111111111111111111111233444445555544444433211111111111111111111111111
1111111111111111111111111111111111111111111111111111112333444444444332111111111111111111111111111111

1111111111111111111111111123444444444443332222222211111111111111111111111111111222222222222222221111
1111111111111111111111111112234444444333222222222221111111111111111111111111111122222222222222222111
1111111111111111111111111111223333333322222222222222211111111111111111111111111122222222222222222211
1111111111111111111111111111122223332222222222222222222211111111111111111111111122222222222222222221
1111111111111111111111111111112222222222222222222222222222111111111111111111111122222222222222222222
1111111111111111111111111111111222222222222222222222222222221111111111111111111122222222222222222222
1111111111111111111111111111111111222222222222222223333333222111111111111111111122222222222222222222
1111111111111111111111111111111111111111222222222233444444332211111111111111111122222222222333333222
1111111111111111111111111111111111111111122222222334444444443221111111111111111122222222333333333333
1111111111111111111111111111111111111111112222223344444444444322111111111111111222222233333344444443

1111111111111111111111111111111111111111111111111111111111111111111111111111111111111111111155555555
1111111111111111111111111111111111111111111111111111111111111111111111111111111111111111111145555555
1111111111111111111111111111111111111111111111111111111111111111111111111111111111111111111125555555
1111111111111111111111111111111111111111111111111111111111111111111111111111111111111111111114555555
1111111111111111111111111111111111111111111111111111111111111111111111111111111111111111111114555555
1111111111111111111111111111111111111111111111111111111111111111111111111111111111111111111111455555
1111111111111111111111111111111211111111111111111111111111111111111111111111111111111111111111455555
1111111111111111111111111111134441111111111111111111111111111111111111111111111111111111111111145555
1111111111111111111111111111344444111111111111111111111111111111111111111111111111111111111111135555
1111111111111111111111111113455554311111111111111111111111111111111111111111111111111111111111114555

1111111111111111111111111111111111111111111111111111111111111111111111111111111111111111111111111111
1111111111111111111111111111111111111111111111111111111111111111111111111111111111111111111111111111
1111111111111111111111111111111111111111111111111111111122333444444444444443333221111111111111111111
1111111111111111111111111111111111111111111111112233344444444455555555555555444444444444333322111111
1111111111111111111111111111111111111111112233334444444455555555555555555555555555555554444444444444
1111111111111111111611111111111111111122333344444444555555555555555555555555555555555555555555555555
1111111111111111111111111111111111112233334444444455555555555555555555555555555555555555555555555555
1111111111111111111111111111111111122333444444444555555555555555555555555555555555555555555555555555
1111111111111111111111111111111111122333444444445555555555555555555555555555555555555555555555555555
1111111111111111111111111111111111112233344444444555555555555555555555555555555555555555555555555555

1111111111111112455555555555555555444322222112222233344444444444555555555555555555555555555555555555
1111111111111111345555555555555555443222211111222233344444444444455555555555555555555555555555555555
1111111111111116234555555555555554433221111111122223334444444444444555555555555555555555555555555555
1111111111111111123455555555555544332221111111112222333444444444444444555555555555555555555555555555
1111111111111111112344555555554444322211111111111222233333344444444444444444455555555555555555555555
1111111111111111111123444444444443322111111111111122222333333333333344444444444444455555555555555555
1111111111111111111112234444444333222111111111111111222222222222222223333333334444444444555555555555
1111111111111111111111122233333322221111111111111111111122222222222222222222222333334444444444444445
1111111111111111111111111122222222211111111111111111111111111111111111111111111222222233333344444444
1111111111111111111111116111111111111111111111111111111111111116111111611111111111111112222222233333

1111111111111111111116111111111111111111111111111111111111111111111111111111111111111111111111111111
1111111111111111111111111111111111111111111111111111111111111111111111111111111111111111111111111111
1111111111111112333211111111111111111111111111111111111111111111111111111111111111111111111111111111
1111111111111133444332111111111111111111111111111111111111111112222221111111111111111111111111111111
1111111111112344444443211111111111111111111111111111111112333333444433333211111111111111111111111111
1111111111134444444444331111111111111111111111111111223334444444444444444433322111111111111111111111
1111111111344555555544443311111111111111111111112333344444444444454444444444443333333222222111111111
1111111113445555555555444433211111111111111123334444444445555555555555555444444444444444444443332111
1111111134555555555555554444433322222223333444444444555555555555555555555555544444444444444444444433
1111111345555555555555555554444444444444444444455555555555555555555555555555555555555555555555555444

1111111111111111111111111111111111111111111111111111111111111111111111111111111111111111111111111111
3333332221111111111111111111111111111111111111111111111111111111111111111111111111111111122223332221
4444444444433221111111111111111111111111111111111111111111111111111111111111111122334444444444444444
5555544444444443322111111122233333333333333332211111111111111111111111111112334444444455555555555555
5555555554444444433333333334444444444444444444443333221111111111111111223344444455555555555555555555
5555555555544444444444444444444444444444444444444444444333322222223333444444455555555555555555555555
5555555555554444444444444444444444444444444444444444444444444444444444444455555555555555555555555555
5555555555554444444444444444444444444444444444444444444444444444444444445555555555555555555555555555
5555555555544444444444444444444444444444444444444444444444444444444444455555555555555555555555555555
5555555555544444444444444444444444444444444444444444444444444444444444555555555555555555555555555555

1111111111111111222222222222221111111111111111111111111111111111111111111111111111111111111111112444
1111111111111111122222222222222111111111111111111111111111111111111111111111111111111111112445555555
1111111111111111122222222222222222111111111111111111111111111111111111111111111111111114455555555555
1111111111111111122222233333333333222211111111111111111111111111111111111111111111124555555555555555
1111111111111111222233344444444444444433222211111111111111111111111111111111111134555555555555555555
1111111111111122223344444444444444444444444444332222222111111111111111111112344555555555555555555555
2222111122222223344444444444444555555555544444444444444444444444444444444455555555555555555555555555
3333332333333444444444444555555555555555555555555555555555555555555555555555555555555555555555555555
4444444444444444444455555555555555555555555555555555555555555555555555555555555555555555555555555555
4444444444444455555555555555555555555555555555555555555555555555555555555555555555555555555555555555

1111111111111111111111111111111111111111111111111111111111111111111111111111111111111111111112344444
1111111111111111111111111111111111111111111111111111111111111111111111111111111111111111111111123444
1111111111111111111111111111111111111111111111111111111111111111111111111111111111111111111111111111
1111111111111111111111111111111111111111111111111111111111111111111111111111111111111111111111111111
1111111111111111111111111122222111111111111111111111111111111111111111111111111111111111111111111111
1111111111111116111112444444444444211111111111111111111111111111111111111111111111111111111111111111
1111111111111111111124444444444444411111111111111111111111111111111111111111111111111111111111111111
1111111111111111111114444444444443111111111111111111111111111111111111111111111111111111111111111111
1111111111111116111111112344332111111111111111111111111111111111161111111111111111111111111111111111
1111111111111111111111111111111111111111111111111111111111111111111111111111111111111111111111111111

1111111111111111233333444444333333333333334444444444444444444444444444444444332111111111111111111111
1111111111111233444444444444444444444444444444444444444444444444444444444433321111111111111111111111
1111111111133444444444444444444444444444444444444444444444444444444444444333211111111111111111111111
1111111123444444555555555555444444444444444444444444444444444444444444443332211111111111111111111111
1111112344445555555555555555555544444444444444444444444444444444444444433332211111111111111111111111
1111344445555555555555555555555555554444444444444444444444444444444444443333221111111111111111111111
1234444555555555555555555555555555555555555444444444444444444444444444444433322111111111111111111111
4444555555555555555555555555555555555555555555554444444444444444444444444444333211111111111111111111
4555555555555555555555555555555555555555555555555555544444444444444444444444443322111111111111111111
5555555555555555555555555555555555555555555555555555555555555555555555444444444443221111111111111111

5555555555555555555555555554211111111111111111111111111111111111111111111111111111111111111111111111
5555555555555555555555555544111111111111111111111111111111111111111111111111111111111111111111111111
5555555555555555555555555441111111111111111111111111111111111111111111111111111111111111111111111111
5555555555555555555555554421111111111111111111111111111111111111111111111111111111111111111111111111
5555555555555555555555544311111111111111111111111111111111111111111111111111111111111111111111111111
5555555555555555555554443111111111111111111111111111111111111111111111111111111111121111111111111111
5555555555555555555544441111111111111111111111111111111111111111111111111111111144444444421111111111
5555555555555555555444421111111111111111111111111111111111111111111111111111114445555555544441111111
5555555555555555554444421111111111111111111111111111111111111111111111111111244555555555555544444311
5555555555555555554444421111111111111111111111111111111111111111111111111114445555555555555555555444

6111111111111122223333333333333333333344444444444444444444444444444444444444444444444444443322111111
1111111111111111111111222222222333333333333344444444444444444444444444444444444444444444443332111111
1111111111111111111111111111111111222222233333344444444444444444444444444444444444444444443332111111
1111111111111111111111111111111111111111122223333344444444444444444444444444444444444444443332111111
1111111111111111111111111111111111111111111112223334444444444444444444444444444444444444433321111111
1111111111111111111111111111111111111111111111112233344444444444444444444444444444444443332211111111
1111111111111111111111111111111111161111111111111122333444444444444444444444444444443333221111111111
1111111111111111111111111111111111111111161111111111223333333333333333333333333333332221111111111111
1111111111111111111111111111111111111111111111111111111222333322222222222222332222111111111111111111
1111111111111111111111111111111111111111111111111111111111111111111111111111111111111111111111111111

3333222111111111111111111111111111111111111111111111123344445555555555555555555555555555555555555555
4444433332221111111111111111111111111111111111111122334444455555555555555555555555555555555555555555
4444444443332221111111111111111111111111111111122233344444455555555555555555444444555555555555555553
5554444444433322211111111111111111111111112222223333444444445555555555544444332111134555555555555551
5555544444443332222111111111111111111122222223333333444444444455554444444322111111111355555555555551
5555554444443333222111111111111111112222222223333333344444444444444444332111111111111135555555555551
5555554444443332221111111111111111111122222222233333333444444444444333211111111111111114555555555551
5555544444433322111111111111111111111111111222222222233333333333333221111111111111111113555555555552
5555544444332211111111111111111111111111111111111111112222222222221111111111111111111113555555555553
5555444433221111111111111111111111111111111111111111111111111111111111111111111111111113555555555554

3444444455555555555555555555555555555555555555555555555555444444444433333334444444444444444444444455
3333444444445555555555555555555555555555555555555444444444444444333333333333333333333333333222233333
3333333444444444444444444445555555555555555554444444444444444433333332222222222222222222211111111122
2233333333334444443333334444445555555555554444444444444444443333333222222222222222221111111111111111
2222223333333333333333333334444445555554444444443333333344443333333222222222222211111111111111111111
2222222222333332222222222233344444444444444444333333333344444433333322222222221111111111111111111111
2222222222222222222111112223333444444444444444333333333444444444333333222222222111111111111111111111
2222222222222221111111111122333344444444444444333333444444444444444333333222222211111111111111111111
2222222222221111111111111122233334444444444444444444444444444444444444333333322221111111111111111111
2222222221111111111111111112233334444444444444444444444455555555554444444333333222211111111111111111

5555555555555555555555555555555555544444444444555555555555555555444444443211111111111111111111113445
5555555555555555555555555555555554444433444444444445555555555544444444443221111111111111111111134445
5555555555555555555555555555555444422111122234444444444444444444444444443322111111111111111112244445
5555555555555555555555555555544443211111111112234444444444444444444444443322211111111111111122444455
5555555555555555555555555554444432111111111111112223344444444444444444443322221111111111111223444455
5555555555555555555555555444444221111111111111111111222223333444444433332222222111111111111223444455
5555555555555555555555544444432111111111111111111111111111122222222222222222211111111111111223444445
5555555555555555555544444442211111111111111111111111111111111111111111111111111111111111111122444445
5555555555555555544444432211111111111111111111111111111111111111111111111111111111111111111112244444
5555555555555444444432211111111111111111111111111111111111111111111111111111111111111111111111223444

1111111111111111111111111111111111111111112222233333333333222222211111111111111112222111111111111111
1111111111111111111111111111111111122223333344444444444444444433333332222222222222333222111111111111
1111111111111111111111111111112222333344444444444555555554444444444433333333333333333333221111111111
1111111111111611111111111122233334444444444555555555555555555544444444433333333333333333221111111111
1111111611111111111112222233334444444444555555555555555555555555444444433333322223333332221111111111
1111111111222222222222333334444444444455555555555555555555555555444444333322222222222222211111111111
1111122223333333333333333444444444444555555555555555555555555555444443332221111111111111111111111111
1222333344444444444333444444444444444555555555555555555555555544444333221111111111111111116111111111
3334444444444444444444444444444444444444555555555555555555554444433321111111111111111111111111111111
4444444444444444444444444444444444444444444445555555555544444443322111111111111111111111111111111111

1111122222222222222211111111111111111111111222233333444444444445555555555555555555555555555555555555
1122233333333333222111111111111111111111111111111111112222333444444444444444444455555555555555555555
3344444444444444333221111111111111111111111111111111111111111222333344444444444444444444555555555555
4444444444444444444432211111111111111111111111111111111111111111122223333333333333333444444555555555
5555555555555555554444432211111111111111111111111111111111111111112222222222222222222333444444555555
5555555555555555555555444432211111111111111111111111111111111111122222222222222222222223344444455555
5555555555555555555555555544443322111111111111111111111111111122223333333333333222222333344444445555
5555555555555555555555555555554444443322211111111111111122223334444444444444444444333444444444445555
5555555555555555555555555555555555554444444443333333334444444444444444554444444444444444444444555555
5555555555555555555555555555555555555555555555444444444555555555555555555555555555555555555555555555

1111111111111111111111111111111111111111111111111111111111111111111111111111111111111111111111111111
1111111111111111111134444444444444311111111111111111111111111111111111111111111111112222221111111111
1111111111111111144555555555555554443211111111111111111111111111111111111111223334444444444333211111
1111111111161144555555555555555555544321111111111111122232222221111112223334444444444444444444432111
1111111112344555555555555555555555554431111111111112334444444444444444444444444444444444444444444321
4444444455555555555555555555555555554442111111111112344444444444444444444444444445455555554444444433
5555555555555555555555555555555555555442111111111113344444444444444444444444555555555555555444444444
5555555555555555555555555555555555555443111111111112344444444444444444444455555555555555555544444444
5555555555555555555555555555555555555443111111111111334444444444444444444555555555555555554444444444
5555555555555555555555555555555555555443111111111111233444444444444444444444444444444444444444444444

1111111111111255555555555555555555544443321111111111112222332222211111112222333334444444444444445555
1111111111111555555555555555555555554444332211111111223333333332222111112222333334444444444444445555
1111111111114555555555555555555555544444333221111222333344444333222211112222333334444444444444444555
1111111111125555555555555555555555444444333222222223334444444433322221122222333334444444444444444555
1111111111145555555555444444444444444444333222222233344444444443332222222222333334444444444444444555
1111111111155555555544323333444444444433322222222233344444444443332222222222333334444444444444444555
1111111111355555555431111111122223333322222222222233344444444444333222222222333334444444444444444555
1111111111455555554311111111111111111111111111122233344444444444333222222223333344444444444444445555
1111111111455555543111111111111111111111111111112223344444444444333322222233333344444444444444445555
1111111112455555431111111111111111111111111111111223334444444444433332222333333444444444444444455555

5555555555555555555555555555555555555555554441111111111111111111111111445555555555555555555555555555
4445555555555555555555555555555555555554444411111111111111111111111611445555555555555555555555555555
1114445555555555555555555555555555544444443111111111111111111111111111444555555555555555555555555555
1111124445555555555555555555554444444444321111111111111111111111111111244555555555555555555555555555
1111111344455555555555555444444444443321111111111111111111111111111111244455555555555555555555555555
1111111124444445555444444444444432111111111111111111111111111111111111244445555555555555555555555555
1111111112444444444444444444432111111111111111111111111111111111111111344445555555555555555555555555
1111111111444444444444444444321111111223444443211111111111111111111113444444455555555555555555555555
1111111112444444444444444444433323344444444444444443211111111111112444444444445555555555555555555555
1111111114444444444444444444444444444444444444444444444444444444444444444444444445555555555555555555

5555555555555544444444433322211111111111111111111111111111111111111111111111111111111111111111111111
5555555555554444444444333322211111111111111111111111111111111111111111111111111111111111111116111111
5555555555444444444444333322221111111111111111111111111111111111111111111111111111111111111111111111
5555555554444444444443333332222111111111111111111111111111111111111111111111111222333344444444444332
5555555544444444444443333333222221111111111111111111222222222222222222222223333344444444444444444444
5555555444444444444443333333322222221111111111122222233333333333333333333334444444444444555555555544
5555544444444444444444333333333222222222222222222233333333444444444444444444444444444555555555555555
5555444444444444444444433333333332222222222222223333333444444444444444444444444444445555555555555555
5544444444444444444444443333333333222222222222223333333344444444444444444444444444455555555555555555
4444444444444444444444444333333333222222222222222333333333333333333334444444444444445555555555555555

5555555555555555555555555555555555555555555555555555555555555555555555555555555555555555555555555544
4444444444445555555555555555555555555555555555555555555555555555555555555555555555555555555555444411
1111111111111445555555555555555555555555555555555555555555555555555555555555555555555444444444431111
1111111111111114455555555555555555555555555555555555555555555555555555555555444444431111111111111111
1111111111111111144555555555555555555555555555555555555555555555555544444443111111116111111111111111
1111111111111111114455555555555555555555555555555555444444444444443111111116111111111111111111111111
1111111111111111111445555555555555555555555555554444444211111111111111111111111111111111111111111111
1111111111111111111144555555555555555555555555544444111111111111111111111111111111111111111111111111
1111111111111111111144455555555555555555555555544441111111111111111111111111111111111111111111111111
1111111111111111111144455555555555555555555555544441111611111111111111111111111111111111111111111111

1111111111111111111111111111111111112333333333322211111111111111111111111111111111111111111111111124
1111111111111111111111111111111134455555555555555544444332111111111111111111111111111111111111111134
1111111111111111111111111111134455555555555555555555555544433211111111111111111111111111111111111245
1111111111111111111111111123455555555555555555555555555555544433111111111111111111111111111111111345
1111111111111111111111123445555555555555555555555555555555555444331111111111111111111111111111112455
1111111111111111111233445555555555555555555555555555555555555554433211111111111111111111111111113455
1111111111223333344445555555555555555555555555555555555555555555443321111111111111111111111111124455
3333444444444444555555555555555555555555555555555555555555555555444332111111111111111111111111134555
4445555555555555555555555555555555555555555555555555555555555555544332111111111111111111111111134555
5555555555555555555555555555555555555555555555555555555555555555544332111111111111111111111111234555

5555544444432222222222223344444444444444444444444444444444444443333334444444444444555555555555555555
5555444444432222222222233444444444444444444444444444444444444444444444444444444444555555555555555555
5554444444322222222222233444444444444444444444444444444444444444444444444444444444555555555555555555
5544444444322222222222334444444444444444444444444444444444444444444444444444444444444555555555555555
4444444443322222222223334444444444444444444444444444444444444333333344444444444444444444445555555555
4444444443322222222333344444444444444444444444444444443333222222222222333444444444444444444444555555
4444444443332222233333444444444444444444444444443332222221111111111111122222333444444433334444444555
4444444433333333333333444444444444444444444332222111111111111111111111111111111111111111111111224444
4444443333333333333333344444444444443333222211111111111111111111111111111111111111111111111111111112
4443333332222233333333333333333222222221111111111111111111111111111111111111111111111111111111111111

5555555554441111111111111111111111111111222333332211111111111111111234444444555555555555555555555555
5555555555554441111111111111111111234444444444444443322111111111122344444444455555555555555555555555
5555555555555544442111111111111134444444444444444444444332222222334444444444445555555555555555555555
5555555555555555544443211111123444444444444444444444444444443344444444444444444445555555555555555555
5555555555555555555444444333444444444444444444444444444444444444444444444444444444455555555555555555
5555555555555555555544444444444444444444444444444444444444444444444444444444444444444555555555555555
5555555555555555555555444444444444444444444444444444444444444444444444444444444444444445555555555555
5555555555555555555555544444444444444444444432222223344444444444444444444444444444444444455555555555
5555555555555555555555544444444444444444322111111111223444444444444444444333222222223444444555555555
5555555555555555555555544444433222222111111111111111111222333333333333332222111111111123444445555555

5555555555555555555555555555555555555555555555555555555555555555555555444444333333444444444444444443
5555555555555555555555555555544444444444445555555555555555555555554444432111111111122344444444444444
5555555555555555555555555544444332223344444444444444444444444444444321111111111111111123444444444444
5555555555555555555555544444321111111111223344444444444444444443321111111111111111111112344444555554
5555555555555555555555444432111111111111111112222222222222222211111111111111111111111112344445555555
5555555555555555555544444321111111111111111111111111111111111111111111111111111111111112444445555555
5555555555555555555444443211111111111111111111111111111111111111111116111111111111111123444455555555
5555555555555555554444443211111111111111111111111111111111111111111111111111111111111234444555555555
5555555555555555544444443211111111111111111111111111111111111111111111111111111111112444455555555555
5555555555555555544444443321111111111111112222222221111111111111111111111111111112244444555555555555

1111111111134455555555555555444444444444433111111111111111111111111111112333333211111111111111111111
1111111111111344445555544444444444444444444331111111111111111113344444444444444444432111111111111344
1111111111111112444444444444443333334444444444332222333444444444444455555555555544444431111111134444
1111111111111111111111111111111111111233444444444444444444444445555555555555555555444444321123444444
1111111111111111111111111111111111111111123334444444444444445555555555555555555555444444322223444444
1111111111111111111111111111111111111111111112334444444444555555555555555555555555444443211112344444
1111111111111111111111111111111111111111111111112344444444455555555555555555555554444431111111123444
1111111111111111111111111111111111111111111111111113444444445555555555555555555544443111111111111134
1111111111111111111111111111111111111111111111111111113444444445555555555555544444311111111111111111
1111111111111111111111111111111111111111111111111111111112344444444444444444444311111111111111111111

1111111111111111111111111111111111111111111111111111111111111222333333333333333444444555555555555555
1111111111111111111111111111111112221111111111111111111111122233333333444444444444455555555555555555
1111111111111111111111111111111334433211111111111111111112223333333444444444444444555555555555555555
1111111111111111111111111111124555554321111111111111111222333333334444444444444455555555555555555555
1111111111111111111111111111355555555432111111111111112223333333334444444444444455555555555555555555
1111111111111111111111111113555555555543211111111111122333333333334444444444444445555555555555555555
1111111111111111111111111135555555555554321111111111223333333333333444444444444444444555555555555555
1111111111111111111111111455555555555555432111111112233333333333333334444444444444444444444444444444
1111111111111111111111135555555555555555543221111222333333333333333333333344444444444444444433333333
3211111111111111111124555555555555555555554333222233333333333333333333333333333333333333333333222211

1111111111111111111111111111111111111111111111111111111111111111234444455555555555555555555555555555
1111111111111111111111111111111111111111111111111111111111111111111114444455555555555555555555555555
1111111111111111111111111111111111111111111111111111111111111111111111124444455555555555555555555555
1111111111111111111111111111111111111111111111111111111111111111111111111144444455555555555444444444
1111111111111111111111111111111111111111111111111111111111111111111111111112444444444444444442111111
1111111111111111111111111111111111112333444444443321111111111111111111111111134444444444311111111111
1111111111111111111111111111123344444444444444444444432111111111111111111111112344444321111111111111
1111123444444444444444444444444444444444444444444444444432111111111111111111111333332111111111111111
2344444444444444444444444444444555555555555555555544444444431111111111111111112333321111111111111111
4444445555555555555555555555555555555555555555555555555444444443211111111123344444431111111111111111

1111111111111111111111111111111111111111111111111111111111111111111111111111111111111111111111111124
1111111111111111111111111111111111111111111111111111111111111111111111111111111111111111111112445555
1111111111111111111111111111111111111111111111111111111111111111111111111111111111111116112445555555
1111111111111111111111111111111111111111111111111111111111122221111111111111111111111112445555555555
1111111111111111111111111111222222211111111111111111224444444444444432221111111111122445555555555555
1111111111111111111111112344445544444422211111122344445555555555555554444444333344445555555555555555
1111111111111111111111244555555555555444444444444445555555555555555555555554444455555555555555555555
1111111111111111111124455555555555555555554444455555555555555555555555555555555555555555555555555555
1111111111111111111244555555555555555555555555555555555555555555555555555555555555555555555555555555
1111111111111111123445555555555555555555555555555555555555555555555555555555555555555555555555555555

5555555555555555555555555555555555555555555555555555555555555555555555555555555555555555555555555442
5555555555555555555555555555555555555555555555555555555555555555555555555555555444444444444445544441
5555555555555444444444455555555555554444444445555555555555555555555555555444443321111112234444444431
5555555555444444444444444444444444444332222233444444555555555555554444444321111111111111112444444431
5555555544444443332222223333222221111111111111111223444444444444444332111111111111111111112344444431
5555555544444322211111111111111111111111111111111111111122222222111111111111111111111111112444444442
5555555544444321111111111111111111111111111111111111111111111111111111111111111111111111124444454444
5555555544444322111111111111111111111111111111111111111111111111111111111111111111111112344455555554
5555555554444432211111111111111111111111111111111111111111111111111111111111111111112344445555555555
5555555555444444322211111111111111111111111111111111111111111111111111111222222334444445555555555555

1111111111116123344444433221111111111111111111111111111111111111111111111111123334444455555555555444
1111111111111234444554444433321111111111111111111111111111111111111111111112233344444555555555555555
1111111111123344455555554444433322111111111111111111111111111111111111112223333444445555555555555555
2222111122233344455555555554444433332221111111111111111111111111111222223333333444444555555555555555
3333322223333444455555555555444444433333322211111111111112222333333333333333333444444555555555555555
4333333333333444455555555555544444444333333332222222223333333333333333333333333334444455555555555555
4443333333333344444555555555444444444443333333333333333344444444443333333333333333344444555555555555
4443333332333334444444444444444444444433333333333333334444444444443333332222222222333444445555555555
4433332222222233334444444444444443333333333333333333344444444444433333221111111111122333444455555555
4433221111111112223333333333333333333332222222233333334444444443333221111111111111111123334444555555

1111111111111111111111111111111111111111111111111111111111111111111111111111111111111111111111111144
1111111111111111111111111111111111111111111111111111111111112443111161111111111111111111111111114445
1111111111111111111111111111111111111111111111111111111444555555555444111111111111111111161111444555
1111112444443111111111611111111111111111111111111114445555555555555555544431111111111111112444455555
1144444444444444444431111111111111111111111111144445555555555555555555555554444444444444444445555555
4445555555555555554444444411111111111111111444445555555555555555555555555555555554444445555555555555
4555555555555555555555444444431111111113444445555555555555555555555555555555555555555555555555555555
5555555555555555555555555444444431113444444555555555555555555555555555555555555555555555555555555555
5555555555555555555555555544444444444444455555555555555555555555555555555555555555555555555555555555
5555555555555555555555555554444444444444455555555555555555555555555555555555555555555555555555555555

1111111111111111111111111111234444444444444444444444444444455555555555555555555555555555555555555555
1111111111111111111111611111123444444444444444432211111112344444555555555555555555555555555555555555
1111111111111111111116111111123444444444444443211111111111111124444445555555555555555555555555555555
1111111111111111111111111111234444444444444431111111161111111111112344444445555555555555555555555555
1111111111111111111111111234444444444444444421111111111111111111111111234444444444444444444444444444
1111111111111111111112344444444444444444444442111111111111111111111111111123444444444444444444444444
1111111111111112234444444444444555555544444444311111111111111111161111111111123334444444444333222222
1111111112344444444445555555555555555555555444443111111111111111611111111111112233444444443333222222
1234444444445555555555555555555555555555555554444432111111111111111111111111233444444444444444443344
4555555555555555555555555555555555555555555555555444443211111111111111122334444444444444444444444444

1111111111111111111111111111111111111111111111111111111111111111111111111111111111111111111111111111
1111111111111111111111111111111111111111111111111111111111111111111111111111111111111111111111111111
2211111111111111111111111111111111111111111111111111111111111111111111111111111111111111111111111111
2222111111111111111111111111111111111111111111111111111111111111111111111111111111111111111111111222
3222221111111111111111111111111111111111111111111111111111111112233332211111111111111111111111222222
3322222222211111111111111111111111111111111111111111111111111234444444443221111111111111111122222221
3333222222222222211111111111111111111111111111111111111111123444555555544433221111111111112222222111
4333332222222222222222111111111111111111111111111111111112344455555555555444332211111111111221111111
4433333333333333322222222221111111111111111111111111111123444555555555555544433222111111111111111111
4433333333333333333333322222222222111111111111111111112234445555555555555554443222111111111111111111

1111111111111111111111111111111111111111111111233334444444444444445555555555555555555555555555555555
1111111111111111111111111111111111111111111111112333344444444444444444444444445555555555555555555555
1111111111111111111111111111111111111111111111111233333444444444444444433333444444555555555555555555
1111111111111111111111111111111111111111111111111233333344444444443333111111111134445555555555555555
1111111111111111111111112111111111111111111111123333334444444444333311111111111111134455555555555555
1111111111111222333333333333332211111111111233333344444444444444433211111111111111111344555555555555
2223333333333333334444444444443333333333333344444444444444444444443311111111111111111114455555555555
3333334444444444444444444444444444444444444444444444444444444444444321111111111111111111345555555555
4444444444444444444444444444444444444444444444445555555555555544444432111111111111111111134555555555
4444444444444444555555555555555555555555555555555555555555555555544444311111111111111111114455555555

5555555555555555555555555555555555555555555555555555555555555211111111111111111111111111111111111145
5555555555555555555555555555555555555555555555555555555555554311111111111111111111111111111111113455
5555555555555555555555555555555555555555555555555555555555554311111111111111111111111111111111144455
4444555555555555555555555555555555555555555555555555555555554311111111111111111111111111111114445555
1111134444445555555555555555555555555555555555555555555555544211111111111111111111111111124444455555
1111111111134444444544544444444444444555555555555555555554444111111111111111111111111344444444555555
1111111111111111234444433211111111113444455555555555554444431111111111111111111124444444444555555555
1111111111111111111111111111111111111112444444454444444432111111111111111113444444445555555555555555
1111111111111111111111111111111111111111113444444444311111111111111234444444444455555555555555555555
1111111111111111111111111111111111111111111111111111111111111111124444444445555555555555555555555555

5555555555555555555555555555555555555555555555555555555555544444444444444444444444444444444442211116
5555555555555544444445555555555555555555555555555555444444444444444444444444444444444444444322111111
5555554444444444444444445555555555555555555554444444444444444444444444444444444444444444443221111161
4444444444444444444444444444555555455444444444444444444433332222222233333344444444444444332211111111
4444332222222222233444444444444444444444444444444443322222111111111111222222223333333332221111111111
2111111111111111122234444444444444444444444444333222211111111111111111111111112222222222111111116111
1111111111111111111223344444444444444444443332222111111111111111111111111111111111111111111111111111
1611111161111111111112234444444444444433322221111111111111111111111111111111111111111111111111111111
1111111111111611111111223344444444333322221111111111111111111111111111111111111111111111111111111111
1111111111111111111111112223333333222221111111111111111116111111111116111111111111111111111111111111

1111111111111111111111111111111111111111111111111111111111111111111111111111111111111111111111111111
1111111111111111111111111111111111112222221111111111111111111111111111111111111111111111111111111111
1111111111111111111111222222222222222222222221111111111111111111111111111111111111111111111111111111
1111111111111111122222233333333333333333333322211111111111611111111112222222222222222111111111111111
1111111111111122233333333333333333333333333332221111111111111111222223333344444444333322211111111111
1111111111112223334444444444444443333333333332222111111111111222223333444444444444444433332221111111
1111111112223334444444444444444444333333333332222111111111222223333444444455555555544444433332221111
1111111222333444444444444444444444333333333322222111111112222233344444455555555555555544444433332222
1111122233344444445455554444444443333333222222211111111112222333344444555555555555555555444444433332
1112233344444444555555555444444443333222222221111111111112222333444444555555555555555555554444444433

1111111111111111111111111111111111111111111111111111111111111111111111111111111111111111111111111144
1111111111111111111111111111111111111111111111111111111111111111111111111111111111111111111111111344
1111111122221111111111111111111111111611111111123444444432211111111111161111111111111111111111111444
1111113444444321111111161111111111111111111234444444444444443211111111111111111111111111111111113444
1111144444444442111111111111111111111111234444444444444444444432111111111111611111111111111111124445
1111344444444444321111111111111111111234444444444444444444444444211111111111111116111111111111244445
6112444444444444432111111111111111234444444444555555555444444444432111111111111111111111111112444455
1113444444444444444221111111111223444444444555555555555554444444443211111111111111111111111234444555
1113444444444444444432211111223444444444555555555555555555544444444432111111111111111111123444445555
1114444444444444444444333334444444444455555555555555555555554444444443221111111111111122344444455555

1111111111111111111111111111111111111111111111111111111111111111223334444333444445555555555555555555
1111111111111111111111111111111111111111111111111111111111111111111222222111122234445555555555555555
1111111111111111111111111122222221111111111111111111111111111111111111111111111122344555555555555555
1111111111111111111111223333333322211111111111111111111111111111111111111111111112344455555555555555
1111111111111111111233444444444433222111111111111111111111111111112221111111111112344555555555555555
1111111111111111123444455554444443322211111111111111116111111111222332221111111223444555555555555555
1111111111111123444555555555554444432221111111111111111111112223344444433322223344455555555555555555
1111111111112344555555555555555544443322211111111111111222334444445555444444444455555555555555555555
1111111111244555555555555555555555444433222222111122223344445555555555555555555555555555555555555555
1111111234455555555555555555555555554444443333333334444455555555555555555555555555555555555555555555

5555555555555555555555555555555555555555555555555555544443332221111111111111111111111111111111111111
5555555555555555555555555555555555555555555555555554444333222211111111111111111111111111111111111111
4555555555555555555555555555555555555555555555554444443332222211111111111111111111111111111111111111
1123445555555555555555555555555555555555554444444444433332222221111111111111111111111111111111111111
1111112344555555555555555555555555544444444444444444443333322222221111111111111111111111111111111111
1111111111223444445555555544444444433333444444444444444444333333222222222222221111111111111111111111
1111111111111111222222333333322222222233334444444444444444444444443333333333222221111111111111111111
1111111111111111111111111111111222222233344445555555555555555544444444444444443322211111111111111111
1111111111111111111111111111111111222233444555555555555555555555555555555555444443322111111111111111
1111111111111111111111111111111112223344455555555555555555555555555555555555555544443322211111111111

5555555555555555555555555555555555555555555555555555544444444222211122222233344444444444444332211111
5555555555555555555555555555555555555555555555555554444444422111111111122222233344444443322111111111
5555555555555555555555555555555555555555555555555544444444221111111111112222222333333222211111111111
5555555555555555555555555555555555555555555555555544444443221111111111222222233333322221111111111111
5555555555555555555555555555555555555555555555555444444443222111112222222333334333322221111111111111
5555555555555555555555555555555555555555555555555444444444432222223334444444444444432221111111111111
5555555555555555555555555555555555555555555555554444444444444444444444444444444444443221111111111111
5555555555555555555555555555555555555555555555555444444444444444444444444444444444444321111111111111
5555555555555555555555555555555555555555555555555444444444444444444444444444444444444432111111111111
5555555555555555555555555555555555555555555555555554444444444444444444444444444444444442111111111111

1111111111111134555555555555555554421111111111111111111111111111111111111111111111111111111111111111
1111111111112455555555555555555555443211111111111222223333333333322222222222223344444444322111111111
1111111111134555555555555555555555544322111111222233444444444444444444444444444444555555444443211111
1111111111345555555555555555555555544221111111222233444444444444444444444444455555555555555554443211
1111111112455555555555555555555555442111111111112223334444444444444444444455555555555555555555555443
1111111124455555555555555555555554321111111111111111222334444444444444444555555555555555555555555554
1111111124455555555555555555555442111111111111111111111122223344444444445555555555555555555555555555
1111111134455555555555555555544211111111111111111111111111111222233444444555555555555555555555555555
1111111124445555555555555554421111111111111111111111111111111111112234444555555555555555555555555555
1111111112444555555555554421111111111111111111111111111111111111111122344455555555555555555555555555

5444332111111111111111111111111111111111111111111111111111111111111111111111112233334444555555555555
5444332211111111222332221111111111111111111111111111111111111111111111111111111222333344445555555555
5444333211111223333333333322111111111111111111111111111111111111111111111111111111122333444555555555
5444333211112233334444444433332211111111111111111111111111111111111111111111111111111123344445555555
4444332211111233344444444444433333221111111111111111111111111111111111111111111111111111233344455555
4443322111111233344444444444444333333221111111111111111111111111111111111111111111111111111233444455
4433211111111123334444444444444443333322111111111111111111111111111111111111111111111111111111233444
4332111111111112333444444444444433333322111111111111111111111111111111111111111111111111111111111233
3211111111111111123333344444333333333221111111111111111111111111111111111111111111111111111111111111
1111111111111111111223333333333322221111111111111111111111111111111111111111111111111111111111111111

1111111112344444444444444444444444311111111112344444444444555555555555554444111111111114555555555555
1111111134444444444445555554444444444433334444444444444444444444444444311111111111111111113555555555
1111111134444444455555555555555444444444444444444444444444444444311111111111111111111111111114555555
1111111124444444455555555555555554444444444444444444444443111111111111111111111111111111111111114555
1111111113444444455555555555555555444444444444444444431111111111111111111111111111111111111111111114
1111111111244444445555555555555554444444444444444442111111111111111111111111111111111111111111111111
1111111111113444444445555555555444444444444444443111111111111111111111111111111111111111111111111111
1111111111111134444444444444444444444444333211111111111111111111111111111111111111111111111111111111
1111111111111111134444444444444444431111111111111111111111111111111111111111111111111111111111111111
1111111111111611111111233333331111111111111111111111111111111111111111111111111111111111111111111111

5555555555555555555555555555555555555555555555555554444444555555555555555555555555555555555555555555
5555555555555555555555555555555555555554444431111111111111111114455555555555555555555555555555555555
5555555555555555555555555555555555544421111111111111111111111111111134455555555555555555555555555555
5555555555555444444444445555555444411111111111111111111111111111111111111134455555555555555555555555
5555555555444111111112444444444431111111111111111111111111111111111111111111111111444444555555555555
5555555544211111111111111234432111111111111111111111111111111111111111111111111111111111111111111111
5555555421111111111111111111111111111111111111111111111111111111111111111111111111111111111111111111
5555544111111111111111111111111111111111111111111111111111111111111111111111111111111111111111111111
5555421111111111111111111111111111111111111111111111111111111111111111111111111111111111111111111111
5554111111111111111111111111111111111111111111111111111111111111111111111111111111111111111111111111

1111111111111111111111111111111116111111111111123444444444444444444444444431111111111111111111111111
1111111161111111111111161111111111111111111123444444444444444554554444444444211111111111111111111111
1111111111116111111111111111111111111111112234444444444444455555555544444444432111111111111111111111
1111111111111111111111111111111111111111112344444444444444444455555544444444443211111111111111111111
1111111111111666111111111111111111111111112234444444444444444444444444444444444311111111111111111111
1111111111111111111111611111111111111111111123344444444444444444444444444444444321111111111111111111
1111111111111111111111111111111111111111111111122333444444444444444444444444444311111111111111111111
1111111111111111111111111111111111111111111111111111111112222233444444444444432111111111111111111111
1111111111111111111111111111111111111111111111111111111111111111111111222222211111111111111111111111
1111111111111111111111111111111111111111111111111111111111611111111111111111111111111111111111111111

1111111111111111111111111111111111111112222222234444444444332222222222222222222222222222111111111111
1111111111111111111111111111111111111111222222223334443332222222222222222222222222222222222111111111
1111111111111111111111111111111111111111122222222333333222222222222222222222222222222222222222222111
1111111111111111111111111111111111111111122222222333332222222222222222222222222222222222222222222222
1111111111111111111111111111111111111111222222223333332222222222222222222223333333333344444444444444
1111111111111111111111111111111111111112222222334444433222222222222222223334444444444444444444444444
1111111111111111111111111111111111111122222234444444443322222222222222334444444444444444444455555555
1111111111111122222111111111111111112222223444444444444443322222223334444444444444444445555555555555
1111111111112222222222211111111111222222344444444444444444444334444444444444444444555555555555555555
1111111111122222222222222222222222222344444444444444444444444444444444444444455555555555555555555555

3111111111111111111111111111111111111111111111111111111111111111111111111111111111111111111111111111
1111111111111111111111111111111111111111111111111111111111111111111111111111111111111111111111111111
1111111111111111111111111111111111111111111111111111111111111111111111111111111111111111111111111111
1111111111111111111111111111111111111111111111111111111111111111111111111111111111111111111111111111
1111111111111111111111111222222222222221111111111111111111111111111111222222333322221111111111111112
1111111111111111111111122333333333333333332222221111111111111112222223333333333333332211111111111122
1111111111111111111111122334444444444444444333333322222222222223333333344444444444333222111111111123
1111111111111111111111122334444444444444444444443333333333333333333444444444444444443332211111111223
1111111111111111111111112334444444444444444444444444433333333334444444444444444444443332221111112233
1111111111111111111111111233344444444444444444444444444444444444444444444444444444444333222111112233

4211111111111111111111111111344555555555555421111111111111111111111111111111111111111111111111111111
5431111111111111111111111244555555555555555554211111111111111111111111111111111111111111111111111111
5544311111111111111111134455555555555555555555541111111111111111111111111111111111111111111111111111
5554443211111111111124445555555555555555555555554211111111111111111111111111111111111111111111111111
5555544433221112234444555555555555555555555555555541111111111111111111111111111111111111111111111111
5555555444444444444455555555555555555555555555555554211111111111111111111111111111111111111111111111
5555555554444444455555555555555555555555555555555555542111111111111111111111111111123333211111111111
5555555555555555555555555555555555555555555555555555555431111111111111111111344445555555544421111111
5555555555555555555555555555555555555555555555555555555554443221111223444455555555555555555544211111
5555555555555555555555555555555555555555555555555555555555555555555555555555555555555555555555431111

5555555555555555555555555555555544411111111111111111111111111111111145555555555555555555555555555555
5555555555555555555555555555544411111111111111111111111111111111111111445555555555555555555555555555
5555555555555555555555555555441111111111111111111111111111111111111111114455555555555555555555555555
5555555555555555555555555544111111111111111111111111111111111111111111111144555555544444445555555555
5555555555555555555555555441111111111111111111111111111111111111111111111111111111111111111111145555
5555555555555555555555544411111111111111111111111111111111111111111111111111111111111111111111111114
5555555555555555555555443111111111111111111111111111111111111111111111111111111111111111111111111111
5555555555555555555554441111111111111111111111111111111111111111111111111111111111111111111111111111
5555555555555555555544411111111111111111111111111111111111111111111111111111111111111111111111111111
5555555555555555555444211111111111111111111111111111111111111111111111111111111111111111111111111111

5555555555555555555555555555555555555555555555555555555555555555555555555555555555555555555555555555
5555555555555555555555555555555555555555555555555555555555555555555555555555555555555555555555555555
5555555555555555444444455555555555555555555555555555555555555555555555555555555555555555555555555555
5555555555555444444444444444555555555555555555555555555555555555555555555555555555555555555555555555
5555555555544444444444444444444555555555555555555555555555555555555555555555555555555555555555555555
5555555555444444444444444444444445555555555555555555555555555555555555555555555555555555555555555555
5555555554444444444444444444444444455555555555555555555555555555555555555555555555555555555555555555
5555555544444443333344444444444444445555555555555555555555555555555555555555555555555555555555555555
5555555444444432222344444444444444444455555555555555555555544444445555555555555555555555555555555555
5555554444444321112344444444444444444444555555554444444444444431144455555555555555555555555555555555

5555555555555555555555555555555555555555555555555555555555555555555555555555555555444444311111111111
5555555555554444444455555555555555555555555555444444444444444444444444444444444444311111111111111111
5555555554444311112444455555555555555555554444421111111111111111111111111111111111111111111111111111
5555555444411111111113444555555555555554444411111111111111111111111111111111111111111111111111111111
5555544443111111111111144444555555544444441111111111111111111111111111111111111111111111111111111111
5554444431111111111111113444444444444444211111111111111111111111111111111111111111111111111111111111
5544444411111111111111111444444444444442111111111111111111111111111111111111111111111111111111111111
5544444411111111111111111344444444444442111111111111111111111111111111111111111111111111111111111111
5544444431111111111111111444444444444444433344444444444311111111111111111111111111134444444111111111
5554444443111111111111124444444444444444444444444444444444311111111111111111111134444444444442111111

1111111111111111111111111111111111111111111111111111111111111111111111111111222222221111111111111111
1111111111111111111111111111111111111111111111111111111111111111111122333344444444444443321111111111
2222221111111111111111111111111111111111111111111111111111111111223344444444445555555544444331111111
3333333322222222222222222222222111111111111111111111111111111223344444445555555555555555555444321111
4444443333333333333333333333332211111111111111111111111111122334444445555555555555555555555554443211
4444444444433333333333333333333221111111111111111111111111223344444555555555555555555555555555554432
5444444444444444333333333333333221111111111111111111111112233444445555555555555555555555555555555444
5555544444444444444444443333333221111111111111111111111112334444455555555555555555555555555555555554
5555555444444444444444444433333221111111111111111111111122334444555555555555555555555555555555555555
5555555554444444444444444433332211111111111111111111111122334444555555555555555555555555555555555555

5555555555555555555555555444321111111111111111111111111111111111111111111111111111111111111111111111
5555555555555555555555555555444322111111111111111111111111111111111111111111111111111111111111111111
5555555555555555555555555555554444444333333333344444444443332221111111111111111111111111111111111223
5555555555555555555555555555555555555555555555555555555555554444332211111111111111111111111122334444
5555555555555555555555555555555555555555555555555555555555555555444432221111111111111112223344445555
5555555555555555555555555555555555555555555555555555555555555555554444433222222222222333444445555555
5555555555555555555555555555555555555555555555555555555555555555555544444443333333444444444555555555
5555555555555555555555555555555555555555555555555555555555555555555544444444444444444444455555555555
5555555555555555555555555555555555555555555555555555555555555555555544444444444444444444555555555555
5555555555555555555554444444444445555555555555555555555555555555554444444444444444444444555555555555

5555555555555555555555555555555555555555555555555555555555555555555555555555555555554444443111111111
5555555555555555555555555555555555555555555555555555555555555555555555555555555555444444211111111111
4444444445555555555555555555555555555555555555555555555555555555555555555555554444444421111111111111
1111111244444455555555555555555555555555555555444444444444444444444444444444444444443111111111111111
1111111111134444444455555555555555555555444444444421111111111234444444444444444444411111111111111111
1111111111111124444444444555555555544444444431111111111111111111111124444444444442111111111611111111
1111111111111111113444444444444444444444421111111111111111111111111111112344444311111111111111111111
1111111111111111111124444444444444444442111111111111111111161111111111111111111111111111161111111111
1111111111111111111112444444444444444421111111111611111111111111111111111111111111111111111111111111
1111111111111111111123444444444444444421111111111111111111111111111111111111111111111111111111111111

5555555555431111111111111111111111111111111111111111111111111111111111111111111111111111244445555555
5555555554421111111111111111111111111111112222222111111111111111111111111111111111112244444455555555
5555555554421111111111111111111112234444444444444444432211111111112223444444444444444444444555555555
5555555544411111111111111112234444444444444444444444444444322223444444444444444444444444455555555555
5555555544211111111122244444444444555555555555555444444444444444444444444444444444444455555555555555
5555555444211111223444444444445555555555555555555544444444444444444444445555555555555555555555555555
5555555444222223444444444555555555555555555555555555444444444444444444555555555555555555555555555555
5555554444222344444444555555555555555555555555555555444444444444444445555555555555555555555555555555
5555554444334444444455555555555555555555555555555555444444444444444445555555555555555555555555555555
5555554444444444445555555555555555555555555555555555444444444444444445555555555555555555555555555555

1111111111111111111111111111111111111111111111111111111111111111111111111111111111111111111111111111
1111111111111111111111111116111111111111111111111111111111111111111111111111111111111111111111111111
1111111111111111111111111111111111111111111111111111111111111111111111111111111122344311111111111111
1111111111111111111112444444444444421111111111111111111111111111111111112223444444444444211111111111
1111111111111111111444444444444444444444321111111111111111344444444444444444444444444444443111111111
1111111111111111124444444555555444444444444442111111112344444444444444444444444444444444444444311111
1111166111111111134444444555555555444444444444433222234444444444444444444444444444444444444444444311
1111111111111111114444444445555544444444444444432221223444444444444432111111111111234444444444444443
1111111111111111111144444444444444444444444432111111111111223332111111111111111111111111244444444444
1111111111111111111111124444444444444432111111111111111111111111111111116111111111111111111244444444

5555555555555555544444443311111111111111111111111111111111111111111111111111111111111111113455555555
5555555555555555555544444444311111111111111111111111111111111111111111111111111111111111345555555555
5555555555555555555555554444444311111111111111111111111111111111111111111111111111111634555555555555
5555555555555555555555555555555444431111111111111111111111111111111111111111111111113455555555555555
5555555555555555555555555555555555544431111111111111111111111111111111111111111111145555555555555555
5555555555555555555555555555555555555554411111111111111111111111111111111111111114555555555555555555
5555555555555555555555555555555555555555554311111111111111111111111111111111111355555555555555555555
5555555555555555555555555555555555555555555544111111111111111111111111111111114555555555555555555555
5555555555555555555555555555555555555555555555543111111111111111111111111111455555555555555555555555
5555555555555555555555555555555555555555555555555544111111111111111111111445555555555555555555555555

3445555555554444211111111111111111111111111122344444444444444444311111111111111111111111134455555555
1124445555544442111111111111111111123444444444444555555555555554444444311111111111111111144455555555
1111344444444431111111111111112344444444455555555555555555555555555544444432111111111111344455555555
1111124444444421111111111112344444444555555555555555555555555555555555554444443211111112444455555555
1111111444444321111111111234444445555555555555555555555555555555555555555544444444322234444455555555
1111111124444321111111123444444555555555555555555555555555555555555555555555444444444444444455555555
1111111111222221111112344444445555555555555555555555555555555555555555555555554444444444444445555555
1111111111111111112233444444455555555555555555555555555555555555555555555555555444444444444445555555
1111111111111111122344444444555555555555555555555555555555555555555555555555555444444444444444555555
1111111111111111112344444445555555555555555555555555555555555555555555555555555444444432234444555555

5555555555555555555555555555555555555555555555555555555555555555555555555555555555555555555555555555
5555555555555555555544444444444444444444445555555555555555555555555555555555555555555555555555555555
5555555555554444444444443321111111111112344444444455555555555555555555555555555555555555555555555555
5554444444444444444432111111111111111111111111123344444444444455555555555555555555555555555555555555
4444444444444444432111111111111111111111111111111111111111223344444444445555555555555555555444445555
4444444444444443211111111111111111111111111111111111111111111111111111334444444555555444311111111124
5554444444444443111111111111111111111111111111111111111111111111111111111111123444432111111111111111
5555554444444443111111111111111111111111111111111111111111111111111111111111111111111111111111111111
5555555544444443211111111111111111111111111111111111111111111111111111111111111111111111111111111111
5555555555544444321111111111111111111111111111111111111111111111111111111111111111111111111111111111

1111111111111111111111111111111111111111111111111111111111124444444444444444444444444444455555555555
1111111111111111111111111111111111111111111111111111111111111111111111122334444444444444444455555555
1111111244444444311111111111111111111111111111111111111111111111111111111111111111111111112444555555
1112444444444444443111111111111111111111111111111111111111111111111111111111111111111111111134445555
4444445555555444444411111111111111111111111111111111111111111111111111111111111111111111111113444555
4555555555555554444441111111111111111111111111111111111111111111111111111111111111111111111111444455
5555555555555555544444211111111111111111111111111111111111111111111111111111111111111111111111244445
5555555555555555554444431111111111111111111111111111111111111111111111111111111111111111111111144445
5555555555555555555544444211111111111111111111111111111111111111111111111111111111111111111111244444
5555555555555555555555444443111111111111111111111111111111111111111111111111111111111111111112444444

1111111111111111111111111111111111111111111111111111111111111111111111113344444444444333111111111111
1111111111111111111111111111111111111111111111111111111111111111111111123334444444333211111111111111
3333221111111111111111111111111111111111111111111111111111111111111112333334444333321111111111111111
4443333333211111611111111111111111111111111111111123333333333333333333444444444333311111111111111111
4444444443333321111111111111111111111111111233444455555555555444444444444444444433321111111111111111
5444444444444333332211111233334444444444444555555555555555555555555555554444444443332111111111111111
5555554444444444333333333344444455555555555555555555555555555555555555555555544444433311111111111111
5555555554444444444433444444455555555555555555555555555555555555555555555555555554444433211111111111
5555555555544444444444444445555555555555555555555555555555555555555555555555555555554444433311111111
5555555555554444444444444455555555555555555555555555555555555555555555555555555555555555444443333332

1111111111111111111111111111111111111112445555555444444444333333333334444444443321111111111111111111
1111111111111111111111111111111111111245555555555555544444444433333344444444443321111111111111111111
1111111111111111111111111111111111114555555555555555555444444444444444444444443321111111111111111111
1111111111111111111111111111111111145555555555555555555544444444444444444444443321111111111111111111
1111111111111111111111111111111111455555555555555555555544444444444444444444443321111111111111111111
1111111111111111111111111111111124555555555555555555555544444444444444444444443322111111111111111111
1111111111111111111111111111111355555555555555555555555444444444444444444444444322111111111111111111
1111111111111111111111111111134555555555555555555555554444444444444444444444444332111111111111111111
1111111111111111111111111234455555555555555555555555444444444433344444444444444432111111111111111111
1111111111111111111223344455555555555555555555555544444443333333334444444444444432211111111111111111

5555555555555555554443322221111111111111222334444455555555555555555555555555555555555544444444444444
5555555555555544443222211111111111111111112222334444444444555555555555555555555554444444444444333333
5555555555554433222111111111111111111111111122223334444444444444444444444444444444444444443333322222
5555555555443221111111111111111111111111111111222222233333333444444444444444444444444433332222222222
5555555544322111111111111111111111111111111111111122222222222233334444444444444443333332222222211111
5555554432111111111111111111111111111111111111111111111111112222223333333333333333322222222111111111
5555544221111111111111111111111111111111111111111111111111111111222222233333322222222222111111111111
5555432111111111111111111111111111111111111111111111161111111111112222222222222222221111111111111111
5544221111111111111111111111111111111111111111111111111111111111111111222222222211111111111111111111
5442111111111111111111111111111111111111111111111111111111111111111111111111111111111111111111111111

5555555555555555555555555555555555555555554444444332223334444444444444445555555555555555555555555555
5555555555555555555555555555555555554444444444322111111111112223444444444444445555555555544444444444
5555555555555555555555555555555444444444444432211111111111111111112234444444444444444444444444444444
5555555555555555555555555555444444332222222221111111111111111111111111223444444444444444444444433334
5555555555555555555555555444432211111111111111111111111111111161111111111122344444444444444322211111
5555555555555555555555444421111111111111111111111111111111111111111111111111122344444433222111111111
5555555555555555554444321111111111111111111111111111111111111111111111111111111122222221111111111111
5555555555555544444211111111111111111111111111111111111111111111111111111111111111111111111111111111
4444444444444422111111111111111111111111111111111111111111111111111111111111111111111111116111111111
2222222211111111111111111111111111111111111111111111111111111111111111111111111111616111111111111111

1111122233333333333333333333344444444444444444444444444433333222111111111111111111111111111111111111
1111122223333333222222222222333333334444444444444443333333322221111111111116111111111111111111111111
1111122223333322222211111222222233333333333333333333333333222221111111111111111111111111111111111111
1112222223333322222111111111222222223333333333333333333333222222111111111111111111111111111111111111
1222222333333332222111111111112222222233333333333333333333322222211111111111111111111111111111111111
2223333333333333222211111111112222222233333333333333333333333322222111111111111111111111111111111111
3333333444444333332222211112222222223333333333333333444333333333322221111111111111111111111111111111
4444444444444444333322222222222233333333334444444444444444444443333322211111111111111111111111111111
4444444444444444443333333333333333334444444444444444444444444444444333322111111161111111111111111111
4444444444444444444444433333344444444444444444444444444444444444444444333221111111111111111111111111

1111111223334444444444444444444444444444444445555555555555544444444433111111234444444444444431111111
1111111111111112334444444444444444444444444444444444444444444444311111111111111112344444444311111111
1111111111111111111233444444444433333333444444444444444444443211111111161611111111111334443111111111
1111111111111111111112233333322111111111111122333333333333211111111111111111161111111111221111111111
4444321111111111111111233332211111111111111111111112222111111111116111111111111111111111111111111111
4444444332111111112233334433332211111111111111111112222111111111111111111111111111111111111111111111
5444444444444444444444444444444443333332222333333333333332111111111111111111111111111111333321111611
5555554444444444444444444444444444444444444444444444444444331111111111111116111111111234444444311111
5555555555555444444445445444444444444444444444444444444444444432111111111111111111134444444444443111
5555555555555555555555555555555555555555555555555554554444444444443211111111111344444444444444444443

4444444444322111111111111111111111111111111111111111111111111111111111111111111111111111111111111111
5444444444444322111111116111111111111111111111111111111111111111111111111111111111111111111111111111
5554444444444432211111111111111111111111111111111111111111111111111111111111111111111111111111111111
5554444444444443221111111111111111111111111111111111111111111111116111112344444444454555554444444111
4544444444444443222211111111111111111111111111111111111111111111124444455555555555555555555555555544
4444444444444443222222111111111111111116111111111111111111111344445555555555555555555555555555555555
4444444444444443322222211111111111111111111111111111111113444455555555555555555555555555555555555555
4444444444444443222111111111111111111111111111111111124444455555555555555555555555555555555555555555
4444444444444433211111111111111111111111111111111123444445555555555555555555555555555555555555555555
1223333333333221111111111111111111111111111111112244444455555555555555555555555555555555555555555555

1111111133444444444444444444455555555555555555555555555555555555555555555555555555555555555555555555
1111111234444444444444444445555555555555555555555555555555555555554444444445555555555555555555555555
1111111334444444444444444444555555555555555555555555555555555444444443211112344555555555555555555555
1111111334444444444444444444455555555555555555555555555544444444431111111111111134555555555555555555
1111111234444444444444444444444555555555555555555544444444444432111111111111111111134555555555555555
1111111123444444444444444444444444445555554444444444444444432111111111111111111111111145555555555555
1111111112333444444444444444444444444444444444444444444332111111111111111111111111111111455555555555
1111111111122333333444444444444444444444444444444443321111111111111111111111111111111111125555555555
1111111111111111112223333334444444444444444443322111111161111111111111111111111111111111111455555555
1111111111111111111111111112222333333332221111111111111111111111111111111111111111111111111114555555

5555555555555555555555555555555555555555555555555555555555555555555555555555555555554444444455555555
5555555555555555555555555555555555555555555555555555555444444444444555555555555555444444444444455555
5555555555555555555555555555555555555554444444444444444444444444444444445555555544444433333344444455
5555555555555555555555555554444444444444444444444444444444333334444444444445554444443332111223344444
5555555555555444444444444444444444444444444444444444443333332333333444444444444444433211111111123344
5555544444444444444444444444333333333333333333333333333322211122233334444444444444432111111111111234
5544444433333333333333333333222222211111112222333333332221111111122333444444444444321111111111111112
4443322111111111111111111111111111111111111122223333222211111111112233344444444443321111111111111111
4321111111111111111111111111111111111111111112222332222111111111111223334444444443211111111111111111
2111111111111111111111111111111111111111111122233333322211111111111223333444444433211111111111111111

1111111111111111111134444444444444444445555555555555555555555555555555555555555555555555555555555555
1111111111111111144444444444444444444444444444455555555555555555555555555555555555555555555555555555
1111111111111114445555555554444444444444444444444444555555555555555555555555555555555555555555555555
1111111111111145555555555555555444444444444444444444444555555555555555555555555555555554442111111134
1111111111112455555555555555555555444444444444444444444444555555555555555555555555544421111111111111
1111111111145555555555555555555555555444444444444444444444455555555555555555555554441111111111111111
1111111111455555555555555555555555555555544444444444444444555555555555555555555544211111111111111111
1111111135555555555555555555555555555555555555555555555555555555555555555555555443111111111111111111
1111111455555555555555555555555555555555555555555555555555555555555555555555555441111111111111111111
1111115555555555555555555555555555555555555555555555555555555555555555555555555441111111111111111111

1111111111111111112221111111111111111111111111111111111112233333333333322221111111111122334444455555
1111111111111124444444333222222222332222211111111111112233334444444433333333332222222333344444455555
1111111111112444444444444443333333333333332211111111122333344444444444443333333333333333444444455555
1111111111134445555544444444444444444433333221111111122333334444444444443333333333333333444444455555
1111111111344555555555444444444444444433332211111111111122333333333333333333333322223333344444445555
1111111113445555555555544444444444443333221111111111111111112222222222222222111111111222334444444555
1111111124455555555555544444444443333221111111111111111111111111111111111111111111111111123344444445
1111111144555555555555544444443333211111111116111111111111111111111111111111111111111111111123344444
1111111344555555555555444444332211111111111111111111111111111111111111111111111111111161111111112334
1111111444555555555555444433211111111111111111111111111111111111111111111111111111111111111111111111

5555555554444422111111111111111111111111111111111111111111111111111111111111111111111111111111111111
5555555544444222111111111111111111111111111111111111111111111111111111111111111111111111111111111111
5555555444432222211111111111111111111111111111111111111111111111111111111111111111111111111111111111
5555554444322222222211111111111111111111111111111111111111111111111111111111111111111111111111111111
5555554444322233344322211111111111111111111111111111111111111111111111111111111111111111111111111111
5555554444333444444444444221111111111111111111111111111111111111111111111111111111111111111111111111
5555554444444444444444444444443221111111111111111111111111111111111111111111111111111111111111111111
5555554444444444444555555555544444444444444444444444444444444444444432211111111111111111111111111111
5555555444444444555555555555555555555555555555555555555555555555555544444422111111111111111111111111
5555555555445555555555555555555555555555555555555555555555555555555555554444444433233333222222222222

1111111111111111111111111111111122222221111111111111111111111111111111111111111122344555555555555555
1111111111111111111111111122222223333332221111111111111111111122332221111111111123445555555555555555
1111111111111111111122222222223344444444332211111111111111112344443221111111111122445555555555555555
1111111111111111112222222222233444444444443221111111111111223445443211111111111112344555555555555555
1111111111111111112222222222233444455554443221111111111111234444422111111111111111224455555555555555
1111111111111111111112222222223344444444443221111111111111122332211111111111111111112344555555555555
1111111111111111111111111112222233444444322211111111111111111111111111111111111111111122445555555555
1111111111111111111111111111111222223322221111111111111111111111111111111111111111111111122344555555
1111111111111111111111111111111111111111111111111111111111111111111111111111111111111111111122234445
1111111111111111111111111111111111111111111111111111111111111111111111111111111111111111111111111222

1111111111111111111111111111111111111111111111111111111111111111111111111111111111111111111111111111
1111111111111111111111111111111111111111111111111111111111111111111111111111111111111111111111111111
1111111111111111111111111111111111111111111111111111111111111111111111111111111111111111111111111111
1111111111111111111111111111111111111111111111111111111111111111111111111111111111111111112211111111
1111111111111111111111111111111111111111111111111111111111111111111111111111111111111112444442111111
1111111111111111111111111111111111111111111111111111111111111111111111111111111111111344444443111111
1111111111111111111111111111111111111111111111111111111111111111111111111111111111124444444443111111
1111111111111111111111111111111111111111111111111111111111111111111111111111111112444444444442111111
1111111111111111111111111111111111222111111111111111111111111111111111111111111244444444444431111111
1111111244444444211111111111112344444443211111111111111111111111111111111111124444444444444411111111

1111111111111111111111111111111111115555555555555555555555555555555555555555555555555555555555555555
1111111111111111111111111111111111115555555555555555555555555555555555555555555555555555555555555555
1111111111111111111111111111111111114555555555555555555555555555555555555555555555555555555555555555
4444211111111111111111111111111111111555555555555555555555555555555555555555555555555555555555555555
5554444311111111111111111111111111111555555555555555555555555555555555544444555555555555555555555555
5555554441111111111111111111111111111455555555555555555555555555555544111111144555555555555555555555
5555555544111111111111111111111111111155555555555555555555555555554311111111111445555555555555555555
5555555544211111111111111111111111111115555555555555555555555555541111111111111114555555555555555555
5555555544211111111111111111111111111114555555555555555555555554111111111111111111445555555555555555
5555555544111111111111111111111111111111455555555555555555555541111111111111111111144555555555555555

5555555555555555555555544444211111111111111111111111111111111111111111111111111111111111123444444555
5555555555555555555555544444432111111111111111111122334443332211111111111111111111111111223344444455
5555555555555555555555554444443221111111111111123344444444444443322111111111111111111111222334444444
5555555555555555555555554444444332111111111112334444444444444444443322211111112222222111111223344444
5555555555555555555555554444444432211111111122344444444444444444444443332222222222222111111111123444
5555555555555555555555544444444332211111111122344444444444444444444444333322222222221111111111111134
5555555555555555555555444444443221111111111112234444444444444444444444333222222221111111111111111111
5555555555555555555554444444321111111111111111122344444444444444444433222221111111111111111111111111
5555555555555555555444444321111111111111111111111122334444444443333221111111111111111111111611111111
5555555555555555544444421111111111111111111111111111111112222211111111111111111111111116111111111111

1111111111111111111111111111111111111111111111111111113444555555555555555555555555555555555111111111
1111111111112333333332211111111111111111111111111112334444555555555555555555555555555555541111111111
1111111112334444444443333211111111111111111111111112334444555555555555555555555555555541111111111111
1111111123444444444443332111111111111111111111111111123344455555555555555555555555541111111111111111
1111111123444444443332111111111111111111166111111111111113444555555555555555555551111111111111111111
1111111111233332211111111111111111111111111111111111111111113455555555555555555111111111111111111111
1111111111111111111111111111111111111111111111111111111111111114455555555555411111111111111111111111
1111111111111111111111111111111111111111111111111111111111111111111445554311111111111111111111111111
1111111111111111111111111111111111111111111111111111111111111111111111111111111111111111111111111111
1111111111111111111111111111111111111111111111111111111111111111111111111111111111111111111111111111

1111111111111111111111111111111111112334444444444444444444444444433333221111111123344445555555555555
1111111111111111111111111111111111111123333444444444444333332211111111111111111111112344455555555555
1111111111111111111111111111111111111111112233333333322111111111111111111111111111111112344555555555
1111111111111111111111111111111111111111111111111111111111111111111111111111111111111111123445555555
1111111111111111111111111111111111111111111111111111111111111111111111111111111111111111111234455555
1111111111111111111111111111111111111111111111111111111111111111111111111111111111111111111112444555
1122222111111111111111111111111111111111111611111111111111111111111111111111111111111111111111134455
1223333221111111161111111111111111111111111111111116111111111111111111111111111111111111111111112444
1233333332111111111111111111111111111111111111611111111111111111111111111111111111111111111111111134
1233333333221111111111111111111111111111111111111111111111111111111111111111111111111111111111111112

4444443333322222222111111111111111111111111111111111111111111111111112222233333334444444444333332221
5555554444443333333332222222222222222222111111111111111111111111112222233333444444444444444433332221
5555555555544444444433333333333333333333222222111111111111111122222333333444444444444444444433332221
5555555555555554444444444444444444444444333333222222222222222222333333444444444444444444444443332221
5555555555555555555555555555555555444444444433333332222222233333334444444444555555555544444443332211
5555555555555555555555555555555555555555444444443333333333333334444444445555555555555554444443332211
5555555555555555555555555555555555555555555544444444444444444444444455555555555555555555444443332211
5555555555555555555555555555555555555555555555544444444444444444455555555555555555555555544443332211
5555555555555555555555555555555555555555555555555554444444444555555555555555555555555555544443332211
5555555555555555555555555555555555555555555555555555555555555555555555555555555555555555554443332211

5555555555555555555555555555555554444444444555555555555555555555555555555555555555555444441111111111
5555555555555555555555555555444444444444444444444555555555555544444444444444444444444444111111111111
5555555555555555555555544444444444311111134444444444444444444444444444444444444444444441111111111111
5555555555544444444444444444444211111111111113444444444444444444444322222344444444444111111111111111
5555555554444444444444444444421111111111111111112344444444444432111111111111112333321111116111111111
5555555544444444444444444444211111111111111111111112344444432111111111111111111111111111116111111111
5555555444444444444444444443111111111111111111111111122333211111111111111111111111111111111111111111
5555554444444444444444444444211111111111111111111111123333321111111111111111112334332111111111111111
5555554444444444444444444444431111111111111111111123344444444321111111111112344444444421111111111111
5555555444444444444444444444444432111111111111234444444444444444444443444444444444444444211111111111

1111111111111111111111111111111111111111111111111111111111234444444444432111111111111111111111111111
1111111111111111111111111111111111111111111111111111111111234444444444443211111111111111111111111111
1111111111111111111111111111111111111111111111111111111112344444444444444431111111111111111111111111
1111111111111111111111111111111111111111111111111111111134444445555555544444311111111111111111111111
1111111111111111111111111111111111111111111111111111113444445555555555555544443211111111111111111111
1111111111111111111111111111111111111111111111111112344445555555555555555555544443211111111111111111
1111111111111111111111111111111116111111111111234444445555555555555555555555555554444321111111111111
4444432111111611111111111111111111112233444444444455555555555555555555555555555555555444443211161111
5555544444432111111111111111123344444444445555555555555555555555555555555555555555555555555444442111
5555555555444444444334444444444445555555555555555555555555555555555555555555555555555555555555555444

1111111111111111111134455555555555555555555555555555555555555555555555555555555555555555554444445555
1111111111111111111114445555555555555555555555555555555555555555555555555555555555544444444444444444
1111111111111111111113444555555555555555555555555555555555555555555555555555555444444444443333334444
1111111111111111111112444445555555555555555555555555555555555555555555555555544444433333322222223344
1111111111111111111112444444445554444444444444444444444555555555555555555554444443322222211111112334
1111111111111111111113444444444444444444433321111123344444445555555555555444444433322222222222222334
1111111111111111111134444444444444444443321111111111113344444445555555444444444443333333333333333444
1111111111111111113444444455544444444443211111111111111334444444455555544444444444444444444444444444
1111111111111111344445555555555554444444331111111111112344444444555555555554444444444444444444444444
1111111111111134445555555555555555544444444332111112334444444555555555555555555555555555555555555555

1111113445555555544432111111111111111111111111111111111111111111111111111111111111111111111111111111
1111445555555555555555544432111111111111111111111111111111111111111111111111111111111111111111111111
1124555555555555555555555555444432111111111111111111122333333322111111111111111111111111111111223344
1245555555555555555555555555555554444321111111112334444444444444433221111111111111111111122233444444
1345555555555555555555555555555555554444443333444444444444444444444332221111111111111222333444444445
1345555555555555555555555555555555555544444444444444444454444444444332221111111111222233344444444455
1245555555555555555555555555555555555544444444444444444444444444433221111111111111112223334444444455
1134555555555555555555555555555555554444443333333334444444443322111111111111111111111111223344444444
1113455555555555555555555555555555444432111111111111111111111111111111111111111111111111111123344444
1111144555555555555555555555554444321111111111111111111111111111111111111111111111111111111111112233

5555555555555555555555444444444444555555555555555555555555555555555555555555555555555555555555555555
5555555555555555554444444444444444445555555555555555555555555555555555555555555555555555555555555555
5555555555555554444444444444444444444555555555555555555555555555555555555555555555555555555555555555
5555555555555544444444444444444444444455555555555555555555555555555555555555555555555555555555555555
5555555555554444444444444444444444444445555555555555555555555555555555555555555555555555555555444444
5555555555444444444444444444444444444445555555555555555555555555555555555555555555555555555444444444
5555555555444444444444444444444444444444555555555555555555555555555555555555555555555555544444444211
5555555554444444444444444444444444444444445555555555555555555555444444444444444444444444444444441111
5555555544444444444444444444444444444444444455555555555444444444444444444444444444444444444444311111
5555555544444444444444444444444444444444444444444444444444444444444444444444444444444444444444111111

1111111111111111111111111111111111111111111111111111111111111111111111111111111111111111111111111111
1111111111111111111111111111111111111111111111111111111111111111111111111111111111111111111111111111
1111111111111111111111111111111111111111111111111111111111111111111111111111111111111111111111111111
1111111111111111222332221111111111111111111111111111111111111111111111111111111111111111111111111111
1111111111111122333333333211111111111111111111111111111111111111111111111111111111111111111111111111
1111111111111233333344433332111111111111111111111111111111111111111111111111111111111111111111111111
1111111111112333344444444443332111111111111111111111111111111111111111111111111111111111111111111111
1111111111122333444444444444433332111111111111111111111111111111111111111111111111111111111111111111
1111111111223334444444444444444433332211111111111111111111111111111111111111111111111111111111111111
1111111112233344444455555555444444443333321111111111111111111111111111111111111111111111111111111111

1111111111111111111111111111111111111111111111111111111111111111111111111111111111111111111111111111
1111111111111111111111111111111111111111111111111111111111111111111111111111111111111111111111111111
1111111111111111111111111111111111111111111111111111111111111111111111111111111111111111111111111111
1111111111111111111111111111111111111111111111111111111111111111111111111111111111111111111111111111
1111111111111111111111111111111111111111111111111111111111111111111111111111111111111111111111111111
1111111111111111111111111111111111111111111111111111111111111111111111111111111111111111111111111111
1111111111111111111111111111111111111111111111111111111111111111111111111111111111111111111111111111
1111111111111111111111111111111111111111111111111111111111111111111111111111111111111111111111111111
1144444444444431111111111111111111111111111111111111111111111111111111111111111111111111111111111111
4555555555555544444311111111111111111111111111111111111111111111111111111111111111111111111111111111

1111111111111111111111111111111111133444333222222234445555555555555555555555555555555555555555555555
1111111111111111111111111111111134444444444444433444444555555555555555555555555555555555555555555444
1111111111111111111111111111123444555555555444444444444455555555555555555555555555555555555554444443
1111111111111111111111111223444455555555555544444444444444445555555555555555555555555555554444433221
1111111111111111111223334444444555555555555554444443333334444444444445555555555555555554444433211111
1111111111111112333444444444445555555555555554444332211111111111222233344444444444444444443211111111
1111111111112333444444444444455555555555555544443211111111111111111111111111122333444443321111111111
1111111111233344444444444444455555555555554444331111111111111111111111111111111111122222111111111111
1111111122333444444444444444444555555555444443211111111111111111111111111111111111111111111111111111
1111111122333344444444444444444444444444443311111111111111111111111111111111111111111111111111111111

5555555555555555555555555555555555555555555555555555555555555555555555555555555555555555555555555555
5555555555555555555555555555444455555555555555555555555555555555555555555555555555555555555555555555
5555555555555555555555555544322244555555555555555555555555555555555555555555555555555555555555555555
5555555555555555555555554421111113455555555555555555555555555555555555555555555555555555555555555555
5555555555555555555555442111111111245555555555555555555555555555555555555555555555555555555555555555
5555555555555555555443211111111111112445555555555555555555555555555555555555555555555555555555555555
5555555555555544433211111111111111111111344555555555555555555555555555555555555555555555555555555555
5555555544443321111111111111111111111111111112344555555555555555555555555555555555555555555555555555
5555444322111111111111111111111111111111111111111134555555555555555555555555555555555555555555555555
5443211111111111111111111111111111111111111111111111124455555555555555555555555555555555555555555555

5555555555555444444433333333333333344444555555555555555555555555555555555444444444444433333333332222
5555555555554444444333333322223333334444555555555555555555555555555555544444444444443333333322222221
5555555555544444443333333222222233334444555555555555555555555555555555444444444443333333332222111111
5555555555444444433333332222222233334444555555555555555555555555555554444444444333333333222211111111
5555555554444444333333322222222223333444455555555555555555555555555544444444443333333322222111111111
5555555544444443333333222222222223333444455555555555555555555555554444444444333333333222211111111111
5555555444444433333332222222222222333344445555555555555555555555544444444443333333322222111111111111
5555544444444333333322222222122222233344444555555555555555555555544444444333333333222221111111111111
5544444444443333332222222111111222233334444555555555555555555555444444443333333332222211111111111111
4444444444333333322222211111111112223334444445555555555555555554444444433333333322221111111111111111

5555555554444444455555555555555555555555554444444444444444443222223444444445555555555555555555555555
5555554444444444444445555555555555555444444444444444444433222111112234444444455555555555555555555555
5555544444444444444444444555555544444444444444332222222222221111111223444444445555555555555555555555
5555544444444444444444444444444444444444443222222222222222211111111223444444444555555555555555555555
5555544444444444444444444444444444444443222211111111122222222211222234444444444555555555555555555555
5555544444444444444444444444444444444322221111111111222222322222334444444444445555555555555555555555
5555554444444444444444444444444444443222221111111122223444444444444444444444555555555555555555555555
5555555444444444444444444444444444443322222222222223444444444444444444445555555555555555555555555555
5555555544444444444444444444444444444332222222233444444444444444455555555555555555555555555555555555
5555555554444444444444444444444444444444444444444444444445555555555555555555555555555555555555555555

1111111111111111111223333333334444444444444444444444444444444444444444444444444444444444444555555555
1161111161111111111112223333333333333333333333333333344444444444444444444444444444444444444444555555
1111111111111111111111112222333333333333333333333333333333334444444444444444444444444444444444445555
1111111111111111111111111112222222222222222222222222222333333333333333333344444444444444444444444455
1111111111111111111111111111111111111111111111111111111122222333333333333333333333333333333334444445
1111111111111111111111111111111111111111111111111111111111111122222222233333333333333333333333344444
1111111111111111111111111611111111111111111111111111111111111111111111222222222222222222222233333444
1111111111111111111111111111111111111111111111111111111111111111111111111111112222211111111122233334
1111111111111111111111111111111111111111111111111111111111111111111111111111111111111111111111122333
1111111111111111111111111111111111111111111111111111111111111111111111111111111111111111111111111123

5555555555555555555555555555555555554444444455555555555555555544444444444433333222221111111111111111
5555555555555555555555555555555554444444444444445555555555554444444444444433333332222222221111111111
5555555555555555555555555555544444444444444444444444444444444444444444444333333333333333222222111111
5555555555555555555555555544444444333333333344444444444444444444444444433333333333333333333332221111
5555555555555555555555554444444333222222222333444444444444444444444433333333333333333333333333332211
5555555555555555555544444444333222111111111223334444444444444444333333333332222222233333333333333322
5555555555555555554444444433322111111111111112233334444444433333333332222222222222222333333333333333
5555555555555554444444443332211111111111111111222333333333333332222222221111111112222233333344444333
5555555555544444444443332211111111111111111111112222233332222222211111111111111111112223333334444443
4444444444444444444333221111111111161161111111111111222222111111111111111111111111111222333334444444

5555544444455555555555555554444444444443322222222211111111111111111111111116111111113444444444444444
5444444444444444445555444444444444444433222334444444432111111111111111111161111111111344444444443211
4441111134444444444444444444444444443322223344444444444443111111111111661111111111111111221111111111
1111111111134444444444444444444444433222233444444444444444441111111111111111111111111111111111111111
1111111111111344444444444444444444332112234444444444444444444411111111111111111111111111111111111111
1111111111111134444444444444444444322222344444444444444444444443111111111111111111111111111111111111
1111111111111114444444444444444444332233444444444444444444444444421111111111111111111111111111111111
1111111111111113444444444444444444433344444444444445555544444444443111111111111111111111111111111111
1111111161111113444444444444444444444444444444444555555555544444444311111111111111111111111111111111
1111111111111124444444444444444444444444444444455555555555555444444442111111111111111111111111111111

5555555555555555555555555555555555555421111111111111111111111111111111111111111111111111111111113444
5555555555555555555555555555555555554211111111111111111111111111111111111111111111111111111111124444
5555555555555555555555555555555555441111111111111111111111111111111111111111111111111111111111244445
5555555555555555555555555555555444211111111111111111111111111111111111111111111111111111111111344445
5555555555555544444444444444442111111111111111111111111111111111111111111111111111111111111113444455
5555555555554411111111111111111111111111111111111111111111111111111111111111111111111111111124444455
5555555555542111111111111111111111111111111111111111111111111111111111111111111111111111111344444555
5555555554411111111111111111111111111111111111111111111111111111111111111111111111111111123444445555
5555555544111111111111111111111111111111111111111111111111111111111111111111111111111111344444555555
5555555441111111111111111111111111111111111111111111111111111111111111111111111111111234444445555555

4444444444444444444443333221111111111116111111111111111111111111111111111111111111111111111111111111
3322222333344444443333211111111111111116111111111111111111111111111111111111111111111111111111111111
1111111111233333333321111111111111111111111111111111111111111111111111111111111111111111111111111111
1111111111112233332211111111111111111111111111111111111111111111111111111111111111111111111111111111
1111111111111122221111111111111111111111111111111111111111111111111111111111111111111111111111111111
1111111111111112221111111111111111111111111111111111111111111111111111111111111111111111111111111111
1111111111111112222211111111222233322221111111111111111111111111111111111111111111111111111111111111
1111111111111123333333223333333333333333332221111111111111111111111111111111111111111111111111111111
1111111111112333333333333444444444444444444433333333333333322111111111111111111161111111111111111111
1111111111123344444444444444444444444444444444444444444444444443333332211111111111111111122222222221

1111111111111111111111111111134444444444444445555555555555555555555555555555555555555555555555555555
1111111111111111111111111123444444444444444444445555555555555555555555555555555555555555555555555555
1111111111111124444444444444444444444444444444444444444444444444455555555555555555555555555555555555
1111111111444444444444444444444444443211112444444444444444444444444444455555555555555555555555555555
1111111444555555555554444444444444442111111134444444444444444444444444444444444444444444444444444444
1111144555555555555555554444444444443111111112444444444443211111111122344444433221111111111111111111
1114555555555555555555555544444444444211111111234444443211111111111111111111111111111111111111111111
1455555555555555555555555555444444444321111111233444321111111111111111111111111111111111111111111111
4555555555555555555555555555554444444442111112233433221111111111111111111111111111111111111111111111
5555555555555555555555555555555444444444433333444443321111111111111111111111111111111111111111111111

1111144445555555555555555554444211111111111134455555555555555555555555555555555555555555555555555444
1111111144455555555555554444111111111111111111114455555555555555555555555555555555555555555555544444
1111111111444555555554444111111111111111111111111114445555555555555555555555555555555555555554444444
1111111111114444444444211111111111111111111111111111111344455555555555554444444444444444444444444444
1111111111111111111111111111111111111111111111111111111111111111233211111111111111444444444444444444
1111111111111111111111111111111111111111111111111111111111111111111111111111111111111144444444444444
1111111111111111111111111111111111111111111111111111111111111111111111111111111111111111144444444444
1111111111111111111111111111111111111111111111111111111111111111111111111111111111111111111134444444
1111111111111111111111111111111111111111111111111111111111111111111111111111111111111111111111234444
1111111111111111111111111111111111111111111111111111111111111111111111111111111111111111111111111233

1111111222222222222233333333222111111111111111111111111111111111111111111111111111111111111111111111
1222333444444444444444444444333222111111111111111111111111111111111111111111111111111111111111111111
3444444444444444444444444444443332221111111111111111111112222222221111111111111111111111111111111111
4455555555555555555544444444444433222222222222222222222222222222222222221111111111111111111111111111
5555555555555555555555555544444443332222222222222222222222223333333333222222221111111111111111111111
5555555555555555555555555555444444433333333333333333333333333333333333333333333222111111111111111111
5555555555555555555555555555544444443333333333333333333333333333333333344444443333322111111111111111
5555555555555555555555555555554444444444333333333333333333333333333444444444444444433211111111111111
5555555555555555555555555555555444444444444444333333333333333333333444444444444444444332111111111111
5555555555555555555555555555555544444444444444433333333332223333333344444444444444444443211111111111

1111111111116111111111111111111161111111111111111111111111111111111111111111111111611111111111111111
1111111111111111222222211111111111111111111111111111111111111111111111111111161111111111111111111111
1111111111123334444444333322111111111111111111111111111111111111111111111111111111111221111111111111
1111111133444444444444444433333221111111111111111111111111111111116111111111111223333444333211111111
1111234444444444444444444444444433333221111111111111111661111111111111111123333444444444444433111111
2344444445555555555544444444444444444433332211111111111111111111111122333444444444444444444444432111
4445555555555555555555554444444444444444444433332211111111112223333444444444444444555555544444444432
5555555555555555555555555555544444444444444444444444333333444444444444444445555555555555555555444444
5555555555555555555555555555555555555555444444444444444444444444444455555555555555555555555555555544
5555555555555555555555555555555555555555555555554444444444445555555555555555555555555555555555555555

1111111111111111111111111111111111111111111234444555555555444444444444444444444433333334444445555555
1111111111111111111111111111111111111111111223444445555544444444333334444444444443333344444445555555
1111111111111111111111111111111111111111111122344444444444444333333333444444444444333344444445555555
1111111111111111111111111111111111111111111112234444444444433222222233344444444444433444444445555555
1111111111111111111111111111111111111111111111223344444333222222222223334444444444444444444445555555
1111111111112222111111111111111161111111111111122233332222211111111222334444444444444444444445555555
1111111111234444322111111111111111111111111111111222222111111111111122233444444444443444444445555555
1111111112444444443211111111111111111111111111111111111111111111111112223344444444433344444444555555
1111111123444444443321111111111111111111111111111111111111111111111111122333444443333333444444555555
1111111123444444443321111111111111611111111111111111111111111111111111112223333333333333344444455555

4444444444444444444444444444444444444322222244445555555555555555555555441111111111111111111111111111
4444444444444444444444444444444322111111111111114445555555555555555554411111111111111111111111111111
4444444444333222222222222111111111111111111111611114444555555555555544311111111111111111111111111111
4444444333222211111111111111111111111111111111111111124444455555554443111111111111111111111111111111
4444443332221111111111111111111111111111111111111111111112444444444311111111111111111111111111111111
4444443322211111111111111111111111111111111111111111111611111111111111111111111111111111111111111111
4444444322211111111111111111111111111111111111111111111111111111111111111111111111111111111111111111
4444444322111111111111111111111111111111111111111111111111111111111111111111111111111111111111111111
4444444322111111111111111111111111111111111111111111111111111111111111111111111111111111111111111111
4444444322111111111111111111111111111111111111111111111111111111111111111111111111111111111111111111

5555444442211111111111122222334444444444444444444444444444444444221111111111111111111111111111111111
5555444432111111111111111122222234444444444444444444444444444444221111111111111111111111111111111111
5555444432111111111111111111222222334444444444444444444444444444321111111111111111111111111111111111
5555444432111111111111111111122222334444444444444444444444444444432111111111111111111111111111111111
5555444442211111111111111111222223344444444444444444444444444444444321111111111111111111111111111111
5555544444221111111111111122222334444444444444444555555555554444444443211111116111111111111111111111
5555554444442221111111222223344444444444444445555555555555555555444444443211111111111111111111111111
5555555444444443222222334444444444444444455555555555555555555555555544444444221111111111111111111111
5555555554444444444444444444444444444555555555555555555555555555555555555444444432211111111112222221
5555555555554444444444444444444555555555555555555555555555555555555555555555554444444444444444444444

4455555555555555555555555555555555555555555555555555555555555555555555555555555555555555555544411111
1345555555555555555555555555555555555555555555555555555555555555555555555555555555555555555544421111
1114455555555555555555555555555555555444444444455555555554444444444444444444444444444444444444431111
1111244455555555555555555555555554444433223344444444444444321111111111111111111123334444444444431111
1111112444455555555555555554444444332111111234444444444321111111111111111111111111123344444444442111
1111111123444444444444444444433321111111111334444444443211111111111111111111111111112344444444443111
1111111111122333333333333322211111111111123444444444443211111111111111111111111111111344444444444311
1111111111111111111111111111111111111223344444555554444311111111111111111111111111111344445555544431
1111111111111111111111111111111122333444444555555555444431111111111111111111111111113444455555555443
1111111111111111111111111112233344444445555555555555554443111111111111111111111111134444555555555544

5555555555555555555555555555555555555555555555555555555555555555555555555555555555555555555555555555
5555555555555555555555555555555555555555555555555555554444444444455555555555555555555555555555555555
5555555555555555555555555555555555555555555555544421111111111111111344455555555555555555555555555555
5555555555555555555555555555555555555555554441111111111111111111111111124455555555555555555555555555
5555555555555555555555555555555555444443111111111111111111111111111111111114445555555555555555555555
5555555555555555555555444443111111111111111111111111111111111111111111111111124445555555555555555555
5555555555555555554431111111111111111111111111111111111111111111111111111111111144445555555555555555
5555555555555554411111111111111111111111111111111111111111111111111111111111111111244445555555555555
5555555555554411111111111111111111111111111111111111111111111111111111111111111111111444444445555555
5555555555411111111111111111111111111111111111111111111111111111111111111111111111111113444444444444

5555555555555555555555555555444444444444444444444444444444555555555555555555555555555555555555555555
4555555555555555554444444444444444444444444444444444444444444445555555555555555555555555555555555555
4445555555555444444444444444444444444444444444444444444444444444445555555555555555555555555555555555
1444444444444444444444444444444444444443333333444444444444444444444445555555555555555555555555555555
1124444444444444444433333333322222222222211112222223333444444444444444445555555555555555555555555555
1111234444443332222221111111111111111111111111111111112222334444444444444445555555555555555555555555
1111111111111111111111111111111111111111111111111111111111112223344444444444444555555555555555555555
1111111111111111111111111111111111111111111111111111111111111111122233344444444444444445555555555555
1111111111111111111111111111111111116111111111111611111111111111111111111222334444444444444444444445
1111111116111111111111111111111111111111111111111111111111111111111111111111111111111111111111112234

1111111111445555555555555555555555555555555555555555555444444411111111111111111111111111111111111111
1111111111113444455555555555555555555555555555555555444444443111111111111111111111111111111111111111
1111111111111111144444444444445555555555444444444444444444431111111111111116161111111111111111111111
1111111111111111111111111112344444444444444444444444444444211111111111111111111111111111111111111111
1111111111111111111111111111111111111111112234444444444432111111111111111111111111111111111111111111
1111111111111111111111111111111111111111111111123444444432111111111111111111111111113444444444421111
1111111111111111111111111111111111111111111111112334444433211111111111111111111112444444444444444441
1111111111111111111111111111111111111111111111112344444444433211111111111111112344444444455555444444
1111111111111111111111111111111111111111111111123444444444444444333222222223444444444455555555555555
1111111111111111111111111111111111111111111111344444444444444444444444444444444444445555555555555555

1111111111111111111111111111111111111111111111111111111111111111111111111111111111111222111111111111
1111111111111111111111111111111111111111111111111111111111111111111111111111111111111112111111111111
1111111111111111111111111111111111111111111111111111111111111111111111111111111111111123321111111111
1111111111111111111111111111111111111111111111111111111111111111111111111111111111112334443321111111
1111111111111111111111111111111111111111111111111111111111111111111111111111111111234444444443211111
1111111111111111111111111111111111111111111111111111111111111111111111111111111123444555555554441111
1111111111111111111111111111111111111111111111111111111111111111111111111111113444555555555555554411
1111111111111111111111111111111111111111111111111111111111111111111111111123444555555555555555555544
1111111111111111111111111111111111111111111111111111111111123333333444444444555555555555555555555555
1111111111111111111111111111111111111111111111111111133444444444555555555555555555555555555555555555

5555554431111111111111111111111111111111111111111111111111111111111111111111111111111111111111111111
5555554421111111111111111111111111111111111111122222222222222222222222222222211111111111111111111111
5555544311111111111111111111111111111111111223333333333333333333333333333332222222222211111111111111
5555443211111111111111111111111111111111223344444444444444444444444444444333333333222222222211111111
5555443111111111111111111111111111111123344444444444444444444444444444444444444333333332222222222111
5554431111111111111111111111111111112334444444444444444444444444444444444444444444443333333332222222
5544421111111111111111111111111111123444444455555555555555555555544444444444444444444444433333333332
5544311111111111111111111111111111234444445555555555555555555555555555544444444444444444444444433333
5443211111111111111111111111111123444445555555555555555555555555555555555555554444444444444444444444
5443111111111111111111111111111234444455555555555555555555555555555555555555555555444444444444444444

5555555555444444442111111111111111111111111111111111111111111111112334444444444444444444444444555555
5555555555444444443221111111111111111111111111111111111111111223444444444444444444444444444444455555
5555555555444444444322111111111111111111111111111111111122334444444444444444444444444444444444444555
5555555554444444444432211111111111111111111111111111123344444444444444444444444444444444444444444445
5555555444444444444432211111111111111111111111111122344444444444444444444444444444444444444444444444
5555544444444444444322211111111111111111111111111233444444444444444444444444444444333333333334444444
5544444444444444332221111111111111111111111111112234444444444444444444444333222111111111111111111122
4444444444443322211111111111111111111111111111111223444444444444333222111111111111111111111111111111
4444444322211111111111111111111111111111111111111112223333322211111111111111111111111111111111111111
1111111111111111111111111111111111111111111111111111111111111111111111111111111111111111111111111111

1111111111111111111111111111111111111111111111111111111111111111111111111111111111111111112233334444
1111111111111111111111111111111111111111121111111111111111111111111111111111111111111111111112333344
1112222111111111111111111111111111111233333322111111111111111111111111111111111111111111111111112333
4444444444331111111111111111111111113333433333211116111111111111111111111111111111111111111111111123
4555555554444331111111111111111111233444444433332111111111111111111111111111111111111111111111111111
5555555555555444321111111111111123344444444443333211111111111111111111111111111111111111111111111161
5555555555555555444331111111112334444444444444333221111111111111111111111111111111111111111111111111
5555555555555555555444433333334444444444444444433321111111111111111111111111111111111111111111111111
5555555555555555555555444444444444445544444444443332111111111111111111111111111111111111111111111111
5555555555555555555555555555555555555555544444444333211111111111111111111111111111111111111111111111

1111111111113444444455555555555555555555555555555555555555555555555555555554444444444444444555555555
1111111111111134444444455555555555555555555555555555555555555555555555554444444444444444444555555555
1111111111111111244444444455555555555555555555555555555555555555555444444444444444444444444455555555
1111111111111111111344444444444555555555555555555555555555554444444444444444444433322234444455555555
1111111161111111111111234444444444444444444444444444444444444444444444444444332111111112444445555555
1111111111111111111111111112344444444444444444444444444444444444333222111111111111111111344445555555
1111111111111111611111111111111111112222333322222111111111111111111111111111111111111111134445555555
1111111111111111111111111111111111111111111111111111111111111111111111111111111111111111124444555555
1111111111111111111111111111111111111111111116161111111111111111111111111111111611111111114444555555
1111111111111111111111111111111111111111111111111111111111111111111111111111111111111111112444555555

5555555555555555555555555554444444444444444444444444444444444444444444443211111611111111111111111111
5555555555555555555555554444444444444333444444444444444444444444444444444443211111111111111111111111
4444444445555555555444444444444433322222333444444444444444444444444444444444431111111112333321111111
1111123444444444444444444443332111111111112334444444444444444444444444444444432111233444444444443111
1111111111111233333333221111111111111111111112233444444444444444444444444444432223344444455555554442
1111111111111111111111111111111111111111111111111123334444444444444444444443221123444445555555555554
1111111111111111111611111111611111111111111111111111111112233333333333332111111112344445555555555555
1111111111111111111111111111111111111111111111611111111111111111111111111111111111244445555555555555
1111111111111111111111111111111111111111111111111111111111111111111111111111111111134445555555555555
1111111111111111111111111111111111111111111111111111111111111111111111111111111111113444555555555555

1111111111111111111111111111111111111111111111111111111111111111111111111111111111111111111111111111
1111111111111111111111111111111111111111111111111111111111111111111111111111111111111111111111111111
1111111111111111111111111111111111111111111111112222221111111111111111111111111111111111111111111111
1111111111111111111111111111111111111111111111222222222211111111111111111111111111111111111111111111
1111111111111111111111111111161111111111111112222222222211111111111111111111111111111111111111111111
1111111111111111111111111111111111111111111111222222221111111111111111111111111111111111111111111111
1111111111111111111111222222111111111111111111111111111111111111111111111111111111111111111111111111
1111111111111111111122333322211111111111111111111111111111111111111111111111111111111111111111111111
1111111111111111111223333322211111111111111111111111111111111111111111111111111111111111111111111111
1111111111111111112233333322111111111111111111111111111111111111111111111111111111111111111111111111

5555555555555555555555555555555555555555555555555555555555555555555444441111111111111111111111111111
5555555555555555555555555555555555555555555555555555555555555555555444443211111111111161111111111111
5555555555555555555555555555555555555555555555555555555555555555554444444321111111111111111111111111
5555555555555555555555555555555555555555555555555555555555555555554444444332111111111111111123333332
5555555555555555555555555555555555555555555555555555555555555555444444433321111111123334444444444444
5555555555555555555555555555555555555555555555555555555555555554444443211111111122334444444444444555
5555555555555555555555555555555555555555555555555555555555555444443111111111111112334444444445555555
5555555555555555555555555555555555555555555555555555555555444443111111111111111111134444444455555555
5555555555555555555555555555555555555555555555555555554444443111111111111111111111113444444555555555
5555555555555555555555555555555555555555555555544444444311111111111111111111161111111344444455555555

1111111111111111123344444444444444444443221111111111222233344444444444444444444444444444444444444444
1111111111112233444444444444444444444444443322222222233334444444444444444444444444444444444444444444
1111112222333444444444444555555444444444444433333333333334444444444444444444444444444444444444444444
1111222233344444444444555555555554444444444433333333333333444444444444444444333333334444444444444444
1111112233344444444444555555555554444444444433322222222333333333333333333333333333333334444444444444
1111111122334444444444555555555544444444443322211111111122222223333333333222222222233333344444444444
1111111111123344444444444455444444444444332111111111111111111111111222222222222222222233334444444444
1111111111111123444444444444444444444432111111111111111111111111111111111111111111122222333444444444
1111111111111111123444444444444444332111111111111111111111111111111111111111111111111222233334444444
1111111111161111111112233333332211111111111111111111111111111111111111111111111111111112223333344444

5555555555555555555555555555555555555555555555555555555555555555555555555555555555555555555555555555
5555555555555555555555555555555555555555555555555554444444444444444444444455555555555555555555555555
5555555555555555555555555555555555555444444444444444444443322221122233444444445555555555555555555555
5555555555555555555555555555444444444444444444444433221111111111111111111123444444555555555555555555
5555555555555555555555555444444444444444444433221111111111111111111111111111112344444455555555555555
5555555555555555555555544444444444444433322211111111111111111111111111111111111112344444444444444444
5555554445555555555555444444444444443332221111111111111161111111111111111111111111111234444444444432
5544444444444555555555544444444444444332221111111111111611111111111111111111111111111111111111111111
4421111244444555555555555444444444444443322111111111111111111111111111111111111116111111111111111111
1111111124444555555555555555444444444444443221111111111111111111111111111111111111111111111111111111

1111111111111111111111111111111111111112344444444444444444444444444444444444444555555555555555555555
1111111111111111111111111111111111111122344444444444444444444432111111112444444444445555555555555544
1111111111111111111111111111111111111222334444444444444444332111111111111112344444444444444444444444
1111111111111111111111111111111111111122223333444444333322111111111111111111111234444444444444431111
1111111111111111111111111111111111111111111222222222222111111111111111111111111111112233332111111111
1111111111111111111111111111111111111111111111111111111111111111111111111111111111111111111111111111
1111111111111111111111111111111111111111111111111111111111111111111111111111111111111111111111111111
1111111111111111111111111111111111111111111111111111111111111111111111111111111111111111111111111111
1111111111111111111111111111111111111111111111111111111111111112222222233322111111111111111111111111
1111111111111111111111111111111111111111111111111111111111223344444444444444443211111111111111111111

1255555555555555555555555555555555555555555555555555555555555555555555555555555555555555555555444444
1115555555555555555555555555555555555555555555555555555555555555555555555555555555555555555544444443
1111555555555555555555555555555555555555555555555555555555544444444444444445555555555555444444443333
1111135555555555555555555555555555555555555555555555555443221111122223333344444444444444444444333222
1111111555555555555555555555555555555555555555555554431111111111111111111111223333444444444433332222
1111111115555555555555555555555555555555555555555431111111111111111111111111111112223333333333322221
1111111111145555555555555555555555555555555555431111111111111111111111111111111111111122222222222211
1111111111111111234444443321111111111111111111111111111111111111111111111111111111111111112222222211
1111111111111111111111111111111111111111111111111111111111111111111111111111111111111111111112222111
1111111111111111111111111111111111111111111111111111111111111111111111111111111111111111111111111111

3321111111111111111112233333344444444444555555555555555555555555555555555555555555555555555555555554
4321111111111111223333333444444444445555555555555555555555555555555555555555555555555555555555555544
4332111111111223333334444444444445555555555555555555555555555555555555555555555555555555555555555544
4333211111122333334444444444445555555555555555555555555555555555555555555555555555555555555555555544
4433322122333334444444444444555555555555555555555555555555555555555555555555555555555555555555555444
4443333333333444444444444555555555555555555555555555555555555555555555555555555555555555555555555444
4444333333344444444444455555555555555555555555555555555555555555555555555555555555555555555555555544
4444433334444444444445555555555555555555555555555555555555555555555555555555555555555555555555555554
4444444444444444444555555555555555555555555555555555555555555555555555555555554444444555555555555555
5444444444444444455555555555555555555555555555555555555555555555555555555555554444444555555555555555

5555555555554444332211111111111111111111222222222222211111111111111111222233333333333333333332222221
5555555555444433221111111111111111111111111111111111111111111111111111112222222222222222222222221111
5555555544444332111111111111111111111111111111111111111111111111111111111122222211111111111111111111
5555554444433321111111111111111111111111111111111111111111111111111111111111111111111111111111111111
4444444444333211111111111111111111111111111111111111111111111111111111111111111111111111111111111111
4444444443332111111111111111111111116111111111111111111111111111111111111111111111111111111111111111
4444444433322111111111111111111111111111111111111111111111111111111111111111111111111111111111111111
4444444333221111111111111111111111611111111111111111111111111112222222221111111111111111111111111111
4444443333221111111111111111111111111111122222222111111111222222222222222111111111111111111111111111
4444433333221111111111111111111111111122222222222222222222222333333333222211111111111111111111111111

5555555555555555555555555555555555555411111111111111111111145555555555555555555555555555555555555555
5555555555555555555555555555555555555541111111111111111111255555555555555555555555555555555555555555
5555555555555555555555555555555555555554211111111111111111455555555555555555555555555555555555555555
5555555555555555555555555555555555555555421111111111111111345555555555555555555555555555555555555555
5555555555555555555555555555555555555555541111111111111111145555555555555555555555555555555555555555
5555555555555555555555555555555555555555544111111111111111114455555555555555555555555555555555555555
5555555555555555555555555555555555555555544111111111111111111114445555555555555555555555555555555555
5555555555555555555555555555555555555555543111111111111111111111111111111124445555555555555555555555
5555555555555555555555555555555555555554431111111111111111111111111111111111111144444444444444444455
5555555555555555555555555555555555555544111111111111111111111111111111111111111111111111111111111124

4444444444444333332221111111111111111111111111111111111111111111111111116111111111111111111111111111
4444444444444433333322211111111111111111111111111111111111111111111111111111111111111111111111111111
4444444444444443333332222111111111111111111111111111111111111111111111111111111111111111111111111111
4444444444444444333333322222111111122222222221111111111111111111111111111111111111111111111111111111
4444444444444444433333333222222222222233333222222112222222211111111111111111111111111111111111111111
4444444444444444443333333333222333333333333333222222222222211111111111111111111111111111111111111111
4444444444444444444333333333333333333333333333332222222222111111111111111111111111111111111111111111
4444444444444444444443333333333333333333333333333222222221111111111111111111111111111111111111111111
4444444444444444444444333333333333333333333333333222222111111111111111111111111111111111111111111111
4444444444444444444444433333333333333333333333333222211111111111111111111111111111111111111111111111

5555555555555555555444444444444444444444444444444444444455555555555554444444444444455555555555555444
5555555555555555554444433334444444444444444444444444444444444444444444444444444444444444444444444444
5555555555555555544443333333334444444444444444444444444444444444444444444444444444444444444444444444
5555555555555555444332222222233333444444444444444444444444444444444444444444444444444444444444433322
5555555555555554443222222222222233333333333333333333444444444444444444443333333333333444443333322221
5555555555555544432211111111122222222333333333333333333334444444444443333322222223333333333222221111
5555555555555444322111111111111112222222222222222222223333333333333333322222222222222222222221111111
5555555555554443211111111111111111111122222222222222222222233333333322222222222222222222111111111111
5555555555544422111111111111111111111111111111111111122222222222222222222221111111111111111111111111
5555555555443211111111111111111111111111111111111111111111122222222222211111111111111111111111111111

5555555555555555555555555555555555555555555555555555555555555555555555555555555555555555555555555555
5555555555555555555544444444455555555555555555555555555555555555555555555555555555555555555555555555
5555555555555544444433333333333444455555555555555555555555555555555555555555544444444555555555555555
5555555555444444332222111111112223334444555555555555555555555555444444444444444444444444444555555555
5555555444444333221111111111611111222334444444444444444444444444444444433333333333333334444444555555
5555554444333322111111111111111111111223334444444444444444444444333333333322222222223333344444445555
5555554433332211111111111111111111111122333344444444444444444333333333222222222222222233333444444455
5555554433322111111111111111111111111112233344444444444444443333333332222222222222222233333444444444
5555554433222111111111111111111111111122233444444444444444444433333333322222222222222333333444444444
5555554433222111111111111111111111111122334444444444444444444444443333333333322233333333344444444444

4445555555544444111111166111111111111124444444444444444444444444444444444432111111111111111111111111
5555555555555554444111111111111234444444444444444444444444444444444444444444444421111111111111111111
5555555555555555544444444444444444444444444444444444444444555555555555544444444444431111111111111111
5555555555555555554444444444444444444444444444444444444455555555555555555544444444444431111111111112
5555555555555555555444444444444444444444444444444444444445555555555555555554444444444442111111111112
5555555555555555555444444444444444444444444444444444444444455555555555555544444444444421111111111111
5555555555555555555444444444444444444444444444444444444444444445555555554444444444442111111111111111
5555555555555555554444444444444432111111111111111111112444444444444444444444444443111111111111111111
5555555555555555444431111111111111111111111111111111111111124444444444444444442111111111111111111111
5555555555555554441111111111111111111111111111111111111111111111111122211111111111111111111111111111

1111111111111111111111111111111111111111111111111111111111111111111111111111111111111111111111111111
1111111111111111111111111111111111111111111111111111111111111111111111111111111111111111111111111111
1111111111111111111111111111111111111111111111111111111111111111111111111111111111111111111111111111
1111111111111111111111611111111111111111111111111111111111111111111111111111111111111111111111111111
1111111111111222221111111111111111111111111111111111111111111111111111111111111111111111111111111111
1112334444444444444444321111111111111111111111111111111111111111111111111111111111111111111111111111
4444455555555555555544444432111111111111111111111111111111111111111111111111111111111111111111111111
5555555555555555555555555444443322111111111111111111111111111111111111111111111111111111111111111111
5555555555555555555555555555544444444444444444444444444444444433221111111111111111111111111111111111
5555555555555555555555555555555555555555555555555555555555554444444444444444444444444431111111111111

5555555555555555555544444444332222222222223333444444444444444444444444444444444444444444444444321111
5555555555555555555444444321111111111111111122222222222222222222233344444444444444444444444444443111
5555555555555555554444422111111111111111111111111222211111111222222334444444444444444444444444444421
5555555555555555544444211111111111111111111111111111111111111112222334444444444444444444444444444443
5555555555555555444443211111111111111111111111112222111111111122223344444444444444444444444444444444
5555555555555555444443211111111111111111111222222222222222222223344444444444444444444444444444444444
5555555555555555444444221111111111111122223334444444443333333444444444444444444444444444455555555444
5555555555555555544444432221111112223344444444444444444444444444444444444444444444444555555555555555
5555555555555555554444444444444444444444444444444444444444444444444444444444555555555555555555555555
5555555555555555555444444444444444444444444444444444444444444444444445555555555555555555555555555555

1111111111111111111111111234444444444444444333333344444444444444444444444444444444444444211111111111
1111111111111111111111223444444444444443322111111111223344444444444444444444444444444431111111111111
1111111111111111111112344444444444443322111111111111111111222222233333333444444444443211111111111111
1111111111111111111223344444444443322111111111111111111111111111111111111122223333221111111111111111
1111111111111111112223344444443322111111111111111111111111111111111111111111111111111111111111111111
1111111111111111111222233333322111111111111111111111111111111111111111111111111111111111111111111111
1111111111111111111111111111111111111111111111111111111111111111111111111111111111111111111111111111
1111111111111111111111111111111111111111111111111111111111111111111111111111111111111111111111111111
1111111111111111111111111111111111111111111111111111111111111111111111111111111111111111111111111111
1111111111111111111111111111111111111111111111111111111111111111111111111111111111111111111111111111

3333222111111111111111111111111222222222211111111111111111111111111111111111111111111111111111111111
4443333222211111111111111112222233333333222111111111111112222222222221111111111122222222222222222222
4444443333222222222222222222233333444433332221111111222222333333333333333333333333333333333333333333
5544444433333322222223333333333344444443333222222222223333333333333333333333344444444444444444444444
5554444444333333333333333333333444444444333322222222233333334444444444444444444444444444444444444444
5555544444433333333333333333334444444444333322222222333333444444444444444444444455555555555555555555
5555544444443333333333333333344444444444333322222222333333444444444444444444555555555555555555555555
5555554444443333333333333333334444444443333322222222233333344444444444444555555555555555555555555555
5555554444443333333333333333333333443333333222222222223333334444444444445555555555555555555555555555
5555544444433333333333333333333333333333322221111112222233333344444444445555555555555555555555555555

5554444455555555555555555555555555555555555555555555555555555555555554444211111111111111122344444455
4322222344445555555555555555555555555555555555555555555555555555555555544432111111111223444444555555
1111111111244455555555555555555555555555555555555555555555555555555555554444322112223444444555555555
1111111111113445555555555555555555555555555555555555555555555555555555555444433233444444555555555555
1111111111111244455555555555555555555555555555554444455555555555555555555444444444444455555555555555
1111111111111124444455555555555555555555555554444444444555555555555555554444444444444555555555555555
1111111111111112344444444444444444444444444444444444444444555555555555544444433344444455555555555555
1111111111111111122333444444444444444444444433222222223444444455555444444432222223444444444444555555
1111111111111111111111122222222222222222221111111111111122344444444443322111111111223444444444444444
1111111111111111111111111111111111111111111111111111611111111111111111111111111111111111111111112234

1111111111111111111111111111111111111111111111111111111111111111111111111111111111111111111111111111
1111111111111111111111111111111111111111111111111111111111111111111111111111111111111111111111111111
1111111111111111111111111111111111111111111111111111111111111111111111111111111111111111111111111111
1111111111111111111111111111111111111111111111111111111111111111111111111111111111111111111111111111
1111111111111111111111111111111111111111111111111111111111111111111111111111111111111111111111111111
1111111111111113444444332111111111111111111111111111111111111111111111111111111111111111111111111111
1111111111112444444444444433221111111111111111111112222222221111111111111111111111111111111111111111
1111111111244444444444444444444333222222222222233334444444433211111111111111111111111111111111111111
1111111124444555555555544444444444444444444444444444444444444432111111111111111111111111111111111111
1111111344455555555555555544444444444444444444444444444444444444321111111111111111111111111111111111

