5555555555555555555555555555555555555555555555555555555555555555555555555555555444444444444455555555
5555555555555555555555555555555555555555555555555555555555555555555555555555444444444333334445555555
5555555555555555555555555555555555555555555555555555555555555555555555555544444444433211123444455555
5555555555555555555555555555555555555555555555555555555555555555555555554444444444332111111234444555
5555555555555555555555555555555555555555555555555555555555555555555555444444444443321111111112344455
5555555555555555555555555555555555555555555555555555555555555555555554444444444443321111111111123444
4444445555555555555555555555555555555555555555555555555555555555555544444444444444332111111111111244
4444444444555555555555555555555555555555555555555555555555555555555544444444444444433111111111111113
1111123444445555555555555555555555555555555555555555555555555555555554444444444444443211111111111111
1111111133444455555555555555555555555555555555555555555555555555555555555544444444444321111111111111

5555555555554444444433322221111111111111111111111111111111111111111111111111111111111111111111111111
5555555555544444444444433332222111111111111122222333333333333322222111111111111111111111111111111111
5555555555444444444444444443333222222222223333444444444444444444444333332222222222222211111111111111
5555555554444444444444444444443333333333334444444444444444444444444444444444444444444433211111111111
5555554444444444444444444444444433333333344444444444444444444444444444444444444444444444432111111111
5554444444444433333334444444444333333333334444444444444444444444444444444444444444444444443211111111
4444444333222222222222333333333332222222233344444444444444444444444444444444444444444444443211111111
4432221111111111111111112222222221111111122222333344444444444444444444444444444444444444443211111111
1111111111111111111111111111111111111111111111111122222222222222222222222222333333334444332111111111
1111111111111111111111111111111111111111111111111111111111111111111111111111111111122222211111111111

5555555555555555554444322211111111111111222222222333334444444444332111111111111111111111111111111245
5555555555555555444432221111111111111111111122222222333444444444432211111111111111111111111111111245
5555555555555554444322111111111111111111111111112222223334444444443211111111111111111111111111111245
5555555555555544432211111111111111111111111111111112222233444444443211111111111111111111111111111245
5555555555554444322111111111111111111111111111111111122223344444443211111111111111111111111111111145
5555555555444432211111111111111111111111111111111111111122233444432111111111111111111111111111111135
5555554444443322111111111111111111111111111111111111111112222333222111111111111111111111111111111124
4444444444322211111111111111111111111111111111111111111111122222211111111111111111111111111111111114
3333333322221111111111111111111111111111111111111111111111111111111111111111111111111111111111111112
2222222211111111111111111111111111111111111111111111111111111111111111111111111111111111111111111111

4444443333222222111111111111111111111111111111111111111111111111111111111111111111111111111111111111
1111111111111111111111111111111111111111111111111111111111111111111111111111111111111111111111111111
1111111111111111111111111111111111111111111111111111111111111111111111111111111111111111111111111111
1111111111111111111111111111111111111111111111111111111111111111111111111244555555554442111111111111
1111111111111111111111111111111111111111111111111111111111111111111111245555555555555555544421111111
1111111111111111111111111111111111111111111111111111111111111111111134555555555555555555555555443211
1111111111111111111111111111111111111111111111111111111111111111112455555555555555555555555555555554
1111111111111111111111111111111111111111111111111111111111111111145555555555555555555555555555555555
1111111111111111111111111111111111111111111111111111111111111114555555555555555555555555555555555555
1111111111111111111111111111111111111111111111111111111111111455555555555555555555555555555555555555

1111111111111111111111116111111111111111111111111111111112233333333211111111111111111111111111111111
1111111111111111111111111111111111111111111111111111122334444555555443111111111111111111111111111111
1111111111111611111111111111111111111111111111111122344445555555555554431111111111111111111111111111
1111111111111111111111111111111111111111111111122334445555555555555555544311111111111111111111111111
1111111111111111111111111111111111111111111112233444555555555555555555555443211111111111111111111111
1111111111111111111111111111111111111111112223344455555555555555555555555554443211111111111111111111
1111111111111111111111111111111111111111223344445555555555555555555555555555554443321111111111111111
1111111111111111111111111111111111111222334444555555555555555555555555555555555554444321111111111111
1111111111111111111111111111111111222333444455555555555555555555555555555555555555554442111111111111
1111111111111111111111111111111222333444445555555555555555555555555555555555555555555544311111111111

1111111111123333222111111111111111111111111111111111111111111111111111111111111111111111111111111111
1111113444444444444444444432211111111111111111111111111111111111111111111111111111111111111111111111
1124444444444444444444444444444333221111111111111111111111111111111111111111111111111111111112444444
4444444444444444444444444444444444444433222111111111111111111111111111111111111111111111244444444444
4444455555544444444444444444444444444444444333322222211111111111111111111111111111112344444444444555
4555555555544444444444444444444444444444444444333333333333322222111111111111111112244444444444555555
5555555555444444444444444444444444444444443333222222333333333322222211111111111223444444444455555555
5555555554444444444444444444444444444433221111111111111122222222211111111111111234444444444555555555
5555554444444444444433333334444444443211111111111111111111111111111111111111111123444444444555555555
5544444444444321111111111111111122111111111111111111111111111111111111111111111111244444444555555555

1111111111111111112333333222222222333344444333322111111611111111111111111111111111111111111111111111
1111111111111111344444444444444444444444444444443332211111111111111111111111111111111111111111111111
1111111111111124444555554444444444444444444444444444332221111111111111111111111111111111111111111111
1111111111111344455555555555444444455555555544444444444333222221111111111111111111111111111111111111
1111111111113444555555555555555555555555555555444444444444333333333333333333444444444444444444444444
1111111111124445555555555555555555555555555555444444444444444444444444444444444444444444555555555555
1111111111244455555555555555555555555555555554444444444444444444444444444444555555555555555555555555
1111111112344455555555555555555555555555555444444444444444444444444444445555555555555555555555555555
1111111123444555555555555555555555555554444444444444444444444444444445555555555555555555555555555555
1111111234444555555555555555555555444444444444444444444444444444444455555555555555555555555555555555

5555555555555555555555555555555555444444444444444333111111111111111111111111111111111111111111111111
5555555555555555555555555555444444444333211111111111111111111111111111111111111111111111111111111111
5555555555555555555555544444444331111111111111111111111111111111111111111111111111111111111111111111
5555544444444444444444444443211111111111111111111111111111111111111111111111111111111111111111111114
4444444444444444444444443211111111111111111111111111111111111111111111111111111111111111111111111445
4444444444444444444443311111111111111111111116111111111111233333311111111111111111111111111111144555
2334444444444444444331111111161111111111111111111111111123344444444443111111111111111111111134455555
1113334444444444443321111111111111111111111111111111111234444444444444444431111111111111144455555555
1111334444444444443321111111111111111111111111111111113344444444444444444444444433334444455555555555
1111334444444444444432111111111111111111111111111111133444444455555555555555444444444555555555555555

5542211111112445555555555555555555555555555555443211111111111111111111111111111111111111111111111111
1111111111111111124455555555555555555555555544321111111111111111111111111111111111111111111111111111
1111111111111111111112445555555555555555544422111111111111111111111111111111111111111111111111111111
1111111111111111111111111124445555544444221111111111111111111111111111111111111111111111111111111111
1111111111111111111111111111111112221111111111111111111111111111111111111111111111111111111111111111
1111111111111111111111111111111111111111111111111111111111111111111111111111111111111111111111111111
1111111111111111111111111111111111111111111111111111111111111111222222222222222222211111111111111111
1111111111111111111111111111111111111111111111111111111112222222222233344444444444422111111111111111
1111111111111111111111111111111111111111111111111111112222334444444444444444444444444321111111111111
1111111111111111111111111111111111111111111111111111222444444444444444455555555555544442211111111111

1111111111111111111111111111111111111111111111116111111111111111111111111111111111111111111111111111
1111111111111111111111111111111111111111111111111111111116111111111111111111111111111111111111111111
1111111111111111111111111111111111111223334433322211111111111111111111111111111111111111111111111111
1111111111111111111111111111111112344444444444444444433211111111111111111111111111111111111111111111
1111111111111111111111111111111234444444444444444444444443321111111111111111111111611111111111111111
1111111111116111111111111111112234444444444444444444444444443221111111111111111111111111111111111111
1111111111111111111111111111112234444444444444444444444444444322211111111111111111111111111111123444
1111111111111111111111111111111122344444444444444444444444433222111111111122222222221122223444444445
1111111111111111111111111111111111122344444444444444443322211111111111111111222233333444444444445555
1111111111111111111111111111111111111111122222222211111111111111111111111111112223344444444444555555

5555555555555555555555555555555555555555555555555555555555555555555555555544444444432211111111111111
5555555555544444444555555555555555555555555555555555555555555555555555544444444433221111111111111111
5555555544431111112444455555555555555555555555555555555555555555555444444444443222111111111111111111
5555554442111111111111444445555555555555554444444455555555555544444444444443322222111222222222222211
5555544411111111111111113444444444444444444444444444444444444444444444444433322222233344444444444444
5555444211111111111111111123444444443221111111111123444444444444444444444444344444444444444444444444
5555444211111111111111111111222222111111111111111111123444444444444444444444444444444444445555555555
5555444311111111111111111111222111111111111111111111112344444444444444444444444444444555555555555555
5555544442111111111111111223333221111111111111111111123444444444444444444444455555555555555555555555
5555555444443221122334444444444444321111111111111112444444444444555555555555555555555555555555555555

5555555555555555555555555555555555555555555555555554411111111111111111111111111111111111111111111111
5555555555555555555555555555555555555555555555555555444111111111111111111111111111111111111111111111
5555555555555555555555555555555555555555555555555555554444444432111111111111111111111111111111111111
5555555555555555555555555555555555555555555555555555555555555555555544444311111111111111111111111111
5555555555555555555555555555555555555555555555555555555555555555555555555555444444311111111611111113
5555555555555555555555555555555555555555555555555555555555555555555555555555555555544444211111112444
5555555555555555555555555555555555555555555555555555555555555555555555555555555555555554444444444444
5555555555555555555555555555555555555555555555555555555555555555555555555555555555555555554444444455
5555555555555555555555555555555555555555555555555555555555555555555555555555555555555555555555555555
5555555555555555555555555555555555555555555555555555555555555555555555555555555555555555555555555555

5555555555555555555555555555555555555555555555555555555555555555555555555555555455555555555555555555
5555555555555555555555555555555555544444444444444444555555555555554444444421111111144444455555555555
5555555555555555555555555555544443111111111161111111111234444432111111111111111111111112444444444444
5555554444444444444444444444311111111111111111111111111161111111111111111111111111111111111233333344
5444443111111111111111111111111111111111111111111111111111111111111111111111111111111111111111111111
4411111111111111111111111111111111111111111111111111111111111111111111111111111111111111111111111111
1111111111111111111111111111111111111111111111111111111111111111111111111111111111111111111111111111
1111111111111111111111111111111111111111111111111111111111111111111111111111111111111111111111111111
1111111111111111111111111111111111111111111111111111111111111111111111111111111111111111112444443211
1111111111111111111111111111111111111111111111111111111111111111111111111111111111111111444444444444

5555544443322111111111111111111111111111111111111111111111111111111111111111111111111111111111111116
5555544444433222211111111111111111111111111111111111111111111111111111111111111111111111111222221111
5555554444444333222222221111111111111111111111111111611111111111111116111111111111111111233344433221
5555555444444443333333322222222111111111111111111111111111111111111111111111111111111223444444444433
5555555444444444433333333333222222222222222111111111111111222222222111111111111111122334444444444444
5555555444444444443333333333333322222222222221111111111222233333333222222111111122233444444444444444
5555554444444444333333333333333222222222222222111111122223333444433333322222222222333444444444444444
5555544444444333333332222222222222222222222211111111112223333444444333333222222222333444444444444444
5554444444333222222222222222221111111111111111111111111222233333333333332222222222233344444444444443
5444444333222111111111111111111111111111111111111111111111222233333332222222211112222233334444443322

1111234444444444444444444444443333322233333344444444444444444444444444444444444444444444455555555555
1111111123334444444444333221111111111111111111111112222222222222222233333444444444444444444455555555
1111111111111222222221111111111111111111111111111111111111111111111111112233334444444444444444555555
1111111111111111111111111111111111111111111111161111111111111111111111111122333333333334444444455555
1111111111111111111111111111111111111111111111111111611111111111111111111122333444444444444444455555
1111111111111111111111111111111111111111111111111111111111111111111111111233444444444444444444455555
1111111111111111111111111111111111111111111111111111111111111111111111223344444444444444444444555555
1111111111111112222222221111111111111111111111111111111111111111112233444444444445555555555555555555
1111111111122334444444444333322211111111111111111111111222223333444444444455555555555555555555555555
1111111113344444444444444444444444444433333333444444444444444444444445555555555555555555555555555555

1144455555555555555555555555555555555555555555555555555555555555555555555555555555555555555555555555
1111444555555555555555555555555555555555555555555555555555555555555555555555555555555555555555555555
1111112444455555555555555555555555555555555555555555555555555555555555555555555555555555555555555554
1111111111244444444555555555555555555555555555555555444444445555555555555555555555555555555555555544
1111111111111111122444444555555555555555555555555544421111124444555555555555555555555555555555555442
1111111111111611111111113444445555555555555555554441111111111124444555555555555555555555555555554441
1111111111111111111111111111244444455555555544444211111111111111144445555555555555555555555555444421
1111111111111111111111111111111124444444444444442111111111111111112444455555555555555555555554444411
1111111111111111111111111111111111123444444444321111111111111111111344444555555555555555555544444421
1111111111111111111111111111111111111123344432211111111111111111111244444455555555555555555544444431

1111111111111111111111111111111111111111111111111111111111111111111111111111111111111111111111111111
4443211111111111111111111111111111111111111111111111111111111111111111111111111111111111111111111111
5444444211111111111111111111111111111111111111111111111111111111111111111111111111111111111111111111
5555544443111111111111111111111111111111111111111111111111111111111111111111111111222221111111111111
5555555444442111111111111111111111111111111111111111111111111111111111111122344444444444443111111111
5555555554444421111111111111111111111111244444444443211111111112233444444444444444444444444442111111
5555555555544443211111111111111111111134444555555544444444444444444444444444555555555555554444411111
5555555555554444432111111111111111113444555555555555555555555555555555555555555555555555555544443111
5555555555555444444321111111111111134445555555555555555555555555555555555555555555555555555554444411
5555555555555444444432211111111111344445555555555555555555555555555555555555555555555555555555444442

4442124444444555555555555555555555555555555555555555555555555555544444444444444444444555555555555555
1111111111114444444445555555555555555555555555555555555444444444444443111111111344444444445555555555
1111111111111111244444444444444444444444444444444444444444444444431111111111111124444444444444555555
1111111111111111111123444444444444444443211111111111112223332211111111111111111134444444444444444555
1111111111111111111111112334443321111111111111111111111111111111111111111111124444444444444444444445
1111111111111111111111112223221111111111111111111111111111123344444333334444444444444444444444444444
1111111111111111124444444444444432111111111111111111111244444444444444444444444444444444444444444444
1111111111112444444444444444444444444321111111111234444444444444444455555555555555555444444444444444
1111111114444444555555555555555444444444444444444444444455555555555555555555555555555555554444444444
1111144444555555555555555555555555555555555445555555555555555555555555555555555555555555555555555555

1111111111111111111111111111111111111111111111111233344444444444433321111111111111111111111111111111
1111111111111111111111111111111111111111111123444444444444444444444444433111111111111111111111111111
1111111111111111111111111111111111111111123444444444444444444444444444444443211111111111111111111111
4111111111111111111111111111111111111111334444444444444444444444444444444444443321111111111111111111
4431111111111111111111111111111111111112344444444444444444444444444444444444444443321111111111111111
5544211111111111111111111111611111111112334444444444444444444444444444444444444444443311111111111111
5554441111111111111111111111111111111111123344444444444444444444444444444444444444444432111111111111
5555444211111111111111111111111111111111111122334444444444444444444444444444444444444443311111111111
5555544431111611111111111111111111111111111111111112233334444444444444444444444444444443321111111111
5555554442111111111111111111111111111111111111111111111111111111222222222233333334444433321111111111

1111111111111111111111123444444321111111111111111111111111111111111111111111111111111111111111111111
1111111111111111123445555555555555442111111111111111111111111111111111111111111111111111111111111111
1111111111111244555555555555555555555442111111111111111111111111111111111111111111111111111111112223
1111111112445555555555555555555555555555431111111111111111111111111112222222111111111111111122334444
1111113445555555555555555555555555555555554421111111111111111111122333333333322222111112222334444444
1113455555555555555555555555555555555555555544311111111111111122334444444444433332222222333444444555
2445555555555555555555555555555555555555555555443221111111122334444444444444444333333333344444445555
4555555555555555555555555555555555555555555555554444333333334444444444444444444443333334444444455555
5555555555555555555555555555555555555555555555555544444444444444444444444444444444333344444444555555
5555555555555555555555555555555555555555555555555555544444444444444444444444444444333344444444555555

5555555555555555555555555444431111111111111111111111111111111111111111111111111111111111111111111111
5555555555555555555555544444432111111111111111111111111111111111111111111111111111111111111111111111
5555555555555555555554444443221111111111111111111111111111111221111111111111111111111111111111111111
5555555555555555554444321111111111111111111111111111112344444444444311111111111111111111111111111111
5555555555555554442111111111111111111111111111111111234444444444444441111111111111111111111111111111
5555555555555441111111111111111111111111111111111111234444444444444442111111111111111111111111111111
5555555555544111111111111111111111111111161111111111112344444444444321111111111111111111111111111111
5555555554411111111111111111111111111111111111111111111111223332211111161111111111111111111111111111
5555555441111111111111111111111111111111111111111111111111111111111111111111111111111111111111111111
5555554111111111111111111111111111111111111111111111111111111111111111111111111111111111111111111111

1111111111111111111111111111122344444444444211111111111111111111111111111111111111144455555555554443
1111111111111111111111111111111122344444443111111111111111111111111111111111111111134445555555444421
1111111111111111111111111111111112233444432111111111111111111111111111111111111111144445555544444211
1111111111111111111111111111111112223444432111111111111111111111111111111111111111344455555544443211
1111111111111111111111111111111122234444443211111111111111111111111111111111111114444555555544443211
1111111111111111111111111111112233444444444421111111111111111111111111111111111344555555555554444211
1111111111111111111112222222334444444444444443211111111111111111111111111111134455555555555555544421
1112222223333344444444444444444444445555555444442111111111111111111111111134455555555555555555554442
4444444444444444444444444444445555555555555555544443111111111111111111244455555555555555555555555544
4444444444455555555555555555555555555555555555555555444443222222344445555555555555555555555555555555

1111111111111111111111111111111111111111111111111111111111111111111111111611111111111111111111111111
1111111111111111111111111111111111111111111111111111111111111111111111111111111111111111111111111111
1111111111111111111111111111111111111111111111111111111111111111111111112111111111111111111111111111
1111111111111111111111111111111111111111111111111111111111111111111112334444331111111111111111111111
1111111111111111111111111111111111111111111111111111111111111111111113344444444432111111611111111111
1111111111111111111111111111111111111111111111233334444433332211111112334444444444443211111111111111
1111111111111111111111111111111134444444444444444444444444443311111111133444444444444444432111111111
1111111111111111111111111114445555555555555544444444444444443211111111111344444444444444444444443111
1111111111111111111111124555555555555555555555555444444444432111111111111123444444444444444444444444
1111111111111111111114455555555555555555555555555554444444421111111111111111344444444444445555555444

5555555555555555555555555555555555555555555555555555555555555555555555555555555555555555555555555555
5555555555555555555555555555555555555555555555555555555555555555555555554444444455555555555555555555
5555555555555555555555555555555555555555555555555555555555555555555554444444444444555555555555555555
5555555555555555555555555555555555555555555555555555555555555555554444443211124444455555555555555555
5555555555555555555555555555555555555555555555555555555555555555444444211111111344445555555555555555
5555555555555555554444444444444444444444444455555555555555554444444311111111111144445555555555555555
5555555555554444411111111111111111111111123444444444444444444444311111111111111134444555555555555555
5555555544441111111111111111111111111111111111111124444444443211111111111111111124444555555555555555
5555544421111111111111111111111111111111111111111111111111111111111111111111111134444555555555555555
5554421111111111111111111111111111111111111111111111111111111111111111111111111144444555555555555555

1111111111111111111111111111111111111111111111111111111111111111111111111111111111111111111111111111
1111111111111111111111111111111111111111111111111111111111111111111111111111111111111111111111111111
1111111111112333333211111111111111111111111111111111111111111111122233333333221111111111111111111111
1111111111233333333332111111111111111111122222222222211112222333333333333433333332111111111111111111
1111111112333333333333321111111111111222333333333333333333333333334444444444444433332111111111111111
1111111113333344443333332111111111122333333333333333333333333334444444444444444444433333211111111111
1111111113333344443333332211111111223333333333333333333333333444444444444444444444444433333221111111
1111111112333333333333332211111112223333333333333333333333334444444444444444444444444444443333332111
1111111111233333333333322111111111223333333333333333333333333444444444444444444444444444444444433333
1111111111122333333332211111111111122333333333333333333333333344444444444444444444444444444444444443

1445555555555555555555555555555555555555444444444433222111111112222333334444443333322211111111111122
1244455555555554444444555555554444444443332111111111111111111111111111111112222221111111111111111122
1124444444444444444444444444444321111111111111611111111111111111111111111111111111111111111111111122
1113444444444432111111233443321111111111111111111111111111111111111111111111111111111111111111111223
1112344444443211111111111111111111111111111111111111111111111111111111111111111111111111111111122334
1112344444432111111111111111111111111111111111111111111111111111111111111111111111111111111122233444
1112344444332111111111111111111111111111111111111111111111111111111111111111111111111111122233444444
1123444444433211111111111111111111111111111111111111111111111111111111111111111111111122233444444444
1244444444444322111111111111111111111111111111111111111111111111111111111111111111112233444444444444
2444444444444444322111111111111111111111111111111111111111111111111111111111111111223444444444445555

1111111111111111111111111111111111111111111111111111234444444444444444333334444444444443211111111111
1111111111111111111111111111111111111111111111111111112234444444332211111111233444444442111111111111
1111111111111111111111111111111111111111111111111111111123334333221111111111223444444443211111111111
1111111111111111111111111111111111111111111111111111111123344443322111111122344444444444431111111111
1111111111111111111111111111111111111111111111111111112344444444444433333444444444444444444321111111
4443211111111111111222211111111111111111111111111111234444444444444444444444444455555555444444321111
5544444444444444444444444432111111111111111111111124444444444444444444444555555555555555555554444431
5555555554444444444444444444442211111111112223344444444555555555555555555555555555555555555555555544
5555555555555555555555555444444444444444444444444455555555555555555555555555555555555555555555555555
5555555555555555555555555555555444444444455555555555555555555555555555555555555555555555555555555555

4444444444321111111111111111111111111111111111111111111111111111111111111111111111111111111111111111
4444444432211111111111111111111111111111111111111111111111111111111111111111111111111111111111111111
4444444432111111111111111111111111111111111111111111111111111111111111111111111111111111111111111111
4444444321111111111111111111111111111111111111111111111111111111111111111111111111113444444444432211
4444444421111111111111111111111111111111111111111111111111111111111111111111111113444444444444444432
5444444432111111611111111111111111111111111111111111111111111111111111111111111444555555555554444444
5554444443111111111111111111111111111111111111111111111111111111111111111111124455555555555555544444
5555444444211111111111111111111111111111111111111111111111111111111111111111445555555555555555555444
5555544444431111111111111111111111111111111111111111111111111111111111111134555555555555555555555554
5555555444443211111111111111111111111111111111111111111111111111111111113445555555555555555555555555

5555555554444332221111111222233333332211111111111111111111111111111111111111111111111111111111111111
5555555544444322211111122223334444444332211111111111111111111111111111111111111111111111111111111111
5555555444433222111111222333444444444444332111111111111111111111111111111111111111111111111111111111
5555555444332211111111223334444444444444443321111111111111111111111111111111111111111111111111111111
5555554443322111111112223344444444444444444433222222222221111111111111111111111111111111111111111111
5555544433221111111112233444444444554444444444333333344443332211111111111111111111111111111111111111
5555444432211111111112233444444445555554444444444444444444444433322221111111111111111111111111111111
5554444322111111111112233444444455555555444444444444444444444444444444333211111111111111111111111111
5554443221111111111122334444444555555555544444444444445555554444444444444443211111111111111111111111
5544433211111111111122334444444555555555554444444444555555555555555555444444431111111111111111111111

1111111111111111111111111111111111233444444444421111111111111111111111111144443111111111111111111111
1111111111111116111111111111111111123344444444321111111111111111111111111144442111111111111111111111
1111111111111111111111111111111111123344444444311111111111111111111111111134441111111111111111111111
1111111111111111111111111111111111223344444444311111111111111111111111111124431111111111111111111111
1111111111111111111111111111111122233344444444311111111111111111111111111112211111111111111111111111
1111111111111111111111111122222333334444444444311111111111111111111111111111111111111111111111111111
1111111111111111111111222333333444444444444444321111111111111111111111111111111111111111111111111111
1111111611111111111122334444444444444444444444321111111111111111111111111111111111111111111111111111
1111111111111111112334444444444444444444444444432111111111111111111111111111111111111111111111111111
6111111111111111223444444444444444444444444444443211111111111111111111111111111111111111111111111111

5555555555555555555555555555555555555555555555555555555555555555555555555555555555555555555555555555
5555555555555555555555555555555555555555555555555555555555555555555555555555555555555555555555555555
5555555555555555555555555555555555555555555555555555555555555555555555555555555555555555555555555555
5555555555555555555555555555555555555555555555555555555555555555555555555555555555555555555555555555
5555555555555555555555555555555555544444445555555555555555555555555555555555555555555555555555555555
5555555544444444455555555555555544444444444455555555555555555555555555444444444444555555555555555555
5555555444444444444444555544444444444444444444455555555555555555554444444444444444444455555555555555
5555554444444444444444444444444444444444444444444455555555555444444444443322222334444444445555555555
5555544443222223334444444444444444333333334444444444444444444444444432211111111112234444444444555555
5555444321111111112223333333332222111111122233444444444444444443322111111111111111111233444444444455

1111111111111111134444444444444444444444444433222333444444444444444444444442111611111111111111111111
1111111111111111124444444444444444444444444332222223344444444444444444444444111111111111111111111111
1111111111111111113444444444444444444444443322111122234444444444444444444444311111111111111111111111
1111111111111111111344444444444444444444443221111111223444444444444444444444311111111111111111111111
1111111111111111111113444444444444444444332111111111112234444444444444444444311111111111111111111111
1111111111111111111111123444444444444433211111111111111122344444444444444444311111111111111111111111
1111111111111111111111111112223333222111111111111111111111123444444444444443111111111111111111111111
1111111111111111111611111111111111111111111111111111111111111122334444444321111111111111111111111111
1111111111111111111111611111111111111111111111111111111111111111111111111111111111111111111111111111
1111111111111111111111111111111111111111111111111111111111111111111111111111111111111111111111111111

5555555555555555444444444333333333333333444443333222222223334444444444443322211111111111111111111111
5555555555444444433322222222222222222222222222222111111112222222222222222221111111111111111111111111
5555554444444333222222111111111111111111111111111111111111112222222222222211111111111111111111111111
5554444443332222222111111111111111111111111111111111111111111111111222222211111111111111111111111111
5544444333222222211111111111111111111111111111111111111111111111112222222221111111111111111111111111
5444444333222222221111111111111111111111222221111111111111112222222222222222111116111111111111111111
4444444333332222222222222111122222222222222222222222222222222222222333343333222111111111111111111111
5444444444433333333322222222223333334444444444444443333334444433444444444444433222111111111111111111
5555444444444444444444444444444444445555555555555554444444444444445555555555544443322221111111111111
5555555555555555555555555555555555555555555555555555555555555555555555555555555555444443333222222211

1111111111111111111234444455555555555555555555555555555555555411111113555555555555555555555555555555
1111111111111111111134444444555555555555555555555555555555554111111111155555555555555555555555555555
1111111111111111111123344444444444444444444555555555555555531111111111115555555555555555555555555555
1111111111111111111111223344444444443211112445555555555555411111111111111555555555555555555555555555
1111111111111111111111111122333332211111111144555555555554111111111111111155555555555555555555555555
1111111111111111111111111111111111111111111113455555555541111111111111111155555555555555555555555555
4433322211111111111111111111111111111111111111344555554411111111111111111115555555555555555554444444
4444444433221111111111111111111111111111111111134444441111111111111111111111555555555555421111111111
5554444444321111111111111111111111111111111111111121111111111111111111111111155555555521111111111111
5555544444432111111111111111111111111111111111111111111111111111111111111111111455421111111111111111

1111111111111111111111111111111111111111111111111111111111111111111111111111111111111111111111111111
1111111111111111111111111111111111111111111111111111111111111111111111111111111111111111111111111111
1111111111111111111111111111111111111111111111111111111111111111111111111111111111111111111111111111
1111111111111111111111111111111111111111111111111111111111111111111111111111111111111111111111111111
1111111111111222222111111111111111111111111111111111111611111111111111111111111111111111111111111111
1111111111223333333321111111111111111111111111111111111112211111111111111111111111111111111111111111
1111111112233333333321111111111111111111111111111111112334443332111161111111111111111111111111111111
1111111112223333332211111111111111111111111111111111113344444433211111111111111111111111111111111111
1111111111111111111111111111111111111111111111111111112334444332111111111111111111111111111111111111
1111111111111111111611111111111111111111111111111111111112332211116111111111111111111111111111111111

1111111111111111111111111111111111111111111111111111111111111111111222221111111111111111111111111111
1111111111111111111111111111111111111111111111111111111111111112223444432111111111111111111111111111
1111111111111111111111111111111111111111111111111111111111222344444444444211111111111111111111111111
1111111111111111111111111111111111111222334444444444444444444444444444444321111111111111111111111111
1111111111111111111111111111111122344444444444444444444444444444444444444421111111111111111111111111
1111111111111111111111122334444444444444455555555444444444455555555444444442111111111111111111111111
1111111111111111122444444444444445555555555555555555555555555555555555444444211111111111111111111111
1111111111111234444444445555555555555555555555555555555555555555555555554444421111111111111111111111
1111111123444444445555555555555555555555555555555555555555555555555555555444443211111111111111111111
1123444444444555555555555555555555555555555555555555555555555555555555555554444443222111111111111111

1111111111111111111111111111111111111111111111111111111111111111111111111111111111111111111111111111
1111111111111111111223333333333334444442211111111111111111111111111111111111111111111111111111111111
1111111111111112444444444444444444444444444421111111111111111111111111111111111111111111111111111111
1111111111111244444444444444444444444444444444321111111111222222111111111111111111111111111111111111
1111111111113444444444444444444444444444444444443221112223444443221111111122222111111111111111111111
1111111111124444444444444444444444444444444444444322222233444432211111111112233221111111111111111111
1111111111124444444444444444444444444444444444444222111222222211111111111111223344444444444442111111
1111111111112344444444444444444444444444444444421111111111111111111111111111112344444444444444441111
1111111111111112234444444444444444444444443221111111111111111111111111111111111234444444555555544111
1111111111111111111111111111111111111111111111111111111111111111161111111111111113444445555555554411

1111111111111111111111111111111111111112334444444444444444444444444444444321111111111111111111111111
1111111111111111111111111111111111111134444444444333333333333444444444433211111111116111111111111111
1111111111111111111111111111111111124444444444444433322222233333444444332111111111111111111111111111
1111111111111111111111111111111112444455555444444443332222222333334443331111111111111111111111111111
1111111111111111111111111111111244555555555555544444433332223333344443332111111111111161111111111111
1111111111111111111111111111134455555555555555555444444443333334444444433211111111111111111111111111
1134445554443111111111111114455555555555555555555555444444444444444444444332111111111111111111111111
4555555555555444311111234445555555555555555555555555555544444444444444444444333322221111111111111111
5555555555555555555445555555555555555555555555555555555555555555555555444444444444444443333221111111
5555555555555555555555555555555555555555555555555555555555555555555555555555444444444444444444433333

1111111111111111111111111111111111111111111111111111111111111111111111111111111111111111111111111111
1111111111111111111111111111111111111111111111111111111111111111111111111111111111111111111111111111
1111111111111111122223333322221111111111111111111611116111111111111111111111111111111111111111111111
1111111111111123444444444444444332111111111111111111111111111111111111111111111111111111111111111111
1111111111123444444444444444444444322111111111111111111111111111111111111111111111111111111111111111
1111111112344444444444444444444444443211111111111111111111111111111122222222111111111111111111111111
1111111124444444444444444444444444444322111111111111111111111111122334444444321111111111111111111111
1111111344444444444444444444444444444432211111111111111111111112233444444444443211111111111111111111
1111113444444444444444444444444444444443221111111111111111111122334444444444443211111111111111111111
1111134444444444444444444444444444444444321111111111111111111122334444444444443211111111111111111111

1111111111111111111111111111111111122211111111111111111111111111111111111111111111111111111111111111
1111111111111111111111111111111223444432221111111111111111222222222222221111111111111111111111111111
1111111111111111111111111111234444444444433222222222222223333333333333322222222222211111111111111111
1111111111111111111111111234445555555554444444333333344444444444444444444333333333222221111111111111
1111111111111111111111244455555555555555554444444444444444444444444444444444444444433322211111111111
1111111111111111111244555555555555555555555555554444555555555555555544444444444444444433221111111111
1111111111111112345555555555555555555555555555555555555555555555555555544444444444444444322211111111
1111111234445555555555555555555555555555555555555555555555555555555555555444444444444444432211111111
1345555555555555555555555555555555555555555555555555555555555555555555555554444444444444443221111111
5555555555555555555555555555555555555555555555555555555555555555555555555555554444444444443322111111

5555555555555555555555555555555555555555555555555555555555555555555555555555555555555555555555555555
5555555555555555555555555555555555555555555555555555555555555555555555555555555555555555555555555555
5555555555555555555555555555555555555555555555555555555555555555555555555555555555555555555555555555
5555555555555555555555555555555555555555555555555555555555555555555555555555555555555555555555555555
4555555555555555555555555555555555555555555555555555555555555555555555555555555555555555555555555555
1445555555555555555555555555555555555555555555555555555555555555555555555555555555555555555555555555
1114445555555555555555544444431111134444444445555555555555555555555555555555555555555555555555555555
1111134444555555544444411111111111111111111111344444444444555555555555555555555555555555555555555555
1111111112444444311111111111111111111111111111611111111112344444444444444455555555555555555555555555
1111111111111111111111111111111111111111111111111111111111111111111111112344444444445555555555555555

5555555555555555555555555555444444444455555555555555555554444444432111111111111111111111111111111111
5555555555555555555444444444444434444444444444444444444444444221111111111111111111111111111111111111
5555555555544444444444444442211111111223444444444444444322211111111111111111111111111111111111111111
5555555444444432222222222211111111111111122222222222221111111111111111111111111111111111111111111111
5555544444211111111111111111111111111111111111111111111111111111111111111111111111111111111111111111
5554444321111111111111111111111111111111111111111111111111111111111111111111111111111111111111111111
5544442111111111111111111111111111111112222222222221111111111111112223344443222111111111111111111111
5444422111111111111111122223333333344444444444444444333222222334444444444444444443211111111111111111
5444432111111111111122444444444444444444444444444444444444444444444444555555544444444421111111111111
5444443221111111223444444444444555555555555555555554444444445555555555555555555555554444442111111111

5555555555555555555555555555555555555555555555555555555444444444455555555555555555555555555555444444
5555555555555555555555555555555555555555555555555555554444444444445555555555555555555555555555555555
5555555555555554444444444455555555555555555555555555544444333444445555555555555555555555555555555555
5555444444444444333222234444555555555555555555555555444443322334444555555555555555555555555555555555
4444332222111111111111111234445555555555555555555554444432212233444455555555555555555555555555555555
2111111111111111111111111112344455555555555555554444444321111123344445555555555555555555555555555555
1111111111111111111111111111123444445555555444444444432211111111234445555555555555555555555555555555
1111111111111111111111111111111234444444444444444433221111111111123444555555555555555555555555555555
1111111111111111111111111111111111223334433333332211111111111111112344455555555555555555555555555555
1111111111111111111111111111111111111111111111111111111111111111111234445555555555555555555555555555

5555555555555555555555544444421111111111111111111111111111111111111111111111111111111111111111111111
5555555555555555555554444444311111111111111111111111111111111111111111111111111111111111111111111111
5555555555555555554444444443211111161111111111111111111111111111111111111111111111111111111111111111
5555555555555555444444444432111111111111111111111111111111111111111111111111111111111111111111111111
4455555555554444444444444321111111111611111111111111111111111111111111111111111111111111111111111111
4444444444444444444444443211111111111111111111111111111111111111111111111111111111111111111111111111
4444444444444444444444322111111111111111161111111111111111111111111111111111111111111111111111111111
4444444444444444444433221111111111111111111111111111111111111111111111111111111111111111111111111111
4444444444444444443332211111111111111111111111111111111111111111111111111111111111111111111111111111
4444444444444444433221111111111111111111111111111111111111111123444444444444444421111111111111111111

1111111455555555555555555555555555442111111111111111111111111111111111111111111111111111111111111111
1111111455555555555555555555555431111111111111111111111111111611111111111111111111111111111111111116
1111114555555555555555555555441111111111111111111111111111111111111111111111111111111111111611111111
1111134555555555555555555544111111111111111111111111111111111111111111111111611111161111111111111111
1111445555555555555555555431111111111111111111111111111111111111111161111116111111111111111111111111
1114555555555555555555554311111111111111111111111111111111111111111111111111111116111111111111111111
1245555555555555555555544111111111111111111111111111112344444432211111111111111111111111111111111111
4555555555555555555555542111111111111111111111111111244444444444443211111111111111111111111111111111
5555555555555555555555542111111111111111111111161124444555555555444444321111111111111161111116111111
5555555555555555555555542111111111111111111111111344555555555555555544444433221111111111111111111111

1111111111111123334444444444444333321111111111112233344444444444444444433333322211111111111111113344
1111111112334444444444444444443332111111111111111112233334444444444333333333322211111111111111234444
1111234444444444444444444444443321111111111111111111122333333333333333333333322221111111111123444444
2444444444444444444444444444443321111111111111111111111223333333333333333333332222211111111234444445
4445555555555555444444444444444332111111111111111111111122223333333333333333332222222222233344444455
5555555555555555555544444444444332211111111111111111111111122222222222233333332222222333334444444555
5555555555555555555555444444444433321111111111111111111111111111111122222222222222333333344444455555
5555555555555555555555554444444444333321111111111111111111111111111111111111222222333334444444555555
5555555555555555555555555544444444444333321111111111111111111111111111111111111122333344444445555555
5555555555555555555555555554444444444444333211111111111111111111111111111111111112233344444445555555

1111111111111111114444444444444443111111111111111111111111111111111111111111111111111111111111111111
1111111114444444555555555555555554444444421111111111111111111111111111111111111111111111111111111111
1124445555555555555555555555555555555544444442111111111111111111111111111111111111111111111111111111
5555555555555555555555555555555555555555544444421111111111111111111111111111111111111111111111111111
5555555555555555555555555555555555555555555444442111111111111111111111111111111111111111111123444321
5555555555555555555555555555555555555555555444443111111111111111111111111111111111111124444444444444
5555555555555555555555555555555555555555555444442111111111111111122334444444333344444444444555555555
5555555555555555555555555555555555555555555444431111111111111112234444444444444444444444555555555555
5555555555555555555555555555555555555555554444311111111111111111234444444444444444444455555555555555
5555555555555555555555555555555555555555544443111111111111111111123444444444444444445555555555555555

5555555555555555444444444444444433322222111111111111122333444443333222222222334444433322111111111111
5555555555555555554444444444444443333222222111111112233444444444444433333344444444444444444321111111
5555555555555555554444444444444443333332222221111222334444444444444444444444444444444444444444311111
5555555555555555444444444444444444333333222222222223344444444444444444444444444444444444444444443111
5555555544444444444444444444444443333333322222222233444444444444444444444444444444555555555544444311
5554444444444444444444444444444443333332222222222233444444444444444444444444444444455555555554444431
5444444444444444444444444444444333322222222222222333444444444444444444444444444444444555555554444442
4444444444444444444444444444333322222222111111222233444444444444444443333334444444444444555544444442
4444333333333444444444333332222111111111111111111223344444444444433222222222233444444444444444444432
2211111111111112222222211111111111111111111111111112333444443332211111111111111223344444444444444321

4444433322221111111111111111111111111111111222222111111111111111111111111111111111111111111122222344
4444444333322221111111111111111111112222233333333322111111111111111111111111111111111111122333333344
4444444444333322222211111111122222233333444444444443221111111111111111111111111111111112234444444444
4444444444444333332222222222223333444444444444444444432111111111111111111111111111111123444444444444
4444444444444444433333333333334444444444444444444444443221111111111111111111111111112234444444444445
4444444444444444444443333444444444444444444444444444444322111111111111111111111111223444445555555555
4444444444444444444444444444444444444444444444444444444443221111111111111111112223344444555555555555
4444444444444444444444444444444444444445555555555554444444332221111111222223334444444455555555555555
4444444444444444444444444444444444444555555555555555544444444433333333444444444444455555555555555555
4444444444444444444444444444444444455555555555555555555544444444444444444445555555555555555555555555

1111111111111111111111111111111111111111111222111111111111111111111111111111111111111111111111111111
1111111111111111111111111111111122222333334444444332111111111111111111111111111111111111111111111111
1111111111111111111111112222223333444444444445555544431111111111111111111111111111111111111111111111
3322221111111122222233333344444444444455555555555555554431111111111111111111111111111111111111111111
4444444333333344444444444444444555555555555555555555555554443211111111111111111111111111111111111111
5555444444444444444455555555555555555555555555555555555555555554444444444444432111111111111111111111
5555555555555555555555555555555555555555555555555555555555555555555555555555555432111111111111111111
5555555555555555555555555555555555555555555555555555555555555555555555555555555554431111111111111111
5555555555555555555555555555555555555555555555555555555555555555555555555555555555554432111111111111
5555555555555555555555555555555555555555555555555555555555555555555555555555555555555555443211111111

1111111111111455555555555555555555555555555555555555555555554443222233334444444444444443333333332211
1111111111111455555555555555555555555555555555555555555555543111111111112333333333333333333333333321
1111111111111455555555555555555555555555555555555555555554411111111111111111222333333333333333333332
1111111111111455555555555555555555555555555555555555555543111111111111111111111112223333333333333332
1111111111111455555555555555555555555555555555555555555421111111111111111111111111112223333333333333
1111111111111445555555555555555555555555555555555555544111111111111111111111111111111112233333333332
1111111111111344444555544444444444455555555555555554421111111111111111111111111111111111122233333322
1111111111111112333211116111111111111123444555554442111111111111111111111111111111611111111112222221
1111111111111111111111111111111111111111111111111111111111111111111111111111111111111111111111111111
1111111111111111111111111111111111111111111111111111111111111111111111111111111111111111111111111111

5555555555555555555555555554444444433332222222222333333344444444444445555555555555555555544444444444
5555555555555555555555544443222211111111111111111111111222222334444444444444444444444444444444444444
5555555555555555555544432111111111111111111111111111111111112222334444444444444444444444444444444433
5555555555555555544421111111111111111111111111111111111111111112222334444444444444444444444433333222
5555555555555554421111161111111111111111111111111111111111111111222233344444444444444443333333222222
5555555555555442111111111111111111111111111111111111111111111111222223334444444444444433333332222222
5555555555544211111111111111111111111111111111111111111111111111222233344444444444444444333333322222
5555555554421111111111111111111111111111111111111111111111111122223334444444444444444444444444333333
5555555543111111111111111111111111111111111111111111111111112222334444444444444444444444444444444444
5555554421111111111111111111111111111111111111111111111112222334444444444444444444444444444444444444

5555555555555555555555555555555555555555555555555544444444444433211111111111111111111111111111111344
5555555555555555555555555555555555555555555555555444444444444444444332111111111111111111111111111344
5555555555555555555555555555555555555555555555444444444444444444444444331111111111111111111111112344
5555555555555555555555555555555555555555444444444444444444444444444444443211111111111111111111112444
4444445555555555555555555555555555444444444444444444444444444444444444444321111111111111111111112444
3344444444444555555555555555544444444433322233334444444444444444444444444431111111111111111111112344
1111111134444444444444444444444433111111111111111112333444444444444444444432111111111111111111112344
1111111111133444444444444444311111111111111111111111111123344444444444444332111111111111111111111234
1111111111111133444444332111111111111111111111111111111111113334444444443321111111111111111111111123
1111111111111111111111111111111111111111111111111111111111111111233333332111111111111111111111111111

5555555555555555555555555554411111114455555555555555555555555555555555555555555555555555555555555555
5555555555555555555555555555555544455555555555555555555555555555555555555555555555555555555555555555
5555555555555555555555555555555555555555555555555555555555555555555555555555555555555555555555555555
5555555555555555555555555555555555555555555555555555555555555555555555555555555555555555555555555555
5555555555555555555555555555555555555555555555555555555555555555555555555555555555555555555555555555
5555555555555555555555555555555555555555555555555555555555555555555555555555555444444445555555555555
5555555555555555555555555555555555555555555555555555555555555555555555555444444444444444444444555555
5555555555555555555555555555555555555555555555555555555555555555555555444411111111111111111344444444
5555555555555555555555555555555555555555555555555555555555555555554443111111111111111111111111111112
5555555555555555555555555555555555555555555555555555555555555554441116111111111111111111111111111111

1111111111111111111111111111111111111111111111344444443211111111123444444555555555555555555555555555
1111111111111111111111111111111111111111111344444444444444332222234444444455555555555555555555555555
1111111111111111111111111111111111111111134444445444444444444333334444444445555555555555555555555555
1111111111111111111111111111111111111112444455555555444444444443344444444444555555555555555555555555
1111111111111111111111111111111111111144445555555555544444444444334444444444455555555555555555555555
1111111111111111111111111111111111112444455555555555554444444444333444444444444555555555555555555555
1111111111111111111111111111111111144444555555555555554444444443333344444444444444444444445555555555
1111111111111111111111111111111113444445555555555555554444444433222223444444444444444444444444445555
1111111111111111111111111111111244444455555555555555544444444321111111234444444444444444444444444445
1111111111111111111111111111234444444555555555555555544444443211111111111233444444443221111111123444

1223334444444444444444333333222222222222222222222221111111111111111111111111111111111111111111111111
2233444445555555544444444433333333322222223333333332222111111111111111111111111111111111111111111111
2334444455555555555554444444444333333333333333333333332221111111111111111111111111111111111111111111
2334444555555555555555554444444444333333333344444444333322211111111111111111111111111111111111111111
3334444555555555555555555444444444444333333444444444433332222211111111111111111111111111111111111111
2334444455555555555555555444444444444333333344444444433333222222221111111111111111111111111111111111
2333444444555555555555554444444444433333333333344444333333222222222222221111111111111111111111111111
2233344444444555555554444444444443333333333333333333333333222222222222222222211111111111111111111111
2223333344444444444444444444433333333322222222333333333222222222222222222222222211111111111111111111
1122223333334444444444444333333332222222222222222222222222222222222222222222222222211111111111111111

1111111111111111111111111111111123455555555555555555544322211111111111111111111111111111111111122455
1111111111111111111111111245555555555555555555555555555555544221111111111111111111111111111111112245
1111111111111111111111255555555555555555555555555555555555555544221111111111111111111111111111111224
1111111111111111111245555555555555555555555555555555555555555555542211111111111111111111111111111123
1111111111111111245555555555555555555555555555555555555555555555554321111111111111111111111111111122
1111111111111234555555555555555555555555555555555555555555555555555542111111111111111111111111111112
1111111112234555555555555555555555555555555555555555555555555555555554211111111111111111111111111111
1111112234555555555555555555555555555555555555555555555555555555555555422111111111111111111111111111
1111224455555555555555555555555555555555555555555555555555555555555555543211111111111111111111111111
1122445555555555555555555555555555555555555555555555555555555555555555554422111111111111111111111111

5555555555555555555444444444444444333333333333333333344444444444333332221111111111111111112334445555
5555555555555555444444444444444444333333333333333333333444444333333322111111111111111111111123444555
4444444444444444444444444444444444433333333333333333333333333333332211111111111111111111111111344455
4444444444444444444444444444444444443333333333333333333333333322221111111111161111111111111111123445
4444444444444444444444444444444444444333333333333332222222222111111111111111111111111111111111112344
4444444444444444444444444444444444444333333332222222111111111111111111111111111111111111111111111134
3334444444444444444444444444444444444333332222111111111111111111111111111111111111111111111111111112
2233333334444444444444444444444444444333322111111111111111111111111111111111111111111111111111111111
1111222333333344444444444444444444443333211111111111111111111111111111111111111111111111111111111111
1111111112223333334444444444444444433322111111111111111111111111111111111111111111111111111111111111

1111111111111111112223334444444444444444444444433222221111112222233444444444455555555555555555555555
1111111111111111122233444444444444444444444443322222111111111122222333444444444444555555555555555555
1111111111111111222334444444333344444444444433222221111111111111222222223333333344444555555555555555
1111111111111112223334444433333333344444444333222211111111111111122222222222222223344445555555555555
1111111111111122223344444333333333333344433332222211111111111111112222222222222222223344455555555555
1111111111111122233344443333222223333333333322222211111111111111111122211111111111222233444555555555
1111111111111222233344333322222222223333333322222211111111111111111111111111111111112222334444555555
1111111111111222233333333222222222222233333222222211111111111111111111111111111111111122223344444555
1111111111111222223333332222222222222222222222222211111111111111111111111111111111111111222223444444
1111111111111222222222222222222222222222222222222221111111111111122111111111111111111111112222223333

1111111111111111223333332111111111111111111111111111111111111111111112333344444444444445555555555555
1111111111111111223333333211111111111111111111111111111111111111111111233334344444444444455555555555
1111111111111111233333333321111111111111111111111111111111111111111111233334444444444444455555555555
1111111111111111233344443331111111111111111111111111111111111111111111233334444444444444445555555555
1111111111111112333444444432161111111111111111111111111111111111111111233334444444444444445555555555
1111111111111113334444444443211111111111111111111111111111111111111112333444444444444444455555555555
1111111111111123344444444444321111111111111111111111111111111111111123334344444444445555555555555555
1111111111111233444444544444432111111111111111111111111111111111111233344444444555555555555555555555
1111111111112334444555555544433211111111111111111111111111111111122333344444555555555555555555555555
1111111111123344455555555555444331111111111111111111111111111112233344444455555555555555555555555555

5555555555555555555555555555554444444444321111111111111111111111111111111111111111116111111111111111
5555555555555555555555555555555444444444444442111111111111111111111111111111111111111111111111111111
5555555555555555555555555555555555554555544444432111111111111112333332111111111123444444443111111111
5555555555555555555555555555555555555555555444444433222333344444444444433211112344444444444431111111
5555555555555555555555555555555444455555555444444443333334444444444444433211111344444444444443111611
5555555555555555555555555554444444444444444444444433222233333444444333111111111113444444444443111111
5555555555555555555555555444444444444444444444321111111111111111111111111111111111112333333211111111
5555555555555555555555444443211111111111111111111111111111111616111111111111111111611111111111111111
5555555555555555554444431111111111161111111111111111111111111111111111111111111111111111111111111111
5555555555555444432111111111111111111111111111111111111111111111111111111111111111111111111111111111

1111123455555555555555555555555555555555555555554444433344444444555555555555555554444444444333322211
1111111234455555555555555555555555555555555555444332222222333444444445555555544444444444433333222111
1111111112344555555555555555555555555555555544332221111112222233444444444444444444444433333332221111
1111111111223445555555555555555555555555554433221111111111112222333444444444444444443333333222221111
1111111111112234445555555555555555555554444322111111111111111122223333344444444443333333332222211111
1111111111111122344455555555555555555444432221111111111111111111222233333333333333333333322222211111
1111111111111111223444444555555544444433222111111111111111111111122222233333333333333332222222111111
1111111111111111122233444444444444433322211111111111111111111111111222222223333333332222222221111111
1111111111111111111222333333333333322221111111111111111111111111111122222222222222222222222211111111
1111111111111111111112222222222222222111111111111111111111111111111111222222222222222222222111111111

1111111111111111111111111111111111111111111111111111111111111111111112444444444444444444444444311111
1111111111111111111111111111111111111111111111111111111111111111111244444444444444444444444441111111
1111111111111111111111111111111111111611111111611111111111111111144444444444444444444444444111111111
1111111111111111111111111114444444444432111111111111111111234444444444444444444444444444211111111111
1111111111111111111111124445555555555544444444444444444444444444444444444444444444444211111111111111
1111111111111111111114445555555555555555555555555554444444444444444444444444444443111111111111111111
1111111111111111111444555555555555555555555555555555555554444444444444444444431111111111111111111111
1111111111111124444455555555555555555555555555555555555555444444444444444311111111111111111111111111
1111111111244444455555555555555555555555555555555555555555444444444443111111111111111111111111111111
1111111144445555555555555555555555555555555555555555555555444444442111111111161111111111111111111111

5555555444444444444432211111111111111111111111111222222222222222223333444444444444444445555555555555
5555554444444444444444322211111111111111111222223333333333333333333333344444444444444444444445555555
5555444444444444444444433222211111112222222233333344444444443333333333333333333444444444444444444444
5444444444444444444444433222222222222222233333333344444444433333322222222222211111111111111111111111
4444444444444444444443332222211111222222222222223333333333333322222221111111111111111111111111111111
4444444444444433333222221111111111111111111111111222222222222221111111111111111111111116111111111111
4333222221111111111111111111111111111111111111111111111111111111111111111111111111111111111111111111
1111111111111111111111111111111111111111111111111111111111111111111111111111111111111111111111111111
1111111111111111111111111111111111111111111111111111111111111111111111111111111111111111111111111111
1111111111111111111111111111111111111111111111111111111111111111111111111111111111111111111111111111

5555555555555555431111111111111111111111111111111111334444443332111111111111111111111111111111111111
5555555555555555441111111111111111111111111111113444444444444444444332111111111111111111111111111111
5555555555555555541111111111111111111111111111244444455555554444444444321111111111111111111111111111
5555555555555555543111111111111111111111111113444455555555555554444444432111111111111111111111111111
5555555555555555543111111161111111111111111234444455555555555555444444432111111111111111111111111111
5555555555555555443111111111111111122222112234444455555555555554444444321111111111111111111111111111
5555555555555555443111111111111111222222111233444444555555555444444443111111111111116111111111111111
5555555555555555441111111111111111111111111111344444444444444444444311111111111111111111111111111111
5555555555555554431111111111111111111111111111112344444444444443311111111161111111111111111111111111
5555555555555554411111111111111111111111111111111111123333221111111111111111111111111111111111111111

5555555431111111111111111111111111111111111111111111111111111111111111111234444555555555555555555555
5555555554311111111111111111111111111112222211111111111111111111111111123444445555555555555555555555
5555555555543111111111111111111112445555555554443211111111111111111112244444555555555555555555555555
5555555555554442111111111111124455555555555555554443221111111111111122444445555555555555555555555555
5555555555555554443222223444555555555555555555555544432211111111111223444445555555555555555555555555
5555555555555555555555555555555555555555555555555544432211111111111223444445555555555555555555555554
5555555555555555555555555555555555555555555555555544432211111111111122344444445555555555554444444444
5555555555555555555555555555555555555555555555555544321111111111111111223444444444444444444444444332
5555555555555555555555555555555555555555555555555443211111111111111111112223334444443333332222222111
5555555555555555555555555555555555555555555555554421111111111111111111111111111111111111111111111111

5555555444431111111111111111111111111111111111111111111111111111111111111111111111111111334444431111
5555544431111111111111111111111111111111111111111111111111111111111111111111111116111111344444444211
5544442111111111111111111111111111111111111111111111111111111111111111111111111111111111234444444411
5443111111111111111111111111111111111611161111111111111111111111111111111111111111111111134444444431
4411111111111111111111111111111111111111111111111111111111111111111111111111111111111611134444444431
3111111111111111111111111111111111111111116111111111111111111111111111111111111111111111113444444431
1111111111111111111111111111111111111111111111111111111111111111111111111111111111111111113444444421
1111111111111111111111111111111111111111111111611111111111111111111111111111111111111111113444444411
1111111111111111111111111111111111111121111111111111111111111111111111111111111111111111113444444411
1111111111111111111111111111111233444444444331111111111111111111111111111111111111111111133444444431

5555555555555555555555555555555555444444444444444444444444444444445555555555555555555555555555555555
5555555555555555555555555555444444444444444444444444444333334444444444555555555555555555555555555555
5555544444444444444444444444444444444433333333333221111111111112344444444455555555555555555555555555
5544444444444444444444444444444444432211111111111111111111111111112444444444555555555555555555555555
4444444333444444444444444444444444433222222222222211111111111111111234444444445555555555555555555555
4444321112344444444444444444444444444444444444444444332111111111111234444444444455555555445555555555
4443211123444444444445555444444444444444444444444444444444433223334444444444444455555555444455555555
4444334444444444555555555555555555555444444444444444444444444444444444444444445555555555555555555555
4444444444444555555555555555555555555555555555555555555554444444444444444445555555555555555555555555
4444444445555555555555555555555555555555555555555555555555555555555555555555555555555555555555555555

5555555555555555555555555555555555554444433333333333334444444444444444444444444444333321111111111111
5555555555555555555555555555555555554444444333333333344444444444444444444444444444444333332211111111
5555555555555555555555555555555555555444444333333333444444444444444444455554444444444444433333221111
5555555555555555555555555555555555554444444433333334444444444444444444455555554444444444444443333322
5555555555555555555555555555555555544444444333333333444444444444444444444455555544444444444444444433
5555555555555555555555555555555555444444433333333333333444444444444444444444444444444444444444444444
5555555555555555555555555555555444444443333333222333333333333334444444444444444444444444444444444444
5555555555555555544444444444444444443333322211111112222233333333333334444444444444444444444444444444
5555555544444444444444444444444333333221111111111111111111111111122233333344444444444444444444444444
5544444444333333222222333333322221111111111111111111111111111111111111122333333444444444444444444444

5555555555555555555555555555555555555555555555555555555555555555555555555555444432111111111111111111
5555555555555555555555555555555555555555555555555555555555555555555555555544444432111111111111111111
5555555555555555555555555555444444555555555555555555555555555555555555444444444322111111111111111111
5555555555555555555555555444443334444444555555555555555555555555444444444444444322111111111111111111
5555555555555555555555444432111111122344444445555555555555444444444444444444443322111111111111111111
5555555555555555555544443211111111111112234444444444444444444444444444444444444332211111111111111111
5555555555555555554444321111111111111111112233444444444444444444444444444444444443322111111111111111
5555555555555555544443211111111111111111111112233444444444333333334444444444444444433221111111111111
5555555555555554444432111111111111111111111111122333333333333333344444444444444444444432111111111111
5555555555555444444221111111111111111111111111112223333333333344444444444444444444444444321111111111

1111111111111111111111111111111111111111113444555555555555555555555555555555555555555555555555555555
1111111111111111111111111111111111111111111134445555555555555555555555555555555555555555555555555555
1111111111111111111111111111111111111111111111344444555555555555555555555555555555555555555555555555
1111111111111111111111111111111111111111111111112344444455555555555555555555555555555555555555555555
1111111111111111111111111111111111111111111111111111334444445555555555555555555555555555555555555555
1111111111111111111111111111111111111111111111111111111234444445555555555555555555555555555555555555
1111111111111111111111111111111111111111111111111111111111334444444555555555555555555555555555555555
1111111111111111111111111111111111111111111111111111111111113344444444444444444444444555555555555555
1111111111111111111111111111111111111111111111111111111111111133444444444444444444444444555555555555
1111111111111111111111111111111111111111111111111111111111111111333444444444444434444444444555555555

1111111111111111111111233333334444444444444443333221111111111111111111111111111111111233445555555555
1111111111111111112233333444444444444444444444443333211111111111111111111111111111111123344555555555
1111111111116111233333444444444444444444444444444433332211111111111111111111111111111113344555555555
1111111111111123333444444444444444555555554444444443333322211111111112221111111111111112344555555555
1111111111111233334444444444444455555555555444444444333333222221122222221111111111111111344555555555
1111111111112333344444444444444455555555555444444444333333322222222222111111111161111111334455555555
1111111111112333344444444444444445555555544444444444333333322221111111111111111111111111234455555555
1111111161112333344444444444444444444444444444444433333332221111111111111111111111111111134455555555
1111111111112333333444444444444444444444444444443333332211111111111111111111111111111111133445555555
1111111111111223333333444444444444444444444443333332111111111111111111111111111111111111113445555555

5555555555555555555555555555555555555544444555555555555555555555555555555555555555555555554444444444
5555555555555555555555555555544444444444444444445555555555555555555555544444555555555554444433211111
5555555444444444444444444444444444444444444444444445555555555555544444444444444444444444443321111111
4444444444444444444444444444444444444444444444444444444455544444444444444444444444444444432111111111
2211111222222222333333334444444444333333333344444444444444444444444444444444444444444443311111111111
1111111111111111111223333333333333333333333333444444444444444444444444333333333444444333111111111111
1111111111111111111112233333333333333332223333334444444444444444444333333333333333333321111111111111
1111111111111111111112233333333333333222222233333444444444444444433333322222222333332111111111111111
1111111111111111111112233333333333333322222233333444444444444443333322211111111111111111111111111111
1111111111111111111122333333333333333332222223333344444444444433333221111111111111111111111111111111

3333333333222221111111111111111111111122222223333333332222222222111111111111111111111111111111111111
4444444444443322221111111111111111122223334444444444444433333222222222222222222222222111111111111111
4444444444444433222221111111111222223344444444444444444444444433332222222233333444433221111111111111
4444444444444443322222221112222222334444444444444444444444444444433333333344444444444432111111111111
4444444444444443332222222222222233444444444444444444444444444444444444444444444444444443211111111111
4444444444444433322222222222222233444444444444444444444444444444444444444444444444444444321111111111
4444444444443332222222111122222233444444444444444444444444444444444444444444444444444444421111111111
4444444443322222211111111111122223344444444444444444444444444444444444444444444444444444432111111111
4444443322221111111111111111111222234444444444444444444444444444444444444444444444444444432111111111
4443222211111111111111111111111112222334444444444444444444444444444444444444444444444444432111111111

1111111111111111111111111111111111111111111111111111111111111111111111111111111111111111111111111244
1111111111111111111111111111111111111111111111111111111111111111111111111111111111111111111111112444
1111111111244421111111111111111111111111111111111111111111111111111111111111111111111111111111134445
1111112455555555443111111111124444444442111111111111111111111111111111111111111111111111111111444455
1111455555555555555444322234444444444444443111111111111111111111111111111111111111111111111124444555
1145555555555555555555444444455555555554444442111111111111111111111111111111111111111111112444445555
3555555555555555555555555555555555555555544444443222111111111111111111111111111111111111244444555555
5555555555555555555555555555555555555555555444444444444444444444444332222111111111122344444445555555
5555555555555555555555555555555555555555555544444444444444444444444444444444444444444444444555555555
5555555555555555555555555555555555555555555555444444444444444444444444444444444444444444455555555555

5555555555443111111111111111111111111111111111111111111111111111111111111111111244455555555555555555
5555555555544421111111111111111111111111111111111111111111111111111111111111113444455555555555555555
5555555555544444444444444444444433222222223333333333221111111111111111111112344444455555555555555555
5555555555544444444444444444444444444444444444444444444444444444444433333334444444455555555555555555
5555555555544444444444555555555555555555555555555555555554444444444444444444444444445555555555555555
5555555555544444444445555555555555555555555555555555555555555444444444444444444444444555555555555555
5555555555444444444444555555555555555555555555555555555555555544444444444444444444444444555555555555
5555555544444433444444455555555555555555555555555555555555555444444444433222222233444444444455555555
5555555444421111123444445555555555555555555555555555555555544444444432111111111111111122334444444555
5555544431111111111134444445555555555555555555555555555544444444321111111111111111111111111111112444

4455555555555555555555555555555555555555555555555555554444444444443321111111111111111111111111111111
1444555555555555555555555554444444555555555555555444444444444333221111111111111111111111122333433332
1444445555555555555444444444444444444444444444444444444443332111111111111111111111111233444444444444
1344444444444444444444443111111111234444444444444444444333221111111111111111111112334444444444444444
1344444444444444333221111111111111111234444444444444444433333333333333333333334444444444444455555555
2444444443321111111111111111111111111123444444444444444444444444444444444444444444444455555555555555
4444444443111111111111111111111111111234444444444444444444444444444444444444444455555555555555555555
4444444443311111111111111111111111134444444444444444444444444444445555555555555555555555555555555555
4554444444443211111111111111112344444444444555555555555555555555555555555555555555555555555555555555
5555555444444444444444444444444444444555555555555555555555555555555555555555555555555555555555555555

5555444443111111111111111111111111111111111111111111111111111111111111111111111111111111111111111111
5555554444444443322223344444444444444444421111111111111111111111111111111112221111111111111111111111
5555555444444444444444444444444444444444444444444333333333333222233344444444444444311111111111111111
5555555554444444444444444444444444444444444444444444444444444444444444444444444444444211111111111111
5555555555444444444444444444444444444444444444444444444444444444444444444444444444444442111111111111
5555555555544444444444444444444444444444444444444444444444444444444444444444444444444444432111111111
5555555555444444444444444444444444444444444444444444444444444444444444444444444444444444444321111111
5555555554444444444432222223344444444444444444444444444444444444444444444444444444444444444432111111
5555555544444443211111111111111111223344444444444444444444444444444444444444444444444443333332111111
5555555444444111111111111111111111111111111111122344444444444444444444444444333322211111111111111111

1111111111111111111111111112334444444444444444444332111111111111111111223334444444444444444444433211
1111111111111111111111111111111112344444444444322111111111111111111111111122333444444444444444332111
1111111111111111111111111111111111112333433332111111111111111116111111111111122333444444444443322111
1111111111111111111111111111111111111122222211111111111111111111116111111111111223334444444433321111
1111111111111111111111111111111111111111211111111111111111111111111111111111111122333334443333211111
1111111111111111111111111111161111111112221111111111111111111111111111111111111112233333333332211111
1111111111111111111111111116111111111222222211111111611111111111111111111111111112223333333322111111
1111111111111111111111116111111111123334443332111111111111111111111111111111111112233333333322111111
1111111111111111111111111111111123344444444444322111111111116661111111111111111122333333333322111111
1111111111111111111111111111223444444444444444444322111111111111111111111111112223333333333322111111

5555555555555555555555444444433333332222111111111111111111111111111112222111111111111122333344443331
5555555555555555555555444444433333333322222211111111111111111122222223333222221111112233344444444443
5555555555555555555555444444433333333332222222222222222222222223333333333333222222222333444445555444
5555555555555555555554444444333333333332222222222222333333333333333333333333222222223334444455555554
5555555555555555555544444443333333333222222222223333333333333333333333333333222212222334444555555555
5555555555555555555444444433333222222222222222222333333333333333333333333322221111122333444555555555
5555555555555555444444443333222221111111111122222222333333333333333333332222111111112233444455555555
5555555555554444444444333322111111111111111111112222222222222222222222222111111111111123344445555555
5555555444444444444433322111111111111111111111111111112222222222221111111111111111111112334444555555
5555444444444444333332211111111111111111111111111111111111111111111111111111111111111111233444445555

1111111233444444555555555555555555555555555555555555555555555555555555555544443333322211111111111111
1111111233344444444455555555555555554444444445555555555555555555555555554444333333222221111111111111
1111112333344444444444445555555444433333222333334444455555555555555555444433333222333222111111111111
1111123333443333333334444444444433221111111111111223334444444555544444443333322222333332211111111111
1111233344443333333333333333333221111111111111111111112233334444444443333322222223333333221111111111
1112334444443333333333333333322111111111111111111111111111222333333333322222222233333333322111111111
1123344444444333333222222222211111111111111111111111111111111122222222222222222333334443333211111111
1234444444444433333222222222111111111111111111111111111111111111111111222222222333344444433321111111
3344555555444444333333222222111111111111111111111111111111111111111111111222223333444444443332111111
4455555555555444433333332222111111111111111111111111111111111111111111111222233334444444444433221111

1111111111111111111111222221111111111111111112223344444445555555555555555555555555555555555555555555
1111111111111111111112222221111111111111111111222334444444444555555555555555555555555555555555555555
1111111111111111111122222221111111111111111111122223344444444444444555555555555555555555555555555555
2222222222111111112222222221111111111111111111122222334444444444444444444445555555555555555555555555
3333332222222222222222222221111111111111111111112222233344444444444444444444444455555555555555555555
4444444333222222222222222221111111111111111111122222233334444444444444444444444444445555555555555555
4444444444433333222222222222111111111111111111222222233333444444444444444444444444444455555555555555
4444444444444444333333332222211111111111111112222222333333344444444333333333333344444444555555555555
5555554444444444444444433322222111111111111222222333333334444444443333333222222333344444445555555555
5555555554444444444444444333222221111111222222333334444444444444444333333222222222333444445555555555

5555555555555555555555554411111111111111111111111111111111111111111111111111113444455555555555555555
5555555555555555555555555444211111111111111111111111111111111111111111111111111344444555555555555555
5555555555555555555555555544444321111111111111111111111111111111111111111111111134444455555555555555
5555555555555555555555555554444444443321111111111111111111111111111111111111111113444444555555555555
5555555555555555555555555555544444444444331111111111111111111111111111111111111111344444455555555555
5555555555555555555555555555554444444444444311111111111111111111111111111111111111334444445555555555
5555555555555555555555555555544444444444444443111111111111111161111111111111111111333444444455555555
5555555555555555555555555555444444444444444444332111111111111111111111111111111112333444444445555555
5555555555555555555555555544444444444444444444433322111111111111111111111111111123333444444444455555
5555555555555555555555554444444444444444444444333333221111111111111111111111111233333344444444444555

1111111123444444444444444433332222233444444444555555555555555555444444444444555555555555555555555555
1111111123444444444443322211111111111111123444444445555555554444411111111111344445555555555555555555
1111111123344444444332221111111111111111111112444444444444444421111111111111111244445555555555555555
1111111123444444443332211111111111111111111111112344444444432111111111111111111111444445555555555555
1111111233444444444433221111111111111111111111111122333332211111111111111111111111134444445555555555
1111111234444444444444332111111111111111111111111111222222111111111111111111111111124444444555555555
1111112344444444444444444332111111111111111111111112222222211111111111111111111111244444444555555555
1111123444444444444444444444432211111111111111122334444444432111111111111111111113444444455555555555
1111234444444444444444444444444444443333334444444444444444444432111111111111112444445555555555555555
1123444444444555555555555554444444444444444444444444444554444444444322222344444455555555555555555555

1111111111111111111111111111111111111111111111111111111111111111111111161111111111111111111123444444
1111111111111111111111111111111111111111111111111111111111111111611111111111111111111111111122344444
1111122222111111111111111111611111111111111111111116111111111111111111111111111111111111111112234444
1112233443332211111111111111111111111111111111111111111111111111111111111111111112222111111111223444
1123444444444433221111111111111111111111111111111111111111111111111111111111122222222222211111122344
1234444444444444433222111111111111111111111111111111111111111111111111111222333333333322211111111224
2344444444444444444443322111111111111111111111111111111111222222222222223333444444443332221111111112
2444444444444444444444443322111111111111111111122222223333333333333333344444444444444332211111111111
3444444444444444444444444443322221111111222222333344444444444444444444444444444444444332211111111111
4444444444444444444444444444443333222223333344444444444444444444444444444444444444444332211111111111

1111111111111111111111145555555555555555555555555555555555555555555555555544444444444444443211111111
1111111111111111111111111455555555555555555555555555555555555555555555555444444444444444444433322222
1111111111111111111111111134555555555555555555555555555555555555555555544444444444444444444444444444
1111111111111111111111111113455555555555555555555555555555555555555444444444444444444444444444444444
1111111111111111111111111111445555555544444444444444444444444444444444444444444444444444444444444444
1111111111111111111111111111145555544444444444444444444444444444444444444444444444444444444444444444
1111111111111111111111111111144554444432111111111223344444444444444444444444444444444444444444444444
1111111111111111111111111111114444443111111111111111111223334444444444444443333333344444444444444444
1111111111111111111111111111114444431111111111111111111111111122222222222211111111222333344444444444
1111111111111111111111111111111344311111111111111111111111111111111111111111111111111112233344444444

1111111111111111111111111111111111111111111111111111111111111111111111111111111111111111111111111111
2111111111111111111111111111111111111111111111111111111111111111111111111111111111111111111111111111
5444411111111111111111111111111111111111111111111111111111111111111111111111111111111111111111111111
5555544431111111111111111111111111111111111111111111111111111111111111111111111111111111111111111111
5555555554421111111111111111111111111111111122233322211111111111111111111111111111111111111111111111
5555555555544421111111111111111111111111122444444444322211111111111111111111111111111111111111111111
5555555555555444211111111111111111111223444444444444443222222222222222222221111111111111111111111111
5555555555555554444221111111111112234444444444444444444444444444444444444444432211111111111111111111
5555555555555555544444444333444444444444444444444444444444444444444444444444444444221111111111111111
5555555555555555555544444444444444444444444444444444444444444444444444444444444444444321111111111111

5555555555555555555555555555555554443221111111111111111111111112222233333322211111111111111111111111
5555555555555555555555555555554443211111111111111111111111111111122223333332221111111111111111111111
5555555555555555555555555555443111111111111111111111111111111111111222333333222111111111111111111111
5555555555555555555555555443111111111111111111111111111111111111111122223333222111111111111111111111
5555555555555555555555432111111111111111111111111111111111111111111112222333222111111111111111111111
5555555555555555554431111111111111111111111111111111111111111111111111222222222211111111111111111111
5555555555555554311111111111111111111111111111111111111111111111111111122222222211111111111111111111
5555555555442111111111111111111111111111111111111111111111111111111111111222222111111111111111111111
5444321111111111111111111111111111111111111111111111111111111111111111111111211111111111111111111111
1111111111111111111111111111111111111111111111111111111111111111111111111111111111111111111111111111

2111111111111111111111111111111111111111111111111111111111111111111111111111111111111111111111111111
4211111111111111111111111111111111111111111111111111111111111111123344444443322111111111111111111111
4421111111111111111111111111111111111111111111111111111111111112344444444444444332111111111111111111
5442111111111111111111111111111111111111111111111111111111111223444444444444444443221111111111111111
5444211111111111111111111111111111111111111111111111111111111234444444444444444444321111111111111111
5544421111111111111111111111111111111111111111111111111111111123444444444444444444321111111111111111
5554443211111111111111111111111111111111111111111111111111111112233444444444444433211111111111111111
5554443211111111111111111111111111111111111111111111111111111111111223334444333221111111111111111111
5554444211111111111111111111111111111111111111111111111111111111111111111111111111111111111111111111
5554443211111111111111111111111111111111111111111111111111111111111111111111111111111111111111111111

1111111111111111111111111111111111111111111111111111111111111111123444444321111111111111111111111111
1111111111111111111111111111111111111111111111111111111111112444444455554444432111111111111111111111
1111111111111111111111111111111111111111111111111111111113444455555555555555444442211111111111111111
1111111111111111111111111111111111111111111111111111112444445555555555555555544444444444322111111111
1111111111111111111111112344444443221111111111111112344444555555555555555555554444444444444443211111
1111111111111111111134445555555554444432211111111234444445555555555555555555554444444444444444444321
1111111111111111144455555555555555554444432222222344444445555555555555555555444444444444555554444444
1111111111111134455555555555555555555544444322222344444444455555555555555444444444444444555555555444
1111111111124455555555555555555555555544444322222222344444444444455444444444332223444444445555555554
1111111112445555555555555555555555555544443211111111111223344444444444432111111111112444444455555555

1111111111111111111112222223333333334444455555555555555555555555555555555555555555511111111111111455
1111111111111111111111111111111111111111234445555555555555555555555555555555555555111111111111111145
1111111111111111111111111111111111111111111123444555555555555555555555555555555511111111111111111114
1111111111111111111111111111111111111111111111111122233444444455555555555555541111111111111111111111
1111111111111111111111111111111111111111111111111111111111111111111111111111111111111111111111111111
1111111111111111111111111111111111111111111111111111111111111111111111111111111111111111111111111111
1111111111111111111111111111111111111111111111111111111111111111111111111111111111111111111111111111
1111111111111111111111111111111111111111111111111111111111111111111111111111111111111111111111111111
1111111111111111111111111111111111111111111111111111111111111111111111111111111111111111111111111111
1111111111111111111111111111111111111111111111111111111111111111111111111111111111111111111111111111

1111111111111134455555544442111111111111144555555555555555555411111111111111111111111111124455555555
1111111111345555555555555555555555555555555555555555555555555555411111111111111111111114445555555555
1111111245555555555555555555555555555555555555555555555555555555555211111111111111114445555555555555
1111144555555555555555555555555555555555555555555555555555555555555542111111111114445555555555555555
1114455555555555555555555555555555555555555555555555555555555555555555411111112444555555555555555555
1344555555555555555555555555555555555555555555555555555555555555555555544323444455555555555555555555
4455555555555555555555555555555555555555555555555555555555555555555555554444444555555555555555555555
4555555555555555555555555555555555555555555555555555555555555555555555555444444555555555555555544444
4555555555555555555555555555555555555555555555555555555555555555555555555444444445555555555444421111
4555555555555555555555555555555555555555555555555555555555555555555555554443334444444444444211111111

1111111111111111111111111111111111111111111111111111111111111111111111111111112222222211111111111111
1111111111111111111111111111111111111111111111111111111111111111111112222222222222222222221111111111
1111111111111111111111111111111111111111111111111111111111111111222233333333333333333322222211111111
1111111111111111111111111111111111111111111111111111111111111223344444444444444444444433332222111111
1111111111111111111111111111111111111111111111111111111111223344444445554444444444444444443332222111
1111111111111111111111111111111111111111111111111111111123344455555555555555555555555444444443332222
1111111111111111111111111111111111111111111111111111122344455555555555555555555555555555554444444433
1111111111111111111111111111111111111111111111111122344455555555555555555555555555555555555555544444
1111111111111111111111111111111111111111111111223444555555555555555555555555555555555555555555555555
1123344321111111111111111111111111111111112234444555555555555555555555555555555555555555555555555555

4444444444444444555555444444444444333211111111111111111111111111111111111111111111111111111111111111
3333333444444444444444444444333321111111111111111111111111111111111111111111111111111111111111111111
1111111122233333333333333332211111111111111111111111111111111111111111111111111111111111111111111111
1111111111111111122222221111111111111111111111111111111111111111111111111111111111111111111111111111
1111111611111111111111111111111111111111111111111111111111111111111111111111111111111111111111111111
1111111111161111111111111111111111111111111111111111111111111111111111111111111111123444455544431111
1111111111111111111111111111111111111111111111111111111111111111111111111111123444555555555555554421
1111111111111111111111111111111111111111111111111111111111111111123344444444555555555555555555555554
1111111111111111111111111111111111111111111116111611111111123444445555555555555555555555555555555555
1111111111111111111111111111111111111111111111111112233344445555555555555555555555555555555555555555

1111111111111111112223334444444444444444444444444444433222111111111111111111111111111111111234455555
1111111111111111111122223334444444444444444444444433322211111111111611111111111111111111111244455555
1111111111111111111111222233334444444444444444433332222111111111111111111111111111111111112444555555
1111111111111111111111122223333344444444444444333322221111111111111111111111111111111111124445555555
1111111111116111111111122222333334444444444444333332222111111111111111116111111111111112344455555555
1111111111111111111111222223333444444444444444443333322222111111111111111111111111112234445555555555
1111111111111111111112222333344444444444444444444444433333222221111111111111111122334444555555555555
1111111111111111111222333444444444444444444444444444444444444333333322222223334444444555555555555555
1111111111111111112233444444444444444444444444444444444444444444444444444444444445555555555555555555
1111111111111111223344444444444444444555555555555555444444444444444444444555555555555555555555555555

1111111111111223444444444444555555555555555555555555555555555555555555555555555555555555555555555555
1111111111234444444444444444555555555555555555555555555555555555555555555555555555555555555555555555
1111111134444455555555544444455555555555555555555555555555555555555555555555555555555555555555555555
1111113444555555555555554444444455555555555555555555555555555555555555555555555555555555555555555555
1111344455555555555555554444444444445555555555555555555555555555555544444444445555555555555555555555
1113445555555555555555554444444444444444555555555555555555554444443332211112223444445555555555555555
1244455555555555555555544444443333344444444444444444444444443211111111111111111111234445555555555555
2444555555555555555555544444332221122222333333444433332211111111111111111111111111111234455555555555
4445555555555555555555444433211111111111111111111111111111111111111111111111111111111111234455555555
4455555555555555555554444321111111111111111111111111111111111111111111111111111111111111111344555555

1555555555555555555555555555555555555555555555544432111111111111111111111111111111111111111116111112
1455555555555555555555555555555555555555555555443211111111111111111111111111111111111111111111111234
1455555555555555555555555555555555555555555544432111111111111111111111111111111111111111111111223444
1455555555555555555555555555555555555555554443211111111111111111111221111111111111111111111122344444
1455555555555555555555555555555555555555544432111111111111111112222222222222111111111111112233444455
1555555555555555555555555555555555555555444211111111111111111222333333333332222221111122223344444555
2555555555555555555555555555555555555554443211111111111111112233344444444433333222222222333444445555
4555555555555555555555555555555555555554432111111111111111223344444444444444433333332333334444445555
4555555555555555555555555555555555555554432111111111111122334444444444444444444333333333344444445555
5555555555555555555555555555555555555544432111111111111223444444444444444444444443333333344444455555

1111111111111111111111111111111111111111111111111111111111111111111111111111111111111111111111111111
1111111111111111111111111111111111111111111111111111111111111111111111122332211111111111111111111111
1111111111111111111111111111111111111122333333333322111111111112233444444444444311111111111111111111
1111111111111111111112233334444444444444444444444444444444444444444444444444444443211111111111111111
1111111111111123344444444444444444444444444444444444444444444444444444444444444444432111111111111111
1111111111233444444444444444444444444455544444444444444444444444444444444444444444443321111111111111
1111112234444444444444455555555555555555555544444444444444444444444444444444444444444332111111111111
1112334444444444444555555555555555555555555444444444444444444444444444444444444444444333211111111111
3334444444444444445555555555555555555555444444444444444433333333222221111122233333333322211111111111
4444444444444444445555555555555555554444444444444443321111111111111111111111111111111111111111111111

1111111111111234444444444444444444444444442111111111111113444444444445555555555555555555555555555555
1111111111111111122444444444444444211111111111111111111111111111111111124444444555555555555555555555
1111111111111111111112344432111111111161111111111111111111111111111111111111111144445555555555555555
1111111111111111111111111111111111111111111111111111111111111111111111111111111111113445555555555555
1111111111111111111111111111111111111111111111111111111111111111111111111111111111111113445555555555
1111111111111111111111111111111611111111111111111111111111111111111111111111111111111111114455555555
1111111111111111111111111111111111111111111111111111111111111111111111111111111111111111111114455555
1111111111111123333221111111111111111111111111111111111111111111111111111111111111111111111111145555
1111111111111344444442111111111111111111111111111111111111111111111111111111111111111111111111111455
1111111111113444444444211111111111111111111111111111111111111111111111111111111111111111111111116145

4555555555555555555555555555555555555555555555555555554444444444444445555554444444444444444444445555
1234445555555555555555555555555555555555444444444444444444444444444444444444444444433332223333444445
1111134445555555555555555555555555444444444443333333333333333333444444444444443332222111111112223444
1111111244455555555555555555554444444333222222222222222222222222333333334433333222111111111111111223
1111111113444455555555555544444443322211111111111111111111111222222333333333322211111111111111111111
1111111111234444455555444444443322211111111111111111111111111122222223333332222111111111111111111111
1111111111123444444444444444433221111111111111111111111111111122222233333332222111111111111111111111
1111111111112344444444444444332211111111111111111111111111112222233333333333322111111111111111111111
1111111111111234444444444443332211111111111111111111111122222233333444444443332211111111111111111111
1111111111111233444444444444332221111111111111111111222223333344444444444444433322111111111111111111

1111111111112234444444555555555555555555555555555555555555555555555555544411111111111111111111111111
1111111111112233444444444555555555555555555555555555555555555555555555554442111111111111111111111111
1111111111112223344444444444455555555555555555555555555555555555555555555444311111111111111111111111
1111111111112223334444444444444444444444444444555555555555555555555555555544442111111111111111111111
1111111111112222333444444444444444444444444444444555555555555555555555555554444211111111111111111111
1111111111112222223333444444444444444444444444444444555555555555555555555554444321111111111111111111
1111111112222222222333333444444444444444444444444444445555555555555555555544444421111111111111111111
1111222222222222222223333333333333333333333344444444444445555555555555555444444321111111111111111111
2223333333222222222222233333333333333333333333444444444444445555555554444444433211111111111111111111
3344444333333222222222222223333333333333333333334444444444444444444444444443221111111111111111111111

1111111111111111112234444444444444444444444444444555555555555555555555555555555555555555555555555555
1111111111111111111122223333333222222222223334444444455555555555555555555555555555555555555555555555
1111111111111111111111112221111111111111111111122344444555555555555555555555555555555555555555555555
1111111111111111111111111111111111111111111111111112344445555555555555555554444444444444555555555555
1111111111111111111111111111111111111111111111111111123444455555555555443111111111111111111114555555
1111111111111111111111111111111111111111111111111111112344444455544442111111111111111111111111111145
1111111111111111111112222211111111111111111111111111111234444444443111111111111111111111111111111111
1111111111111111122233333322221111111111111111111111111223444443211111111111111111111111111111111111
1111111111222233444444444444443322211111111111111112222333333321111111111111111111111111111111111111
1111223344444444444444444444444444444433333334444444444444432211111111111111111111111111111111111111

5555555555555555555555555555555555555555555555555555555555555544444444444444444444444444444444455555
5555555555555555555555555555555555555555555544444444444444444444444444211111111111111111111111114455
5555555555555555555555555555555555555554444444432111123444444444444321111111111111111111111111111114
5555555555555555555555555555555555554444444111111111111111234444443211111111111111111111111111111111
5555555555555555555555555555555444444444111111111111111111112334433211111111111111111111111111111111
5555555555555555555555555444444444444211111111111111111111112344444321111111111111111111111111111111
5555555555555555555444444444443322111111111111111111111111134444444443111111111111111111111111111111
5555555555555554444411111111111111111111111111111111111113444444444444431111111111111111111111111111
5555555555554442111111111111111111111121111111111111113444444444444444444111116111111111111111111111
5555555554441111111111111111111111134444444444444444444444444445555444444431111111111111111111111111

1111111111111111111111111111111111111111111111111111111111111111111111111111111111111111111111111111
1111111111111111111111111111111111111111111111111111111111111111111111111111111111111111111111111111
1111111111111111111111111111111111111111111111111111111122222222222221111111111111112233443321111111
1111112222222111111111111111111111222222222222222222333344444444444433222222222222344444444444421111
1111122222222221111111111111122222333334444444444444444444444444444444443332222334444444444444444111
1111112222222221111111111111222333444444444444444444444444444444444444444433333444444444444444444421
1111111222222221111111111111222334444444444444444444444444444444444444444433333444444444444444444443
1111111122222211111111111111222334444444444444444444444444444444444444443333333344444444444455444444
1111111111111111111111111111122233444444444444444444444444444444444443322222222234444444444455544444
1111111111111111111111111111111222333444444444444444444444444444443322211111111223444444444555554444

1111111111111111111111111111111111111111111111111244455555444211111111111111111111111111111111111111
1111111111111111111111111111111111111111111111611244455555544411111111111111111111111111111111111111
1111111111111111111111111111111111111111111111111344455555555442111111111111111111111111111111111111
1111111111111111111111111111111111111111111111112445555555555554411111111111111111111111111111111111
1124444444311111111111111111111111111111111111144455555555555555542111111111111111111111111111111111
4455555555444411111111111111111111111111111114445555555555555555555441111111111111111111111111111111
5555555555555544311111111111111111111111113444555555555555555555555555431111111111111111111111111111
5555555555555555544421111111111111111234445555555555555555555555555555555443111111111111111111111111
5555555555555555555554444444444444444555555555555555555555555555555555555555554421111111111111111111
5555555555555555555555555555555555555555555555555555555555555555555555555555555555544111111111111111

1111111111111111455555555555555555555555555555555555555555553111111111111111111111111111111111111111
1111111111111145555555555555555555555555555555555555555555555431111111111111111111111111111111111111
1111111111145555555555555555555555555555555555555555555555555554321111122332111111111111111111111111
4444455555555555555555555555555555555555555555555555555555555555444333444444433111111111111111111111
5555555555555555555555555555555555555555555555555555555555555555444444444444444432111111111111111111
5555555555555555555555555555555555555555555555555555555555555555444444444444444443333222233333222111
5555555555555555555555555555555555555555555555555555555555555555443333444444444444333334444444444443
5555555555555555555555555555555555555555555555555555555555555554431111123334444333333344444444444444
5555555555555555555555555555555555555555555555555555555555555544111111111111111122223334444444444444
5555555555555555555555555555555555555555555555555555555555555541111111111111111111111123334444444444

1111134444444444444444444444444444444444444444444444444455555555555444444444321111234444444555555555
1111234444444444444444444444444444444444444444444444444444444444444444444432111111111234444444455555
1112344444444444444444444444444444433333333444444444444444444444444444444311111111111112344444444445
1113344444444444444444444443333221111111111122223333344444444444444444443111111111111111113444444444
1123444444444444444433332211111111111111111111111111112233334444444444332111111111111111111123444444
1123344444444443333221111111111111111111111111111111111111112233333333221111111111111111111111123444
1123344444433332211111111111111111111111111111111111111111111111122222111111111111111111111111111112
1122333333322111111111111111111111111111111111111111111111111111111111111111111111111111111111111111
1111222221111111111111111111111111111111111111111111111111111111111111111111111111111111111111111111
1111111111111111111111111111111111111111111111111111111111111111111111111111111111111111111111111111

5555555555555555555555544444444444444444444444455555555555555555555555555555555555555211111111111111
5555555555555555555444444444444444444444444444455555555555554444445555555555555555553111111111111111
5555555555555555444444444444444444444444444444455555555554444433334445555555555555411111111111111111
5555555555555444433334444444444444444444444444444455544444431111111124455555555554111111111111111111
5555555554443111111111123333344444333333344444444444444431111111111111134455554411111111111111111111
5555554431111111111111111111111111111111111233333333211111111111111111111111111111111111111111111111
5554431111111111111111111111111111111111111111111111111111111111111111111111111111111111111111111111
5431111111111111111111111111111111111111111111111111111111111111111111111111111111111111111111111111
1111111111111111111111111111111111111111111111111111111111111111111111111111111111111111111111111111
1111111111111111111111111111111111111111111111111111111111111111111111111111111111111111111111111111

5555555555555555555555555555444444444444444444444444444444333222211111111111111111111111111111111111
5555555555555555555555444444444444444443333333333333333222221111111111111111111111111111111111111111
5555555555555555554444432111111111111111111111111111211111111111111111111111111111111111111111161111
5555555555555544442111111111111111111111111111111111111111111111111111111122222222111111111111111611
5555555555554431111111611111111111111111111111111111111111111111111111122222333333332222211111111111
5555555555441111611111111111111111111111111111111111111111111111111122233344444444444444443322111111
5555555544111111111111111111111111116111111111111111111111111111222233444444444444444444444444443221
5555554421111111111111111111111111111111111111111111111111122222334444444444444444444444444444444444
5555544111111111111111111111111111116111111111111112222223333444444444444444444444444444444444444444
5555441161111111111111111111111111111111111111122233444444444444444444444444455555555555555555555555

5555555555555555555555555555555555555555555555555555555555555444444445555555444111111111111111111111
5555555555555555555555555555555555555555555555555555555555555555555555555555555542111111111111111111
5555555555555555555555555555555555555555555555555555555555555555555555555555555554311111111111111111
5555555555555555555555555555555555555555555555555555555555555555555555555555555555421111111111111111
5555555555544444444444444445555555555555555555555555555555555555555555555555555555541111111111111111
5555555444444433322222223334444444445555555555555555555554444455555555555555555555541111111111111111
5555444442211111111111111111111111233444444444444444444444444444555555555555555555441111111111111111
5544432111111111111111111111111111111111111111223444444444444444455555555555555555421111111111111111
4442111111111111111111111111111111111111111111111111233443333444444555555555555554311111111111111111
3111111111111111111111111111111111111111111111111111111111111112344444555555554442111111111111111111

4555555555555555555555555555555555555555555555555555555555555555555555555555555555555555555555555555
4444555555555555555555555555555555555555555555555555555555555555555555555555555555555555555555555555
2234444445555555555555555555555555555555555555555555555555555555555555544433222222223344444455555555
1122233444444445555555555555555555555555555555555555555555555555555443211111111111111111112234444555
1112222334444444444444444444444444444443322222234444555555555554432111111111111111111111111111223444
1112222333444444444444443334444443222111111111111111223444444322111111111111111111111111111111111224
2222233344444444444444333322222222111111111111111111111112221111111111111111111111111111111111111122
3344444444444444444444443333222211111111111111111111111111111111111111111111111111111111111111111112
4444555555555555555544444444332221111111111111111111111111111111111111111111111111111111111111111112
5555555555555555555555555444444322111111111111111111111111111111111111111111111111111111111111111112

1111111111111111111111111112344444455555555555555555555555555555555555555555555555555555555555555555
1111111111111111111111111344444444555555555555555555555555555555555555555555555555555555555555555555
1111111111111111111111134444444455555555555555555555555555555555555555555555555555555555555555555555
1111111111111111111113444444455555555555555555555555555555555555555555555555555555555555555555555555
1111111111111111111344444555555555555555444444444555555555555555555555555555555555555555555555555555
1111111111111111113444555555555555555444444444444444444555555555555555555555555555555555555555555555
1111111111111111144455555555555555554444444433211122333444444455555555555555555555555555555555555555
1111111111111111444555555555555555544444432111111111111111111112344444555555555555555555555555555555
1111111111111113445555555555555555444443211111111111111111111111111111111111111111111111111111114455
1111111111111134455555555555555554444431111111111111111111111111111111111111111111111111111111111111

1111111111111111111111111111111111111111111111111111111111111111111111112222233333344333332222211111
1111111111111111111111111111111111111111111111111111111111111111111111222344445555555555555554443222
1111111111111111111111111111111111111111111111111111111111111111111122344555555555555555555555555554
1111111111111111111111111111111122222221111111111111111111111111112234555555555555555555555555555555
1111111111111111111111111111112234444432211111111111111111111111224455555555555555555555555555555555
1111111111111111111111111111223455555554322111111111111111111222445555555555555555555555555555555555
1111123455555544322211111222345555555555544222111111111111122344555555555555555555555555555555555555
4555555555555555555555444455555555555555555543222221112222344555555555555555555555555555555555555555
5555555555555555555555555555555555555555555555544433334444555555555555555555555555555555555555555555
5555555555555555555555555555555555555555555555555555555555555555555555555555555555555555555555555555

1111111111111111111111111111111111111111111111111112445555555555555555555555555555555411111111111111
1112444444444321111111111111111111111111111111111124445555555555555555555555555555411111111111111111
4444555555554444421111111111111111111111111111111234445555555555555555555555554111111111111111111111
5555555555555544444211111111111111111111111111111244445555555555555555555554111111111111111111111111
5555555555555554444321111111111111111111111111111234444555555555555555542111111111111111111111111111
5555555555555554444321111111111111111111111111111123444445555555555441111111111111111111111111111111
5555555555555544443111111111111111111111111111111111112344444444211111111111111111111111111111111111
5555555555555544421111111111111111111111111111111111111111111111111111111111111111111111111111111111
5555555555555443111161111111111111111111111111111111111111111111111111111111111111111111111111111111
5555555555544421111111111111111111111111111111111111111111111111111111111111111111111111111111111111

5555544443444444444555555555555555555555555555555555555544432111111111111111111111111111111344555555
5555554444444444444444444445555555555555555555555555555554432111111111111111111111111111111113445555
5555555544444444444444444444444455555555555555555555555544431111111111111111111111111111111111112334
5555555554444444444444444444444444445555555555555555555444311111111111111111111111111111111111111111
5555555555444444444444444444444444444444555555555555444432111111111111111111111111111111111111111111
5555555555544444444444444444444444444444444444444444433211111111111111111111111111111111111111111111
5555555555554444444444443333333333444444444444444432211111111111111111111111111111111111111111111111
5555555555555444444443333332222222222233333332222111111111111111111111111111111111111111111111111111
5555555555555544444433322222211111111111111111111111111111111111111111111111111111111111111111111111
5555555555555555444433222111111111111111111111111111111111111111111111111111111111111111111111111111

1111111111111111111111111111111111111111111111111111111111111111111111111111111111111111111111111111
1111111111111111111111111111111111111111111111111111111111111111222221111111111111111111111111111111
1111111111111111111111111111111111111111111111111111111111111122222222222221111111111111111111111111
2222222222222111111111111111111111111111111111111111111111112222344444443332222221111111111111111111
4444444444444444432222111111111111111111111111111111111111122234444444444444444443322221111111111111
5555555555555555544444443222111111111111111111111111111111223444444444444444444444444444322211111111
5555555555555555555555554444432221111111111111111111111122244444455555555555555555555554444443211111
5555555555555555555555555555544444322211111111111111122234444455555555555555555555555555555554444211
5555555555555555555555555555555554444443222222222222234444445555555555555555555555555555555555555444
5555555555555555555555555555555555555544444444444444444445555555555555555555555555555555555555555555

1111111111111111111111111111111111111111111111111111111111111111111111111111111111111111111111111111
1111111111111111111112444444444444444444444444433221111111111111111111111111111111111111111111111111
1111111111111111111444455555555555555444444444444444332221111111111111111111111111111111111111111111
1111111111111111134455555555555555555555554444444444444333322222222222222211111111111111111111111111
1111111111111111344555555555555555555555554444444444444333333333333333333332222111111111111111111111
1111111111111113445555555555555555555555444444444444333222222222233333333333322221111111111111111111
1111111111111134445555555555555555555444444444433221111111111111112222223332222211111111111111111122
1111111111111234444555555555555554444444432211111111111111111111111111111111111111111111111111111122
1111111111111123444444555554444444443211111111111111111111111111111111111111111111111111111111111111
1111111111111111123444444444433211111111111111111111111111111111111111111111111111111111111111111111

1111112233344444444444444444444444444444444444433222222233333344444444444444444455555555555555555555
1111111111111112233444444444444444444444444432211111111111122222111111111111233444445555555555555555
1111111111111111111112233344444444444444433221111111111111111111111111111111111111244444555555555555
1111111111111111111111111122233333444433332211111111111111111111111111111111111111111134445555555555
1111111111111111111111111111112223333333332211111111111111111111111111111111111111111111144445555555
1111111111111111111111111111111222333333333322111111111112211111111111111111111111111111111344455555
1111111111111111111111111111111223334444444433332222223333332211111111111111111111111111111113444555
1111111111111111111111111111112333444444444444444444444444444332111111111111111111111111111111144445
1111111111111111111111111111233444444444444444444444444444444443211111161111111111111111111111113444
1111111111111111111111111233444444444444444444444444444444444444431111111111111111111111111111111244

5554443322111111111111111111111111111111111111111111111111111111111111111111111111111111111111111111
5555544444433333333222111111111111111111111111111111111111111111111111111111111111111111111111111111
5555555444444444444433321111111111111111111111111111111111111111111111111111111111111111111111111111
5555555555444444444444433211111111111111111111111111111111111111111111111111111111111111111111111111
5555555555555554444444443321111111111111111111111111111111111111111111111111111111111111111111111111
5555555555555555554444443322211222222111111111111111111111111111111111111111111111111111111111111111
5555555555555555554444443332222222232211111111111111111111111111111111111111111111111111111111111111
5555555555555555555444444332222222332211111111111111111111111111111111111111111111111111111111111111
5555555555555555555444444332222222222211111111111111111111111111111222222222111111111111111111111111
5555555555555555555444443322222222222211111111111111111111122223333334444433333221111111111111111111

1111111111111111111111111111111111111111111112222221111111111122222233344445555555555555555555555555
1111111111111111111111111111111111111111222222222111111111111111111222233444555555555555555555555555
1111111111111111111111111111111111222222222222222211111111111111111111222334455555555555555555555555
1111111112222222222222222222222222222222222222222211111111111111111111112233445555555555555555555555
1111222333334443333333322222222222333333333222222221111111111111111111111223444555555555555555555555
1223344444444444444444433333333333333333333333322222111111111111111111111223444555555555555555555555
3444444455555554444444444444444444444444444333333222221111111111111111111223444555555555555555555555
4445555555555555555544444444444444444444444444433332222111111111111111111223444555555555555555555555
5555555555555555555555554444444444444444444444444433322221111111111111112233444555555555555555555555
5555555555555555555555555555555554444444444444444444333222221111111111222334444555555555555555555555

5555555555555555555555555555555555555555444444444444444444433333333333333344455555555555555555555555
5555555555555555555555555555555555444443333333333332222221111111111111111122334445555555555555555555
5555555555555555555555555555555544433322211111111111111111111111111111111111112334445555555555555555
5555555555555555555555555555555544333211111111111111111111111111111111111111111123344455555555555555
5555555555555555555555555555555544332211111111111111111111111111111111111111111111233444455555555555
5555555555555555555555555555555544433221111111111111111111111111111111111111111111112333444445555555
5555555555555555555555555555555555444332211111111111111111111111111111111111111111111223334444445555
5555555555555555555555555555555555554444333221111111111111111111111111111111111111111112233334444445
5555555555555555555555555555555555555554444433332221111111111111111111111111111111111112223333344444
5555555555555555555555555555555555555555555544444433333222111111111111111111111111111112222333334444

5555555555555555555555555555555555555555555555555555555444311111111111111111111111111111223344444444
5555555555555555555555555555555555555555555555555555555444321111111111111111112333444444444555555555
5555555555444444555555555555555555555555555555555555554444332211111111112233444444445555555555555555
5555555541111111123444455555555555555555555555555555444444332222222223334444444455555555555555555555
5555554111111111111111234444455555555555555555544444444333222222222233444444445555555555555555555555
5555531111111111111111111111233444444444444444444333222111111111112233444444455555555555555555555555
5555311111111111111111111111111111111111111111111111111111111111111122334444445555555555555555555555
5554111111111111111111111111111111111111111111111111111111111111111111123344444555555555555555555555
5541111111111111111111111111111111111111111111111111111111111111116111111123444445555555555555555555
5511111111111111111111111111111111111111111111111111111111111111111111111111123444445555555555555555

5555555555555555555555555555555555555555554444444444555555555555555555555555555555555555555555555555
5555555555555555555555555555555555555555544444444444444555555555555555554444444444444444455555555555
5555555555555555555555555555555555555555444433333333444444444444444444333333322222222333344444455555
5555555555555555555555555555555555555554443332222222333333333332221111111111111111111111112233344444
5555555555555555555555555555555555555444332211111111111111111111111111111111111111111111111111112333
5555555555555555555555555555555555544433211111111111111111111111111111111111111111111111111111111111
5555555555555555555555555555555444443321111111111111111111111111111111111111111111111111111111111111
5555444444444444443333444444443333221111111111111111111111111111111111111111111111111111111111111111
2111111111111111111111111111111111111111111111111111111111111111111111111111111111111111111111111111
1111111111111111111111111111111111111111111111111111111111111111111111111111111111111111111111111111

5555555555555555555554444444444444311111111111111111111111111111111111111111111111111111111111111111
5555555555555555554444444444444443211111111111111111111111111111111111111111111111111111111111111111
5555555555555544444444444444444432111111111111111111222211111111111111111111111111111111111111111111
5555555555554444444444444444443221111111111111223344444444443211111111111111111111111111111111111111
5555555554444444444444444432211111111111111112334444444444444432111111111111111111111111166111111111
5555555544444444444332221111111111111111111112334444444444444443211111111111111111111111111111111111
5555554444444432111111111111111111111111111111234444444444444443321111111111111111111111111111111111
5555544444421111111111111111111111111111111111112334444444444432211111111111111111111111111111111111
5554444441111111111111111111111111111111111111111111222333222111111111111111111111111111111111111112
5444443111111111111111111111111111111111111111111111111111111111111111111111111111111111111111112344

5555555444444455555555555555555555555555554444332222233333221111111111111111111111111111111111111111
5554444444344444455555555555555555555555444443322222223333322111111111111111111111111111111111111112
4444332222222233444555555555555555555544444432222222223334332211111111111111111111111111111111234555
3322211111111112244444555555555555554444443322222222223344433221111111111111111111111111123455555555
2111111111111111123444444444444444444444433222222222222334433221111111111111111111123445555555555555
1111111111111111112233444444444444444443322222211112222333333322211111111111123444555555555555555555
1111111111111111111122223334444444443332222221111112222233333332222211122234445555555555555555555555
1111111111111111611111122222222222222222222111111111222233333333333333444455555555555555555555555555
1111111111111111111111111111222222222222211111111111222223334444444444455555555555555555555555555555
1111111111111111111111111111111111111111111111111111222223344444444555555555555555555555555555555555

1111111111111111111111111111111111111111111116111111111111111111111111111111111111111111111111111111
1111111111111111111111111111111111111111111111111111111111111111111111111111111111111111111111111111
1111111111111111111111111111111111111111111111111111111111111111111111111111111111111111111111111111
1111111111111111111111111111111111111111111111111111111111111111111111111111111111111111111111111111
1111111111244444444431111111111111111111111111111111111111111111111111111111111111111111111111111111
1111111144444444444444442111111111111111111111111111111111111111111111111111111111111111111111111111
1111114444555555554444444443211111111111111111111111111111111111111111111111111111111111111111111111
1111144555555555555554444444444333222221111111111111111111222222222222111111111111111111111111111111
1613445555555555555555544444444444444444444333333333333333333333333333333221111111111111111111111111
1144555555555555555555555444444444444444444444444444444444444444444444444433211111111111111111111111

5555555555555411111111111111111111111111111111111111111111133444444444333211111111111111111111111111
5555555555555541111111111111111111111111111111111111111244455555555555554444443321111111111111111111
5555555555555551111111111111111111111111111111111111344455555555555555555555544444332111111111111111
5555555555555555111111111111111111111111111111111344455555555555555555555555555544444332111111111111
5555555555555555311111111111111111111111111112344455555555555555555555555555555555444443321111116111
5555555555555555411111111111111111111111123344455555555555555555555555555555555555554444433221111111
5555555555555555411111111111111111111123344445555555555555555555555555555555555555555444444332221111
5555555555555555411111111111111111112334444555555555555555555555555555555555555555555444444433332211
5555555555555555111111111111111111112334444555555555555555555555555555555555555555554444444443333322
5555555555555553111111111111111111111123444455555555555555555555555555555555555555544444444433333332

1111113444444444444444421111111111111111111111111111111111111111111111134445555555555555555444421111
1124444444444555444444444311111111111111111111111111111111111111124444555555555555555555555555555444
3444444455555555555544444443211111111111116111111111111111112444455555555555555555555555555555555555
4444445555555555555554444444432111111111111111111111111124444455555555555555555555555555555555555555
4444455555555555555555444444443322222222211111111111112444455555555555555555555555555555555555555555
4444455555555555555554444444444333444444444321111111134444555555555555555555555555555555555555555555
4444445555555555555544444444433333444444444443211111234444555555555555555555555555555555555555555555
4444444455555555444444444432211122334444444433211111124444555555555555555555555555555555555555555555
4444444444444444444444321111111111112233333321111111112444455555555555555555555555555555555555555555
1123344444444444443211111111111111111111111111111111111124444555555555555555555555555555555555555555

4444444444321111111111111111111111111111111111111111111111111111111111111111111111111111111113445555
4444444443211111111111111111111111111111111111111111111111111111111111111111111111111111111112444555
4444444443211111111111111111111111111111111111111111111111111111111111111111111111111111111112444555
3444444432211111111111111111111112223333332222222222111111111111111111111111111111111111111113444555
1234444432211111111111111111112233444444444444443333332222211111111111111111111111111111111124444555
1123444332211111111111111112234444444444444444444444444333222211111111111111111111111111111244444555
1122344433221111111111112233444444444444444444444444444444333222211111222222222111111112223444445555
1112334443322211111112233444444444444444444444444444444444443332222223333333333333333334444444455555
1112334444433332223334444444444444455555555444444444444444444444334444444444444444444444444444555555
1112344444444444444444444444444555555555555555554444444444444444444444444444444444444444444445555555

1111111111111111111111111111111111111111111111111111111111111111111111111111111111111111111111111111
1111111111111111111111111111111111111111111111111111111111111111111111111111111111111111111111111111
1111111111111111111111111111111111111111111111223333221111111111111111111111111111111111111111111111
1111111111111111111111111111111111111111111223444444443322211111111111111112222222211111111111111111
1111111112222222222222233333333222222111222344444444444433333322222233334444444444444432111111111111
2233444444444444444444444444433333222222223344444444444444333333344444444444444555555444442111111111
4444444444444444444444444444433332222222222334444444444333333333344444444444455555555555544431111111
4455555544444444444444444433332222111111112223333333332222222222233344444444555555555555555444421111
5555555555544444444444433322221111111111111111111111111111111111111222344444455555555555555554444311
5555555555554444444443222111111111111111111111111111111111111111111111122444445555555555555555544443

1111111111111111111111111111111111111111111111111111111111111111111111111111111111111111111111111111
1111111111111111111111111111111111111111111111111111111111111111111111111111111111111111111111111111
1111111111111111111111111111111111111111111111111111111111111111111111111111111111111111111111111111
1111111111111111111111111111111111111111111111111111111111111111111111111111111111111111111111111111
1111111111111111111111111111111111111111111111111111111111111111111111111111111111111111111111111111
1111111111111111111111111111111111111111111111111111111111111111111244444431111111111111111111111111
1111111111111111111111111111111111111111111111111111111111111111114444444444411111111111111111111111
1111111111111111111111111111111111111111111111111111111111111111144444555544444111111111111111111111
1111111111111111111111111111111111111111111111111111111111111111344455555555544441111111111111111111
1111111111111111111111111111111111111111111111111111111111111112444555555555555444411111111111111111

4433221111111222333333222222233444444444444445555555555555555555555555555555555555555555555555555555
4444433333333344444444433333333444444444444444455555555555555555555555555555555555555555555555555555
4444444444444444444444444433333344444433333344444445555555555555555555555555555555555555555555555555
4444444444444444444444444433333222222111111111234444444444555555555555555555555555555555555555555555
4444444444444444444444444332221111111111111111111111233444444444445555555555555555555555555555555555
4444444444444444444444433221111111111111111111111111111111111111234444455555555555555555555555555555
4444443333333333333332221111111111111111111111111111111111111111111111344455555555555555555555555555
4443322221111111111111111111111111111111111111111111111111111111111111111344555555555555555555555555
4322111111111111111111111111111111111111111111111111111111111111111111111112445555555555555555555555
1111111111111111111111111111111111111111111111111111111111111111111111111111114455555555555555555555

3333333334444444444444444445555555555555555544444444321111111111111111222223333344444444444444555555
1111111111112334444444444444444444444444444444444331111111111111111111111111111111122233344444444445
1111111111111112233333444444444444444444444444432111111111111111111111111111111111111111111111233444
1111111111111111111122344444444444444444444443211111111111111111111111111111111111111111111111111111
1111111111111111111111233444444444444444443321111111111111111111111111111111111111111111111111111111
1111111111111111111111123344444444443333322111111111111111111111111111111111111111111111111111111111
1111111111111111111111112333333333332221111111111111111111111111111111111111111111111111111111111111
1111111111111111111111111223332222111111111111111111111111111111111111111111111111111111111111111111
1111111111111111111111111112221111111111111111111111111111111111111111111111111111111111111111111111
1111111111111111111111111111111111111111111111111111111111111111111111111111111111111111111111111111

5555555555555555555555555555555555555555554444444443222222222222222222222444444555555555555555555555
5555555555555555555555555555544444444444444444211111111111111111111111111112444445555555555555555555
5555555555555555555555555444444444444444444421111111111111111111111111111111234444455555555555555555
5555555555555555555554444444443222344444443211111111111111111111111111111111112444444555555555555555
5555555555555554444444444442222222223444443211111111111111111111111111111111112244444455555555555555
5555555555544444444444444322222222234444444421111111111111111111111111111111112244444445555555555555
5555555544442221112222333333222334444444444444211111111111111111111111111111222344444444555555555555
5555554441111111111122344444444444444444444444443211111111111111222222222333444444444444555555555555
5555442111111111111122444444444444444455555444444444443222334444444444444444444444444444555555555555
5544311111111111111124444444444555555555555555554444444444444444444444444444444444444445555555555555

5555444444444444443322211111111111111111111111111111111111111111222111111111111111111111111111111111
5554444444444432211111111111111111111111111111111111111111111111111111111111111111111111111111111111
5444444444432111111111111111111111111111111111111116111111111111111111111111111111111111111111111111
4444444421111111111111111111111111111111111111111111111111111111111111111111111111111111111111111111
4444431111111111111111111111111111111111111111111111111111111111111111111111111111111111111111111111
4432111111111111111111111111111111111111111111111111111111111111111111111111111111111111111111111111
3111111111111111161111111111111111111111111111111111111111111111111111111111111111111111111111111111
1111111166111111111111111111111111111111111111111111111111111111111111111111111111111111111111111111
1111111111111111111111111111111111111111111111111111111111111111111111111111111111111111111111111111
1111111111111111111111111111111111111111111111111111111111111111111111111111111111111111111111111111

5554442111111111111111111111111111111111111111111111111111111111111111111111111111111111111111111111
5555544411111111111111111111111111111111111111111111111111111111111111111111111111111111111111111111
5555554441111111111111111111111111111111111111111111111111111111111111111111111111111111111111111111
5555555444111111111111111111111111111111111111111111111111111111111111111111111111111111111111111111
5555555544421111111111111111111111111111111111111111111111111111111111111111111111111111111111111111
5555555554444111111161111111111113444444444443211111111111112444444444411111111111111111111111111111
5555555555444411111111111111244444444444444444444444444444444444444444444411111111111111111111111111
5555555555554444111111112444444444555555555555555554444444455555555544444444211111111111111111111111
5555555555555444444444444444455555555555555555555555555555555555555555554444444111111161111111111111
5555555555555554444444444455555555555555555555555555555555555555555555555554444444211111111111111111

5555555555555555555555555555555555555555555555555555555555555555555555555555555555444444444555555555
5555555555555555555555555555555555555555555555555555555555555555555555555555555544444444444455555555
5555555555555555555555555555555555555555555555555555555555555555555555555555554444444444444455555555
5555555555555555555555555555555555555555555555555555555555555555555555555555544444444444444455555555
5555555555555555555555555555555555544455555555555555555555555555555555555555444444444444444455555555
5555555555555554444444444444444444444444444555555555555555555555555555555554444444444444444555555555
5555555555554444444444444444444444444444444444555555555555555555555555555554444444444444445555555555
5555555555444444333334444444444444444444444444444555555555555555555555555555444444444444555555555555
5555555554444311111111123444444444444444444444444445555555555555555555555555555555455555555555555555
5555555544442111111111111133444444444444444444444445555555555555555555555555555555555555555555555555

5555555555431111111111112445555555555555555555555555555555444444321111111111111111111111111111111111
5555555555541111111111111444555555555555555555555555555555444444432111111111111111111111111111111111
5555555555544111111111111244455555555555555555555555555554444444433322111111111111111111111111111111
5555555555554111111111111134445555555555555555555555555544444444433333322111111111111111111111111111
5555555555554411111111161114444455555555555555555555554444444444333333333322111111111111111111111111
5555555555555411111111111112444444555555555555555555444444444433333333333333321111111111111111111111
5555555555555431111111111111244444444444455555444444444444444322222223333333332111111111111111111111
5555555555555541111111111111124444444444444444444444444444433211111111223333332111111111111111111111
5555555555555543111111111111113444444444444444444444444443321111111111111122211111111111111111111111
5555555555555554111111111111111334444444444444444444444332111111111111111111111111111111111111111111

1111111111111111111111111111111111111111111111111111111111111111111111111111111111111111111111111111
1111111111111222222221111111111111111111111111111111111111111111111111111111111111111111111111111111
1111111111234444444444433221111111111111112223333332221111111111111111111111111111111111111111111111
1111111234444444444444444443221111111112233444444444444332211111111222333333322211111111111111111111
1111123444445555555555444444433222111223344444444444444444332222334444444444444444444444444321111111
1111234444555555555555555444444333222233444444444444444444443334444455555555555555555555555555444311
1122344445555555555555555544444433333333444444444444444444444444444555555555555555555555555555555554
1233444455555555555555555544444443332333444444444444444444444444445555555555555555555555555555555555
2334444555555555555555555544444433222222334444444444444444443444445555555555555555555555555555555555
3344444555555555555555555444444332221112223334444444444333333334444555555555555555555555555555555555

1111111111114555555555555555555555555555555555555555555555555555555555555555555555555555555555555555
1111111111111455555555555555555555555555555555555555555444444555555555555555555555555555555555555555
1111111111111245555555555555555555555555555555555544111111111112455555555555555555555555555555555555
1111111111111134455555555555555555555555555555543111111111111111112455555555555555555555555555555555
1111111111111112444455555555555555555555555442111111111111111111111114455555555555555555555555555555
1111111111111111124444445555555555555554441111111111111111111111111111114445555555555555555555555555
1111111111111111111111244444444444444421111111111111111111111111111111111111134444444444444445555555
1111111111111111111111111111122211111111111111111111111111111111111111111111111111111111111111114445
1111111111111111111611111111111111111111111111111111111111111111111111111111111111111111111111111111
1111111111111111111111111111111111111111111111111111111111111111111111111111111111111111111111111111

5555555555555555555555555555555555555555555555555555555555555555555555555555555555555555555555555555
5555555555555555444444444444443333333444555555555555555555555555555555555555555555555555555554432211
5555555554444321111111111111111111111111111134555555555555555555555555555555555555555555554421111111
5555554442111111111111111111111111111111111111111455555555555555555555555555555555555555442111111111
5554443111111111111111111111111111111111111111111111111123444455555444444444444444444443211111111111
5444321111111111111111111111111111111111111111111111111111111111111111111111111111111111111111111111
4443211111111111111111111111111111111111111111111111111111111111111111111111111111111111111111111111
4443211111111111111111111111111111111111111111111111111111111111111111111111111111111111111111111111
4444211111111111111111111111111111111111111111111111111111111111111111111111111111111111111111111111
5444421111111111111111111111111111111111111111111111111111111111111111111111111111111111111111111111

5555555555555555555555555555555544444444444444444444444443322222222222222222233333332221111111111111
5555555555555555555555555555444444444444444444444444443332222222222222222234444444444444432111611111
5555555555555555555555555444444444333333333444444444333322222222222222233444444444444544444443111111
5555555555555555555555444444432222222222222333333333333322222222222223344444444555555555555554442111
5555555555555555554444444322221111111122222333334444433333322222223344444444455555555555555555554421
5555555555555554444443221111111111111122222334444444444444444444444444444455555555555555555555555554
5555555555554444432211111111111111111122233444444444444444444444444444445555555555555555555555555555
5555555554444422111111111111111111112222344444444444444444444444444444555555555555555555555555555555
5555555444422111111111111111111111122234444444444444444444444444455555555555555555555555555555555555
5555544422111111111111111111111111223444444444444455555555555555555555555555555555555555555555555555

1111111111111111111111111111111111111111111112223344455555555555555411111111111111115555555555555555
1111111111111111111111111111111111111111111233444555555555555555555552111111111111355555555555555555
1111111111111111111111111111111111111111123444555555555555555555555555511111111125555555555555555555
1111111111112221111111111111111111111112344555555555555555555555555555555421124555555555555555555555
1111122233444444333322211111111111122334455555555555555555555555555555555555555555555555555555555555
1123444455555555544444443332222223344455555555555555555555555555555555555555555555555555555555555555
3445555555555555555555555444444444555555555555555555555555555555555555555555555555555555555555555555
5555555555555555555555555555555555555555555555555555555555555555555555555555555555555555555555555555
5555555555555555555555555555555555555555555555555555555555555555555555555555555555555555555555555555
5555555555555555555555555555555555555555555555555555555555555555555555555555555555555555555555555555

5544433322222111111111111111111111111111111111111111111111111111111111111111111111111111111111111111
5443222111111111111111111111111111111111111111111111111111111111111111111111111111111111111111111111
4321111111111111111111111111111111111111111111111111111111111111111111111111111111111111111111111111
2111111111111111111111111111111111111111111111111111111111111111111111111111111111111111111111111111
1111111111111111111111111111111111111111111111111111111111111111111111111111111111111111111111111111
1111111111111111111111111111111111111111111111111111111111111111111111111111111111111111111111111111
1111111111111111111111111111111111222222111111111111111111111111111111111111111111111111111111111111
1111111111111111111111111111111111122222111111111111111111111111111111111111111111111111111111111111
1111111111111111111111111111111111112222111111111111111111111111111111111111111111111111111111111111
1111111111111111111111111111111111111111111111111111111111111111111111111111111111111111111111111111

4421111111111111111111111111111111111111111111111111111111111111111111111111111111111111114555555555
4444432211111111111111111111111111111111111111111111111111111111111111111111111111111111111145555555
5444444444444444444444432111111111111111111111111111111111111111111111111111111111111111111114555555
5554444444444444444444444443221111111111111111111111111111111111111111111111111111111111111111145555
5555554444444444444444444444444432211111111111111111111111111111111111111111111111111111111111112555
5555555554444444444444444444444444443221111111111111111111111111111111111111111111111111111111111145
5555555555555555555555444444444444444443211111111111111111111111111111111111111111111111111111111111
5555555555555555555555555444444444444444432111111111111111111111111111111111111111111111111111111111
5555555555555555555555555554444444444444444322111111111111111111111111111111111111111111111111111111
5555555555555555555555555555544444444444444444333222222222222222211111111111111111111111111111111111

5444443211111111111111111111111111111111111111111111111111111111111111111111111111111113444455555555
4442111111111111111111111111111111111111111111111111111111111111111111111111111111111112344445555555
3111111111111111111111111111111111111111111111111111111111111111111111111111111111111111134444555555
1111111111111111111111111111111111111111111111111111111111111111111111111111111111111111113444445555
1111111111111111111111111111111111111111111111111111111111111111111111111111111111111111111234444555
1111111111111111111111111111111111111111111111111111111111111111111111111111111111111111111112444445
1111111111111111111111111111111111111111111111111111111111111111111111111111111111111111111111134444
1111111111111111111111111111111111111111111111111111111111111111111111111111222221111111111111112444
1111111111111111111111111111111111111111111111111111111111111111111111111233444332211111111111111124
1111111111111111111111111111111111111111111111111111111111111111111111234444444444321111111111111111

5555555555555555555555555555555555555555555555555555555544444444444433221111111111111111111111111111
5554444444444444444444455555555555555555555555554444444444444444443322111111111111111111111111111111
4444433221112223344444444444444454555555444444444444444444444443332111111111111111111111111111111111
4321111111111111111123344444444444444444444444444444444444443332211111111111111111111111111111111111
1111111111111111111111112233444444444444444444444444433333333222111111111111111111111111111111111111
1111111111111111111111111112233344444444444444433333333332222221111111111111111122223222111111111111
1111111111111111111111111111112233333344333333333322222222222222111111111111112333444444433211111111
1111111111111111111111111111111122333333333333333222222333333222221111111111233444444444444443211111
1111111111111111111111111111111122233333333333333333333333333333332221111223344444444444444444443111
1111111111111111111111111111111223333344444444444444444444444444444333333344444444455555555554444442

5555555555555555554444443111111111111111111111111111111111111111111111111111111111111111111111111111
5555555555555555544444444321111111111111111111111111111111111111111111111111111111111111111111111111
5555555555555555544444444443211111111111111111111111111111111111111111111111111111111111111111111111
5555555555555555444444444444432111111111111111111111111111111111111111111111111111111111111111111114
5555555555555554444444444444443211111111111111111111111111111111111111111111111111111111111111111145
5555555555555444444444444444444321111111111111111111111111111111111111111111111111111111111111111455
5555555555554444444444444444444431111111111111111111111111111111111111111111111111111111111111114555
5555555555444444444444444444444432111111111111111111111111111111111111111111111111111111111111145555
5555555544444444444444444444444432111111111111111111111111111111111111111111111111111111111111455555
5555554444444444444444444444444321111111111111111111111111111111111111111111111111111111111114555555

5555555555555544444444444444444444444444444444444444444444444444444443321111111122344444444443111111
5555555555544444444444444444444444444444444444444444444444444444433211111111111111111111111111111111
5555555544444444444433333333444444444444444444444444444444433322111111111111111111111111111111111111
5555544444444444432111111111122334444444444444444444444333211111111111111111111111111111111111111111
5554444444444444321111111111111123344444444444444443332211111111111111111111111111111111111161111111
4444444444444444321111111111111112334444444444444333221111111111111111111111111111111111111111111111
4411111112344444432111111111111112233444444444443332211111111111111111111111111111111611111111111111
1111111111344444443211111111111122334444444444443332211111111111111111111111111111111111111111111111
1111111111134444444432211111222333444444444444444333321111111111111111111111116111111111111111111111
1111111111134444444444433333334444444444444444444444333221111111111111111111111111111111111111111111

1111111111111111111344444444431111111111111111124444444444444444444444444444444444444444444444445555
1111111111111111111111111111111111111111111111111124444444444444444444444444444443211111111111144444
1111111111111111111111111111111116111111111111111112444444444322211111111111111111111111111111111124
1111111111111111111111111111111111111111111111111113444443321111111111111111111111111111111111111111
1111111111111111111111111111111111111111111111111134444444321111111111111111111111111111111111111111
1111111111111111111111111111111111111111111111111444444444443211111111111111111111111111111111111111
1111111111111111111111111111111111111111111111134444444444444444211111111111111111111111111111111111
1111111111111111111111111111111111111111111112444444444444444444444443221111111111111161111111111111
1111111111111111111111111111111111111111111444444555555555554444444444444444442111111111111111111111
1111111111111111111111234444432211111234444444555555555555555555554444444444444444411111111111611111

5555555555555555444444443111111111111111111111124444444444444444444444211113444444555555555555555555
5555555555444444444411111111111111111111111111111111344444444444442111111111114444444444445555555555
4444444444444444211111111111111111111111111161111111112444444443111111111111111144444444444444444555
4444444444442111111111111111111111111111111111111111111134444211111111111111111114444444444444444444
4444444431111111111111111111111111111111111111161111111113331111111111161111111112444444444444444444
3333211111111111111161111111111111111111111111111111111123331111111111111111111112444444444444444444
1111111111111111111161111111111111111111111111111111111344443111111111111111111114444444444444444444
1111111111111111111111111111111111111111111111111111144444444431111111111111111344444444444444444444
1111111111111111111111111111111111111111161111111134444444444444421111111111244444444444444444444444
1111111111111111111111111111111111116111111111134444444444444444444444444444444444444444444444444444

1111111111455555555555555555555411111111111111111111111111111111111111111111111111111111111111111111
1111111111455555555555555555555211111111111111111111111111111111111111111111111111111111111111111111
1111111111145555555555555555555111111111111111111111111111111111111111111111111111111111111111111111
1111111111125555555555555555555111111111111111111111111111111111111111111111111111111111111111111111
1111111111114555555555555555554111111111111111111111111111111111111111111111111111111111111244455555
1111111111112455555555555555554111111111111111111111111111111111111111111111111111111111345555555555
1111111111111455555555555555554111111111111111111111111111111111111111111111111111111144555555555555
1111111111111245555555555555554111111111111111111111111111111111111111111111111111124455555555555555
1111111111111145555555555555554111111111111111111111111111111111111111111111111113445555555555555555
1111111111111144555555555555554211111111111111111111111111111111111111111111112444555555555555555555

1111111111111111111111111111111111111111111111112444444555555555555555555555555444444432111223444444
1111111111111111111111111111111111111111111112344444455555555555555555555555555544444443322334444444
1111111111111111112444444433333333333344444444444444455555555555555555555555555544444443322233444444
1111111111111444445555544444444444444444444444444444455555555555555555555555555544444432211112234444
1111111111244555555555555555554444444444444444444444445555555555555555555555555444444211111111111122
1111111134455555555555555555555544444444443221111244444445555555555555555555554444431111111111111111
1111111445555555555555555555555444444442111111111111124444444555555555555554444442111111111111111111
1111134455555555555555555555544444431111111111111111111112344444444444444444443111111111111111111111
1111444555555555555555555554444421111111111111111111111111111111112333333211111111111111111111111111
1113445555555555555555555444411111111111111111111111111111111111111111111111111111111111111111111111

1111111111111111111111111111111111111111111111111111111111111111111111222111111111234444444444445555
1111111111111111111111111111111111111111111111111111111111111112344444444444332223344444444444444555
1111111111111111111111111111111111111111111111111111111111123444444444444444443333344444444444444455
1111111111111111111111111111111111111111111111111111111123444444444444444444444333334444444444444445
1111111111111111111111111111111111111111111111111111123344444444444444444444443221223333221111244444
1111111111111111111111111111111111111111111111111112334444444444444444444444432111111111111111111444
1111111111111111111111111111111111111111111111111122344444444444444444444443211111111111111111111114
1111111111111111111111111111111111111111111111111112334444444444444444444321111111111111111111111111
1111111111111111111111111111111111111111111111111111122333444444444443321111111111111111111111111111
1111111111111111111111111111111111111111111111111111111111111111111111111111111111116111111111111111

1111111111222223333444445555555555555555555555555555555555555555555555544444421111111111111111111355
1111111122222222333344444455555555555555555555555555555555444433211111111111161111111111111111112455
1111112222222222223334444444555555555555555555555555544432116111111111111111111111111111111111114555
1111222222222222222233344444445555555555555555555544421111111111111111111111111111111111111111135555
1112222222222211111222233444444455555555555555544432111111111111111111111111111234331111111111345555
1112222222221111111111222333444444445555555544443211111111111111111111111111113455555444211123455555
1122222222111111111111111222333444444444444444331111111111111111111111111111114555555555544444555555
1122222221111111111111111111222333344444444332211111111111111111111111111111135555555555555555555555
1112222111111111111111111111111122233333332211111111111111111111111111111111145555555555555555555555
1111111111111111111111111111111111111111111111111111111111111111111111111111245555555555555555555555

5555555555555555555555555555555555555544444444443211111111111611111111111111111111111111111111111111
5555555555555555555555544444444444444444443221111111111111111111111111111111111111123444431111111111
5555555555555555554444444444444443322111111111111111111111111111111111111111111112344444444311111111
5555555555555554444444443332211111111111111111111111111111111111111111111111111244444444444442111111
5555555555555544444444322211111111111111111111111111111111111111111111223333444444445555555444411111
5555555555555544444444333221111111111111111111111111111111223334444444444444444445555555555554442111
5555555555555554444444444444333222111111111111111223344444444444444444445555555555555555555555544411
5555555555555555555444444444444444444444444444444444444444455555555555555555555555555555555555555443
5555555555555555555555555555544444444444444444444555555555555555555555555555555555555555555555555554
5555555555555555555555555555555555555555555555555555555555555555555555555555555555555555555555555555

5555555555555544442111111111111111111111111111111111111111111111111111111111111111111145555555555555
5555555555555554444421111611111111111111111111111111111111111111111111111111111111111114455555555555
5555555555555554444443211111111111111111111111111111111111111111111111111111111111111161245555555555
5555555555555554444444432111111111111111116111111111111116111111111111111111111111111111111455555555
5555555555555554444444443211111111111111111234444444444444432111111111111111111111111111111114555555
5555555555555544444444444322111111122344444455555555555555555554444444444211111111111111111111135555
5555555555554444444444444433223344444444555555555555555555555555555555554443111111111111111111111255
5555555555444444444444444444444444444555555555555555555555555555555555555544211111111111111111111112
5555555444444444444444444444444444455555555555555555555555555555555555555554411111111111111111111111
5555544444444333322222222334444444555555555555555555555555555555555555555555411111111111111111111111

1111111111111111111111111111111111111111111344444421111111111111111111111111111111111233444432111111
1111111111111111111111111111111111111112444444444444443111111111111111111111111111334444444444431111
1111111111111111111111111111111111111344445555555554444444331111111111111111112334444444444444442111
1111111111111111111111111111111611134444555555555555544444444444333333221111123334444444444444443116
1111111111111111111111111111111111344445555555555555554444444444444333221111111122334444444444431111
4443321111111111111161111111111113444455555555555555555444444444433311111111111111111133444443311111
4444444444331111111111111111111134444455555555555555554444444433211111111111111111111111111111111111
5555444444444432111111111111111134444455555555555555444444433111111111111111111111111111111111111111
5555555444444444311111111111111113444444555555555544444442111111111111111111111111111111111111111111
5555555554444444321111111111111111134444444444444444431111111111111111111111111111111111111111111111

5555555555555555444444444455555555555555555555555555555555555555555555555555555555555555555555555555
5555555554443111111111111111344444455555555555555555555555555555555555555555555555555555555555555555
5555544111111111111111111111111111134444444444444444444444444444444444444444444444444444444445555555
5543111111111111111111111111111111111111111111122333344444444444444444444444444444444444444444444445
4111111111111111111111111111111111111111111111111111111111111111111222223333333444444443334444444444
1111111111111111111111111111111111111111111111111111111111111111111111111111112222222211111112334444
1111111111111111111111111111111111111111111111111111111111111111111111111111111111111111111111123444
1111111111111111111111111111111111111111111111111111111111111111111111111111223333322111111111123444
1111111111111111111111111111111111111111111111111111111111111111111112333334444444444333333333334444
1111111111111111111111111111111111111111111111111111111111112333444444444444444444444444444444444444

1111111111111111111111111112444444444444444444443322211111111111111111111111111111111111111111111611
1111111111111111111111111111234444444444444444333322211111111111116111111111111111111111111111111111
1111111111111111111111111111122333333333333333333222221111111111111111111111111111111111111111222344
1111111111111111111111111111122222222222223333332222221111111111111111111111111111111111112233444444
1111111111111111111111111111112222222222222222222222221111111111111111111111111111111112234444445555
1111111111111111111111111111112222222222222222222222221111111111111111111111111111122233444444555555
1111111111111111111111111111122222222222222222332222222111111111111111111111222222233444444455555555
1111111111111111111111111111222222222222223333333322222211111111112222222222222333444444445555555555
1111111111111111111111111112233333333333333333333333222222222222222222233333334444444444555555555555
1111111111111111111111111122344444444444444444444443333222222222223333344444444444444445555555555555

1111111111111111111111111111111111111111111111111111111111111111112222333333221111111111111111111111
1111111111111111111111111111111111111111111111234444444444444444444444444444444443211111111116111111
1111111111111111111111111111111111111111123444444444444444444444444444444444444444444322111111111111
1111111111111611111111111111122222334444444445555555555555555444444555555555444444444444322111111111
1111111111111123344444444444444444444444445555555555555555555555555555555555544444444444444332222222
1111111123444444444444455555545444444555555555555555555555555555555555555544444444444444444443333344
1111134444455555555555555555555555555555555555555555555555555444444444444444444444444444444444444444
1124444455555555555555555555555555555555555555555555555554444444444444444444444444443333222233334444
2444455555555555555555555555555555555555555555555555444444444444444444444333322211111111111111222344
4445555555555555555555555555555555544444444444444444444443221111111111111111111111111111111111111224

1111111111111111111111111111111111111111111111111111111111111111111111111111111111111111111111111111
1111111111111111111111111111111111111111111111111111111111111111111111111111111111111111111111111111
1111111111111111111111111111111111111111111111111111111111111111111111111111111111111111111111111111
1111111111111111111111111111111111111111111111111111111111111111111111111111111111111111111111111111
1111111111111111111111111111111222222111111111111111111111111111111111111111111111111116111111111111
1111111111111111111111111111123444444444432111111111111111111111111111111111111111111111111111111111
1111111111111111111111111113444444444444444444211111111111111111111111111111111111111111111111111111
1111111111111111111111111344444444445454444444444431111111111111111111111111111111234444443211111111
1111111111111111111111134444455555555555555555544444444321111111111111111111234444444444444444211111
1111111111111111111113444455555555555555555555555555444444444444333344444444444444445555554444443111

1111111111111111111111111111111111111111111111111111111111111111111111111111111111111111111111111111
1111111111111111111111111111111111111111111111111111111111111111111111111111111111111111111111111111
1111111111111111111111111111111111111111111111111111111111111111111111111111111111111111111111111111
1111111111111111111111111111111111112444444444432111111111111111111111111111111111111111111111111111
1111111111111111111111111111111111344444444444444444432111111111111111111111111111111111111111111111
1111111111111111111111111111111124444444444444444444444433111111111111111111111111111111111111111111
4444444442111111111111111111111144444444454444444444444443211111111111111111111111111111111111111111
5555544444443111111111111111111134444444444444444444444432111111111111111111111111111111111111111111
5555555544444411111111111111111112444444444444444444433111111111111111111111111111111111111111111111
5555555555444421111111111111111111113444444444443311111111111111111111111111111111111111111111111111

1111111111111111111111111111111122222233332222222222333444444444444444444444433333333322221111111111
1111111111111111111111111111111111222222222222222222233344444444444444444444333333333333322211111111
1111111111111111111111111111111111112222222222222222223334444444444444444433333333333333333222111111
1111111111111111111111222211111111111122222222222222223334444444444444443333333333444444443332211111
1111111111111111111222222221111111111111111111111222222333444444444444333333333333444444444443322111
1111111111111111222222222222111111111111111111111222222333444444444443333333333334444444444444432211
1111111111111122222222222222111111111111111111111122222333444444444433333333333334444444444444444322
1111111111112222233333333322111111111111111111111222222333344444444333332222333334444444555555444433
1111111111122223333344443332211111111111111111111222222333344444443333322222333344444455555555555444
1111111112223334444444444332211111111111111111112222223333344444433333222222333344444555555555555554

5555555555555555555555555555555554444444444311111111111111111111611111111111111111344444555555555555
5555555555555544444444444444444444443211111111111111111111111111161111111111111111111444455555555555
5555544442111111111111111111111111111111111111111111111111111111111111111111111111111124445555555555
4411111111111111111111111111111111111111111111111111111111111111111111111111111111111111444555555555
1111111111111111111111111111111111111111111111111111111111111111161111111111111111111111144455555555
1111111111111111111111111111111111111111111111111111111111111111111111111111111111111111114445555555
1111111111111111111111111111111111111111111111111111111111111111111111111111111111111111111444555555
1111111111111111111111111111111111111111111111111111111111111611111111111111111111111111111344455555
1111111111111111111111111111111111111111111111111111111111111111111111111111111111111111111144455555
1111111111111111111111111111111111111111111111111111111111111111111111233321111111111111111134445555

5555555555555555555555555555555555555555555555555555555555555555555555555555555555555555555555431111
5555555555555555555555555555555555555555555555555555555555555555555555555555555555555555555442111111
5555555555555555555555555555555555555555555555555555555555555555555555555555555555555555544211111111
5555555555555555555555555554444455555555555555555555555555555555555555555555555555555554421111111111
5555555555555555555554444444444444444555555555555555555555555555555555555555555555555442111111111111
5555555555555555544444444322211111223444455555555555555555555555555555555555555555443111111111111111
5555555555544444444443321111111111111112344455555555555555555555555555555554444442111111111111111111
5554444444444444443221111111111111111111111244444555555555555555555544444432111111111111111111111111
4444444444444433221111111111111111111111111111123444444455555444444432111111111111111111111111111111
4444444333322211111111111111111111111111111111111111122333443332111111111111111111111111111111111111

3333222211111111111111111111111111111111111111111111111111111111122333444444444444333221111111111122
4433333322211111111111111111111111122222222222111111111111111112233444444555554444443332221111122233
4444444333332221111111111111111222333333333333222111111111111223344445555555555555444443332222233344
5544444444333332222222112222222333333444443333332222111111112233444555555555555555554444433333333444
5555544444444333333322222233333334444444444443333322221111222334445555555555555555555444444444444445
5555555544444444333333333333333444444444444444333332222222223344455555555555555555555554444444444455
5555555554444444444333333333344444444444444444433333222222223344455555555555555555555555444444445555
5555555555544444444443443444444444444444444444433332222222223344455555555555555555555555554444555555
5555555555554444444444444444444444444444444443333332222222223344455555555555555555555555555555555555
5555555555555444444444444444444444444444444433333322221112223344455555555555555555555555555555555555

5555555554444444111111113444445555555555555555555555555555555555555555555555555555555555555555555555
5555544444443111111111111124444455555555555555555555555555555555555555555555555555555555555555555555
5544444442111111111111111111344444445555555555555555555555555555555555555555555555555555555555555555
4443111111111111111111111111124444444444445555555555555555555555555555555555555444444555555555555555
1111111111111111111111111111112444444444444444444444444555555555555555555554441111111114555555555555
1111111111111111111111111111112344444444444444444444444444444555555555555444111111111111145555555555
1116111111111111111111111111123444444444444444334444444444444444555555544441111111111111111555555555
1111111111111112222222233444444444444444433221111123444444444444445554444411111111111111111145555555
1111111111124444444444444444444444444444443321111112344444444444444444444111111111111111111114555555
1111611111444444444444444444444444444444444443332334444444444444444444441111111111111111111111355555

1111112222223222222222111111111111111111112222222333344444444444444444444444444444444433211111111111
1112223333333333332222221111111111111111112222222333334444444444444444444444444444444443211111111111
1223334444444444333322222111111111111111112222222333334444444444444444444444444444444443321111111111
3344444444444444444333222221111111111111122222222333334444444444444443333333334444444444321111111111
4444445555554444444433322222211111111111222222223333344444444444444333333333333344444444322111111111
4455555555555554444444333222222222222222222222233333444444444444443333333333333334444444332111111111
5555555555555555544444433332222222222222222233333344444444444444433333333333333334444444432211111111
5555555555555555555444444333332222222222333333334444444444444444443333333333333344444444433211111111
5555555555555555555554444444333333333333333344444444444444444444444333333333333444444444443321111111
5555555555555555555555444444444444444444444444444444444444444444444444443344444444444444444332111111

1111111111111111111111111111111111111111111111111111111111111111111111111111111111111111111111111111
1111111111111111111111111111111111111111111111111111111111111111111111111111111111111111111111111111
1111111111111111111111111111111111111111111111111111111111111111111111111111111111111111111111111111
2444441111111111111111111111111111111111111111111111111111111111111111111111111111111111111111111111
4455444111111111111111111111111111111111111111111111111111111111111111111111111111111111111111111111
5555554431111111111111111111111111111111111111111111111111111111111111111111111111111111111111111111
5555555544111111111111111111111111111111111111111111111111111111111111111111111111111111111111111111
5555555555441111111111111111111111221111111111111111111111111111111111111111111111111111111111111111
5555555555554441111111111112444444444444444444444444444444321111111111111111111111111111111111111111
5555555555555554444444444444555555555555555555555555444444444444444211111111111111111111111111111111

1111111111111111111111122223333332222111111111111111111111111111111111111111111111111111111111111111
1111111111111111111122233444444444332221111111111222222211111111111111111111111111111111111111111111
1111111111111111112233444444444444433222211111223444444444321111111111111111111111111111111111111111
1111111111111111123344444444444444433222211222344444444444444211111111111111111111111111111111111111
1111111111111112234444444444444444332222111223444444555555544442111111111111111111111222221111111111
1111111111111123344444444444444433222211111123444445555555555544421111111111111112344444444321111111
1111111111112233444444444444433222111111111122444455555555555554444321111111223444444444444443211111
1111111111122334444444444433222111111111111112344455555555555555544444333334444444445555554444421111
1111111111223344444444433222111111111111111112344455555555555555554444444444444455555555555544442111
1111111122333444444433222111111111111111111111244455555555555555555544444444455555555555555554444211

5555555555555555555555555555555555555555555555555555555555555555555555555555555555555555555555555555
5555554444444444455555555555555555555555555555555555555555555555555555555555555555555555555555555555
4444444433333344444445555555555555555555555555555555555555555555555555555555555555555555555555555555
4322111111111111122444445555555555555555555555555555555555555555555555555555555555555555544444444444
1111111111111111111112344444555555555555555555555555555555544444444445555555555555555544443221111111
1111111111111111111111111244444455555555555555555555444444321111111244445555555555544443211111111111
1111111111111111111111111111234444444444444444444442211111111111111111244445555444443211111111111111
1111111111111111111111111111111111222233322211111111111111111111111111111234444432111111111111111111
1111111111111111111111111111111111111111111111111111111111111111111111111111111111111111111111111111
1111111111111111111111111111111111111111111111111111111111111111111111111111111111111111111111111111

1111112333444444444444444444444444445555555555555555555555555555555555555555555555555555555555555555
1111112333444444444444444433322233444444555555555555555555555555555555555555555555555555555555555555
1111122333344444444444433211111111111113444444455555555555555555555555555555555555555555555555555555
1111222333344444444433321111111111111111111111111112344445555555555555555555555555555555555555555555
1112222333333444443332211111111111111111111111111111111111111344555555555555555555555555555555555555
2222222333333333333322111111111111111111111111111111111111111111111134455555555555555555555555555554
2222222333333333333321111111111111111111111111111111111111111111111111111111344444555555555544431111
3222222333333333333211111111111111111111111111111111111111111111111111111111111111111111111111111111
3322222223333333332211111111111111111111111111111111111111111111111111111111111111111111111111111111
3322222222222332222111111111111111111111111111111111111111111111111111111111111111111111111111111111

5555544444444444444444444444444444444444444444555555555555555555555555555555555555555555555555555555
5555444444444444444444444444444444444444444444444555555555555555555555555555555555555555555555555555
5554444432222334444444444444444443321111111134444444445554444444444444444455555555555555555555555555
5554443211111112233444444444443321111111111111244444444444444444433223344444445555555555555555555455
5544442111111111122233333333322111111111111111113444444444432111111111111113444445555555555544444444
5544431111111111111222223322221111111111111111111234444332111111111111111111144444445555544444111111
5544421111111111111112222222221111111111111111111233333211111111111111111111124444444444444431111111
5544411111111111111112222222222111111111111111111233333211111111111111111111124444444444444311111111
5544421111111111111122233333333322111111111111123444444321111111111111111111134444444444444211111111
5544421111111111111223334444444443322111111123344444444444321111111111111113444444445544444311111111

5555555555555555555555554444444444444443322233444444444444444444444444444444444444444444444455555555
5555555555555555555554444444444444444322222223444444444444444444444444444444444444444444444444555555
5555555555555555544444444444444444432222112223344444444444444444444444444444444444444444444444455555
5555555555555544444444444444444433221111111222344444444444444444444444444444444444433333344444445555
5555555555554444444444444444433221111111111122344444444444444444444444444444444443222222223444444555
5555555555444444444444444322211111111111111122344444444444444444444444444444444322211111112344444455
5555555544444444444322211111111111111111111112334444444444444444444444444444433222111111111234444455
5555554444444432211111111111111111111111111112234444444444444444444444444443332221111111111234444445
5555444444421111111111111111111111111111111111223444444444444444444444444433322211111111111234444445
5544444421111111111111111111111111111111111111122334444444444444444444433332222211111111112234444445

1111112222333333333333444444444444455555544444433211111111111112345555555555555555555555555555555554
1111112223333333333444444344444444444444444332111111111111111111111245555555555555555555555555555542
1111122233333333444444433333333444444443332111111111111111111111111111355555555555555555555555555411
1111122333333344444444433333333333333332111111111111111111111111111111112555555555555555555555542111
1111222333333444444444333333333332222111111111111111111111111111111111111114555555555555555554211111
1111222333334444444443333332222211111111111111111111111111111111111111111111124555555555554311111111
1111223333334444444433333322111111111111111111111111111111111111111111111111111112344443111111111111
1111223333334444444333332221111111111111111111111111111111111111111111111111111111111111111111111111
1111222333333444433333322111111111111111111111111111111111111111111111111111111111111111111111111111
1111222333333333333333221111111111111111111111111111111111111111111111111111111111111111111111111111

5555555555555555544444444445555555555555555555555555555555555555555555555555555555555555555555555555
5555555555444444444444444444444444444444444445555555555555555555555555555555444444444444555555555555
4444444444444432211111111122344444444444444444444455555555555555555555444444444444444444444455555555
1122233222211111111111111111111111122222222234444444445555555555444444444444444322222344444444555555
1111111111111111111111111111111111111111111112244444444444444444444444444322111111111111223444445555
1111111111111111111111111111111111111111111111122444444444444444444442221111111111111111111124444455
1111111111111111111111111111111111111111111111112244444444444444432211111111111111111111111111244445
1111111111111111111111111111111111111111111111111234444444444442221111111111111161111111111111112444
1111111111111161111111111111111111111111111111111224444444443222111111111111111111111111111111111124
1111111111111111111111111111111111111111111111112234444444432211111111111111111111111111111111111111

1111111111111222233333334444444444444444444455555555555555555555555555555555555555555555555554444444
1111111112223333334444444444444444444444444445555555555555555555555555555555555555555555544444444444
1111111222333344444444444444444444444444444444455555555555555555555555555555555555554444444444444443
1111122333344444444444444444444444444444444444445555555555555555555555555555555554444444444444444433
1111233333444444444444444444444444444444444444444455555555555555555555555555544444444444444444444333
1122333333444444444444444444444444444444444444444445555555555555555555554444444444444444444333333333
1233333333334444444444444444444444444444444444444444555555555555555555444444444444444433333333334444
2333444333333344444444444444444444444444444444444444555555555555555544444444444444444333333333444444
3344443333333334444444444444444444444444444444444444555555555555555444444444444444443333333344444444
3444433332223333444444444444444444444444444444444444555555555555554444444444444444444333334444444444

4444555555555555555555555555555555555555555555555555555555555555555555555555554444311111111111111111
1111111134455555555555555555555555555555555555444444445555555555555555555555544444432111111111111111
1111111111112455555555555555555555555555554444432222344444444455555555555555444444444431111111111111
1111111111111112445555555555555555555555444421111111111123444444445555555555555544444444442116111111
1111111111111111114455555555555555555544443111111111111111234444444555555555555555555555544431111111
1111111111111111111144455555555555555444442111111111111111244444445555555555555555555555555544411111
1111111111111111111114444555555555555444444321111111111123444444555555555555555555555555555555544111
1111111111111111111111444455555555555555444444322222224444444555555555555555555555555555555555555441
1111111111111111111111444555555555555555555544444444444445555555555555555555555555555555555555555554
1111111111111111111111444555555555555555555555555555555555555555555555555555555555555555555555555555

4444444444444455555555555555555555555555555544444444444444444444444444444444444432111111113344444455
1123444444444444444444444444444444444444444444444444444443333333333344444444332111111111111134444445
1111112344444444444444444444444444444444444444444444332111111111111112233332211111111111111113444444
1111111111123333444444444444444444444444444444443321111111111111111111111111111111111111111111344444
1111111111111111111122333333333333344443333333322111111111111111111111111111111111111111111111344444
1111111111111111111111111111122222233333333332211111111111111111111111111111111111111111111112344444
1111111111111111111111111111111112222233333333322111111111111111111123333333211111111111111123444444
1111111111111111111111111111111222333333344444433333322211112233334444444444433321111111112344444444
1111111111111111111111111112233334444444444444444444444444444444444444444444444444433333444444444444
1111161111111111111111123334444444444444444444444444444444444444444444444444444444444444444444444444

5555555555555555555555555555555555554444444444444444555555555555555555555555555555555555555555555555
5555555555555555555555555555555555444443222222234444445555555555555555555555555555555555555555555555
5555555555555555555555555555555544444322221122222334444445555555555555555555555555555555555555555555
5555555555555555555555555555554444443222111111122223444444455555555555555555555555555555555555555555
5555555555555555555555555554444444432221111111112222334444444555555555555555555555555555555555555555
5555555555555555555554444444444444432221111111112222233444444444555555555555555555555555555555555555
5555555555555444444444444444444444332221111111112222223344444444444444444444444444555555555555555555
5555544444444444444444444444444444332222111111122222223344444444444444444444444444444445555555555555
4444444333222222222222233333444443332222222122222222223334444444444444444333222222233444444555555555
3222221111111111111122222222333333332222222222222222233333444444444433322222211111112222234444445555

1111111111111111111111111111111111111111111111111111111111111111111111111123444455555555555555555555
1111111111111111111111111111111111111111111111111111111111111111111111111111124445555555555555555555
1111111111111111111111111111111111111111111122211111111111111111111111111111111244455555555555555555
1111111111112334333221111111111111111112233444332211111111111111111111111111111113444555555555555555
1111111244445555544444444442211111122344444444444322111111111111111111111111111111244455555555555555
1111144555555555555555554444444444444444444444444443211111111111111111111111111111124445555555555555
1114555555555555555555555555544444444444444444444444321111111111111111111111111111112444555555555555
1455555555555555555555555555555555555555555544444444443211111111111111111111111111111244455555555555
4555555555555555555555555555555555555555555555544444444321111111111111111111111111111144455555555555
5555555555555555555555555555555555555555555555555544444443211111111111111111111111111134445555555555

1111111111111111111111111111111111111111111111111111111124455555555555555555555555555555555555555555
1122222111111111111111111111111111111111111111111111111111345555555555555555555555555555555555555555
2233322211111111111111111111111111111111111111111111111111114455555555555555555555555555555555555555
3333333221111111111111111111111111111111111111111111111111111345555555555555555555555555555555555555
3333333322111111111111111111111111111111111111111111111111111134555555555555555555555555555555555555
3333333332211111111111111111111111111111111111111111111111111113455555555555555555555555555555555555
4444433333221111111111111111111111111111111111111111111111111111345555555555555555555555555555555555
4444444333332221111111222222221111111111111111111111111111111111134555555555555555555555555555555555
4444444443333332222223333333333222111111111111111111111111111111123455555555555555555555555555555555
4444444444433333333333333333333333332211111111111111111111111111113445555555555555555555555555555555

2333221111111111111111111223333221111111611111111111111111111111111111111111111111111111111111111111
3333333221111111111111123333333333321111111111111111111111111111111111111111111111111111111111111111
3333333332111111111112333333344333333221111111111111111111111111111111111111111111111111111111111111
4444433333221111111223333344444444433333221111111111111111111111111111111111111111111111111111123333
4444443333322111122333333444444444444333333211111111111111111111111111111111111111111111123334444444
4444444433333222223333344444444444444443333333221111111111111122222333322221111111223333344444455555
4444444443333333333333444444444444444444433333333222222222223333333333333333333333333444444455555555
4444444444333333333334444444444444444444444333333333333333333333333333333333333334444444455555555555
4444444444433333333344444444444444444444444443333333333333333333333333333333344444444445555555555555
4444444444444333333444444444444444444444444444433333333333333333333344444444444444444455555555555555

4332211223444444555555555555555555555555555555555555554444444444444444444444444443321111111123444555
1111111111111344444455555555555555555555555555555444444444433332222222222222111111111111111111112445
1111111111111111234444445555555555555555555554444444432211111111111111111111111111111111111111111114
1111111111116111111234444444555555555555544444444321111111111111111111111111111111111111111111111111
1111111111111111111111234444444444444444444444321111111111111111111111111111111111111111111111111111
1111111111111111111111112344444444444444444433211111111111111111111111111111111111111111111111111111
1111111111111111111111111234444444444444444332111111111111111111111111111111111111111111111111111111
1111111111111111161111111123444444444444444332211111111111111111111111111111111111111111111111111111
1111111111111111111111111233444444444444444443332222111111222223333333333321111111111111111111111111
1111111111111111111111112334444444444444444444444444444444444444444444444444432111111111111111111111

5555555555555555555555555555444432111111111111111111111111111111111111111111111111111111111111111111
5555555555555555555555555555444432111111111111111111111111111111111111111111111111111111111111111111
5555555555555555555555555554444432111111111111111111611111111111111111111111111111111111111111111111
5555555555555555555555555554444432111111111111111111111111111111111111111111111111111111111111111111
5555555555555555555555555544444432111111111111111111111111111111111111111111111222344444432111111111
5555555555555555555555555444444432111111111111111111111111111111111111112233444444444444444444211111
5555555555555555555555555444444322111111111111111111111111111112222233444444444444444444444444442111
5555555555555555555555554444444322111111112222222222222222233333444444444444444444444555554444444311
5555555555555555555555544444443221111111122222233333333444444444444444444444444444555555555554444421
5555555555555555555555444444432211111111112222333344444444444444444444444444444444555555555555444441

1111111111111122333344444444444444444333332221111111111111111111111111111161111222233333334444444444
1111111111111223333444444444444444443333322211111111111111111111111111111111111122223333333344444444
1111111111122233334444444444444444333332221111111111111111111111111111111111111112222333333333444444
1111111111223333344444444444444443333322211111111111111111111111111111111111111112222233333333334444
1111111112233333444444444444444433332221111111111111111111111111111111111111111112222233333333333444
1111111222333344444444444444443333322111111111111111111111111111111111111111111112222233333333333344
1111112223333444444444444444433332221111111111111111111111111111111111111111111112222233333333333333
1111222333334444444444444443333322211111111111111111111111111111111111111111611112222333333333333333
1122233333344444444444444433333221111111111111111111111111111111111111111111111122223333333333333344
2223333333444444444444444333332211111111111111111111111111111111111111111111111222233333333333344444

5555555555555555555555555555555555555555544444444444555555555555555555555555555555555555555555555555
5555555444444444444555555555555555555544444443333334445555555555555555555555555555555555555555555555
5555544444444444444445555555555555554444444433222223444555555555555555555555555555555555555555555555
5554444433333333444444555555555555554444444433222222344455555555555555555555555555555555555555555555
5544443322222223344444455555555555554444444433322223344455555555555555555555555555555555555555555555
5444432222222222334444455555555555555554444444433333344455555555555555555555555555555555555555555555
4443322222222222233444455555555555555555554444444444444455555555555555555555555555555555555555555555
4443222211111222233444455555555555555555555555444444444555555555555555555555555555555555555555555555
4432222111111222234444555555555555555555555555555555555555555555555555555555555555555555555555555555
4322221111111222234445555555555555555555555555555555555555555555555555555555555555555555555555555555

1111111111111111111111111111111111111111111111111123444444444444444444444444444444444444444444444443
1111111111111111111111111111111111111111111111111223344444444444444444444444444333333222233333333322
1111111111111111111111111111111111111111111111111233344444444444443333333332222221111111111111222111
1111111111111111111111111111111111111111111111122333444444433333333222222211111111111111111111111111
1111111111111111111111111111111111111111111111233344444444333332222221111111111111111111111111111111
1111111111111111111111111111111111111111111122344444444444333322221111111111111111111111111111111111
1122221111111111111111111111111111111111112334444444444444433322221111111111111111111111111111111111
4455544444444321111111111111111111111111233444444444444444443332221111111111111111111111111111111111
5555555555555444444321111111111111111123444444444444444444444333222111111111111111111111111111111111
5555555555555555554444444332222222334444444444444444444444444433322221111111111111111111111111111111

1111111111111111111111111111113455555555555555555555555555555555555555555444444444444455555555555555
1111111111111111111111111111111244455555555555555555555555555555555444321111111111111111224444445555
1111111111111111111111111111111112444555555555555555555555555554443211111111111111111111111111111111
1111111111111111111111111111111111234445555555555555555554444442211111111111111111111111111111111111
1111111111111111111111111111111111123444444444444444444444322111111111111111111111111111111111111111
1111111111111111111111111111111111122344444444444444432221111111111111111111111111111111111111111111
1111111111111111111111111111111111223444444444444332222111111111111111111111111111111111111111111111
1111111111111111111111111111111122344444444444444332221111111111111111111111111111111111111111111111
1111111111111111111111111111122444444444444444444443322221111111111111111111111111111111111111111111
1111111111111111111111111123444445555555555555444444444433222211111111111111111111111111111111111111

1112222333344444444444444444444444444444444445555555555555555555555555555555554443332221111111111111
2222333334444444444444444444444444444444444444445555555555555555555555555555443321111111111111111111
3333333444444444444444444444444444444444444444444444555555555555555555555443321111111111111111111111
3334444444444444555555554444444444444444444444444444444445555555555555444321111111111111111112111111
4444444444444455555555555544444444444444444444444444444444444444444444321111111111111111111122232222
4444444444445555555555555555444444444444444444444444444444444444333221111111111111111111111223334443
4444444444555555555555555555444444444444444444444444443333333322211111111111111111111111111223444444
5455555555555555555555555555544444444444444444444444333333222111111111111111111111111111111133444555
5555555555555555555555555555555444444444444444444444333322211111111111111111111111111111111134445555
5555555555555555555555555555555544444444444444444444333221111111111111111111111111111111111124445555

1111111111111111111111111111111111111111111111111111111111111111111111111111244444444455555555555555
1111111111111111111111111111111111111111111111111111111111111111111111111111123444444444555555554444
1111111111111111111111111111111111111111111111111111111111111111111111111111112344444444444444444444
1111111111111111111111111111111111111111111111111111111111111111111111111111111234444444444444444421
1111111111111111111111111111111111111111111111111111111111111111111111111111111123444444444444321111
1111111111111111111111111111111111111111111111111111111111111111111111111111111112234444444321111111
1111111111111111111111111111111111111111111111111111111111111111111111111111111111122333221111111111
1111111111111111111111111111111111111111111111111111111111111111111111111111111111111111111111111111
1111111111111111111111111111111111111111111111111111111111111111111111111111111111111111111111111111
1111111111111111111111111111111111111111111111111111111111111111111111111111111111111111111111111111

4455555555555555555555554444442221111224444555555555555555555555555555554444443222222223444555555555
4455555555555444444444442221111111111111124445555555555555555555555444432211111111111111124445555555
4444555544444444442222111111111111111111111244445555555555555444443221111111111111111111111234445555
4444444444444322221111111111111111111111111112444444444444444422111111111111111111111111111112244444
4444444444443221111111111111111111111111111111234444444444222111111111111111111111111111111111112234
4444444444442221111111111111111111111111111111122234432222111111111111111111111111111111111111111111
5555554444443221111111111111111111111111111111112222222211111111111111111111111111111111111111111111
5555555544444422111111111111111111111111111111112222221111111111111111111111111111111111111111111111
5555555555444443221111111111111111111111111111122222211111111111111111111111111111111111111111111111
5555555555555444442211111111111111111111111111222222221111111111111111111111111111111111111111111111

4444444444444444444444445555555555555555555555555555555555555555555555555555555554444444444444455555
4444444444444444444444444444444445555555555555555555555555555555555555555555444444444443333344444555
4444444444444444444444444444444444444444444444444444444444444444444444444444444444444331111112444455
4444444444444433333333444444444444444444444444444444444444444444444444444444444444443311111111134445
4444444444433322222222233333344444444444444444444444444444444444444444444444444444443211111111124444
4444444444333211111111111122233333333333333223333333334444444444444444444444444444443311111111123444
4444444443332111111111111111111111111111111111111112223333344444444444444444444444444331111111134444
4444444444332211111111111111111111111111111111111111112233333444444444444444444444444443221112334444
4444444444433322111111111111111111111111111111111111111233333444444444444444444444444444433334444444
4444444444444333322222222222222211111111111111111111122333344444444444444444444444444444444444444444

5555555555555555555555555555555555555555555555555555555555555555555555555555555555555555555555555555
5555555555555555555555555444555555555555555555555555555555555555555555555555555555555555555555555555
5555555555555555555554444444445555555555555555555555555555555555555555555555555555555555555555555555
5555555555555555554444444444444455555555555555555555555555555555555555555555555555555555555555555555
5555555555555554444444311113444445555555555555555555555555555555555555555555544444445555555554444444
5555555555444444442111111111344444455555555555555555555555555555555555544444444444444444444444444444
5555554444442111111111111111144444444555555555555555555555555555555444444444444444444444444444444311
5554444111111111111111111111134444444444555555555555555555555554444444442111111111111111111111111111
5443111116111111111111111111114444444444444444455555555444444444444421111111111111111111111111111111
4111111111111111111111111111112444444444444444444444444444444444311111111111111111111111111111111111

5555555555555555555555555444444444443333333333222233333333444444444444444444444444444444444444555555
5555555555555555555555444444433322222222222211111111222222222233334444444444333333222222222334445555
5555555555555555554444444433222211111111111111111111111111111112222222222222222222221111111223444555
5555555555555554444444433222111111111111111111111111111111111111111111111111111111111111111111234445
4455555555554444444433222111111111116111111111111111111111111111111111111111111111111111111111112344
3444444444444444433222111111111111111111111111111111111111111111111111111111111111111111111111111122
1222233444444433222211111111111111111111111111111111111111111111111111111111111111111111111111111111
1111112222222222211111111111111111111111111111111111111111111111111111111111111111111111111111111111
1111111111111111111111111111111111111111111111111111111111111111111111111111111111111111111111111111
1111111111111111111611111111111111111111111111111111111111111111111111111111111111111111111111111111

1111111111111111111111111111111111111111111111111111111111111111111111111111111111111111111111111111
1111111111111111111111111111111111111111111111111111111111111111111111111111111111111111111111111111
1111111111111111111111111111111111111111111111111111111111111111111111111111111111111111111111111111
1111111111111111111111111111111111111111111111111111111111111111111111111111111111111111111111111111
2222111111111111111111111111111111111111111111111111111111111111111111111111111111111111111111111111
3332222222111111111111111111111111111111111111111111111111111111111111111111111111111111111111111111
3333333222222222211122222222221111111111111111111111111111111111111111111111111111111111111114555555
4443333333222222222222222222222222111111111111111111111111111111111111111111111111111111113555555555
4444443333333222222222222222222222211111111111222222221111111111111111111111111111111123555555555555
5444444333333332222222222222222222221111111112222222222222211111111111111223344555555555555555555555

5555555555444333334444444444444444443322111111111111111111111111111111111111111111111134445555555555
5555555544311111111234444444444433221111111111161111111111611111111111111111111111111111113445555555
5555555431111111111123334444433332111111111611111111111111111111111111111111111111111111111113445555
5555544211611111111112333344333322111111116111111111111111111111111111111111111111111111111111114455
5555542111111116111112334444443332111111111111111111111111111111111111111111111111111111111111111134
5555431111111111111133444444444443321111111111111111111111111111111111111111111111111111111111111111
5554411111111111112344444444444444443321111111111111111111111111111111111111111111111111111111111111
5554311111111111123444444444444444444443321111111611111111111111111111111111111111111111111111111111
5544311111111111344444445555555555444444444321111111111111111111111111111111111111111111111111111111
5544311111111124444455555555555555555555444444433211111111111111111111111111111111111111111111111111

5555555555555555443111111223344444444445555555555555555555555555555555555555555555555555555555555555
5555555555555554432111111112233344444444444444455555555555555555444444444555555555555555555555555555
5555555555555544432111111112223333333444444444444444555555554444444444444444455555555555555555555555
5555555555555544433211111122233333333333333333334444444444444444333333333444444444555555555555555555
5555555555555544443322222333333333333333322222223334444444444433221111122334444444444444445555555555
5555555555555554444443333444444444333333322211111223334444443332111111111223344444444444444444445555
5555555555555555444444444444444444444433332221111122333333333322111111111122333444444444444444444555
5555555555555555554444444444444444444444433322111122333333333322111111111112333344444444444444444555
5555555555555555555555555555555554444444444333222223333333333332211111111122333344444444444444444555
5555555555555555555555555555555555555544444444333333344444444333322211112223333444444444444444455555

5555555555555555555555555555555555555555555555554444444433333333222222233333333444444445554444433211
5555555555545555555555555555555555555555444444444443333333222211111111122222333333444444444444332111
5555555444444444444444444444444444444444444444333333332221111111111111111112222333333344444433321111
5555544444444444444444444333333333333333333333333222211111111111111111111111112222333333333333221111
5555444443333333334433333333333333333333333332222111111111111111111111111111111122223333333332211111
5555444333333333333333332222211222222222222221111111111111111111111111111111111112222333333322111111
5554444333333333333332221111111111111111111111111111111111111111111111111111111112222233333322111111
5554443333332222222222111111111111111111111111111111111111111111111111111111111222222333333322111111
5544443333322222222111111111111111111111111111111111111111111111111111222222222222223333333322111111
5544443333222222211111111111111111111111111111111111111111111111112222223333333333333333333332211111

1111111111111111112233333444444555555555555555554444443333221111111111111111111112233333444444444444
1111111111111111111111223333344444444444444444444443333322111111111111111111111111223333444444444444
1111111111111111111111111122333333344444444444333333322111111111111111111111111111233334444445555554
1111111111111111111111111111112223333333333333333332211111111111111111111111111112233344444555555555
1111111111111111111111111111111111112222222222222221111111111111111111111111111122333444445555555555
1111111111111111111111111111111111111111111111111111111111111111111111111111111223334444555555555555
1111111111111111111111111111111111111111111111111111111111111111111111111111122333344445555555555555
1111111111111111111111111111111111111111111111111111111111111111111111111122333334444555555555555555
2211111111111111111111111111111111111111111111111111111111111111111122223333334444455555555555555555
3333322221111111111111111111111111111111111111112222223333333333333333333344444445555555555555555555

1111111111111111111111111111111111111111111111111111111111111111111111111111111111111111111111113445
1111111111111111111111111111111111111111111111111111111111111111111111111111111111111111111111124445
1111111111111111111111111111111111111111111111111111111111111111111111111111111116111111111111234445
1111111111111111111111111111111111111111111111111111111111111111111111111111111111111111111111244455
1111111111111111111111111111111111111111111111111111111111111111111111111111111111111111111122344455
1111111111111111111111111112222222111111111111111111111111111111111111111111111111111111111223444455
1111111111111111111111122222333222211111111111111111111111111116111111122222111111111111112234444455
1111111111111111111112223333333322211111111161111111111111111111111111112222111111111111112234444445
1111111111111111111122333444433322211111111111111111111111111111111111111111111111111111112234444445
1111111111111111111222333333332221111111111111111111111111111111111111111111111111111111112233444444

1111111111111111111111111111111111111111111111111111111111111111111111123333333333333321111111111111
1111111111111111133333221111111123333333333333333333332211111122333333344444444444444333311111111111
1111111111111344444444444443334444444444444444444444444333333333344444444444444444444443332111111111
1111111111134444444444444444444444444444444444444444444444444444444444444444444444444443332111111111
1111116113444444444444444444444444444444444444444444444444444444444444444444444444444443332111111111
1111111134444444444444444444444444444444444444444444444444444444444444444444444444444433321111111111
1111111344444444444444444444444444444444444444444444444444444444444444444444444444444333111111111111
1111113444444444444444444444444444444444444444444444444444443333334444444444444443333211111111111111
1111113444444444444444444444333334444444444444444444333333333333333333333333333332111111111111111111
1161124444444444444444443332211112233333333333333322111111111111111111111111111111111111111111111111

4444443333332111111111111111111161111111111111111111111111111111111111111111111111111111111111111111
4444444444433333211111111161111111111122322111111111111111111111111111111111111111111111111111111111
4444444444444444333211111111111111111233333321111111111111111111111111111111111111111111111111111111
4444444444444444443332111111111111112333333332111111111111111111111111111111111111111111111111111111
5444444444444444444433321111111111112333333333211111111111111611111111111111111111111161111111112333
5544444444444444444443333211111111122333333333211111111111111111111111111111111111111111111112333444
5554444444444444444444433321111111122333333333221111111111111111111111111111111111111111111233344444
5555444444444444444444433332111111112333333333211111111111111111111111111111111111111111112333444444
5555544444444444444444443333211111112223333322211111111111111111111111111111111111111111233334444444
5555544444444444444444444333321111111122222221111111111111111111111111111111111111111122333344444445

1111111111111111111111111111111111125555555555554111111111111111111111111111111111222333344443333332
1111111111111111111111111111111111111455555555421111111111111111111111111111111111122222333222222221
1111111111111111111111111111111111111134555542111111111111111111111111111111111111112222222222211111
1111111111111111111111111111111111111111111111111111111111111111111111111111111111111122222111111111
1111111111111111111111111111111111111111111111111111111111111111111111111111111111111111111111111111
1111111111111111111111111111111111111111111111111111111111111111111111111111111111111111111111111111
1111111111111111111111111111111111111111111111111111111111111111111111111111111111111111111111111111
1111111111111111111111111111111111111111111111111111111111111111111111111111111111111111111111111111
1111111111111111111111111111111111111111111111111111111111111111111111111111111111111111111111111111
1111111111111111111111111111111111111111111111111111111111111111111111111111111111111111111111111111

1111111111111111111111111112344444444444444444444444444444444444333222222111111112222233344444444444
1111111111111111111111111111112344444444444444444444444444443332221111111111111111111111111222233444
1111111111111111111111111111111111223333333333333344444433332221111111111111111111111111111111111111
1111111111111111111111111111111111111111111112222333333333221111111111111111111111111111111111111111
1111111111111111111111111111111111111111111111112223333322211111111111111111111111111111111111111111
1111111111111111111111111111111111111111111111111222222222111111111111111111111111111111111111111111
1111111111111111111111111111111111111111111111111122222221111111111111111111111111111111111111111111
1111111111111111111111111111111111111111111111111112222211111111111111111111111111111111111111111111
1111111111111111111111111111111111111111111111111111111111111111111111111111111111111111111111111111
1111111111111111111111111111111111111111111111111111111111111111111111111111111111111111111111111111

5555555555555555555555555555555544444444444443211111111111111111111111111111111111111111111111111111
4444444555555555555555555544443211111111111111111111111111111111111111111111111111111111111111111111
1111111123444444444444443311111111111111111111111111111111111111111111111111111111111111111111111111
1111111111111111222211111111111111111111111111111111111111111111111111111111111111111111111111111111
1111111111111111111111111111111111111111111111111111111111111111111111111111111111111111111111111111
1111111111111111111111111111111111111111111111111111111111111111111111111111111111111111111111111111
1111111111111111111111111111111111111111111111111111111111111111111111111111111111111111111111111111
1111111111111111111111111111111111111111111111111111111111111111111111111111111111111111111111111111
1111111111111111111111111111111111111111111111111112334444443111111111111111111111111111111111111111
1111111111111111111111111111111111111111111111123444444555554441111111111111111111111111111111111111

5555555555555555555555555555555555555555555555555555555555555555554411111111111111113444555555555555
5555555555555555555555555555555555555555555555555555555555555555441111111111111111111123444555555555
5555555555555555555555555555555555555555555555555555555555555544111111111111111111111111134445555555
5555555555555555554444444444444444444444455555555555555555544411111111111111111111111111111344455555
5555555555544444433311111111111111111111133444444555554444431111111111111111111111111111111133444555
5555555444443311111111111111111111111111111111123344444332111111111111111111111111111111111112344455
5554444433111111111111111111111111111111111111111111111111111111111111111111111111111111111111234445
5444443211111111111111111111111111111111111111111111111111111111111111111111111111111111111111134444
4444321111111111111111111111111111111111111111111111111111111111111111111111111111111111111111133444
4443211111111111111111111111111111111111111111111111111111111111111111111111111111111111111111234444

1111111111111111111111111111111111111111111111111111111111111111111111111111111111111111111111111111
1111111111111111111111111111111111111111111111111111111111111111111111111111111111111111111111111111
1111111111111111111111111111111111111111111111111111111111111111111111111111111111111111111111111111
1111111111111111111111111111111111111111111111111111111111111111111111111111111111111111111111111111
1111111111111111111111111111111111111111111111111111111111111111111111111111111111111111111111111111
1111111111111111111111111111111111111111111111111111111111111111111111111111111111111111111111111111
1111111111111111111111111111111111111111111111111111111111111111111111111111111111111111111111111111
1111111111111111111111111111111111111111111111111111111111111122211111111111111111111111111111111111
1111111111111111111111111111111111111111111111111111111112344444444443322111111111111111111111111111
1111111111111111111111111111111111111111111111111111123444444444444444444444432211111111111111111111