1111111111111111111111111111111111111111111111111111111111111111111111111111111111111111111111111111
1111111111111111111111111111111112232111111111111111111111111111111111111111111111111111111111111111
1111111111111111111111111111112344444442111111111111111111111111111111111111111111111111111111111111
1111111111111111111111111122334444444444432111111111111111111111111111111111111111111111111111111111
1111111111111111112344444444444445555544444332111111111111111111111111111111111111111111111111111111
1111111111111112444555554444444555555555444444332111111111111111111111111111111111111111111111111111
1111111111112445555555555555555555555555554444444332211111111111111111111111111111111111111111111111
1111111111244555555555555555555555555555555544444444433221111111111111111111111111111222222211111111
1111111124455555555555555555555555555555555555444444444433322221111111111111111112222233333322211111
1111111344555555555555555555555555555555555555554444444444444333222222222222222222333334444333221111

1111111111111111111111111111111111111111112344332111111111111111111111111111111111111111111611111111
1111111111111111111111111111111111244444444444444444421111111111111111111111111344444444444311111111
1111111111111111111111134444444444555555555555555554444411111111111111111112444445555555555444444111
1111111111111112444555555555555555555555555555555555544444211111111111111244445555555555555555555444
1111111111114455555555555555555555555555555555555555555444442111111111124444555555555555555555555555
1111111111455555555555555555555555555555555555555555555544444311111111344445555555555555555555555555
1111111145555555555555555555555555555555555555555555555554444432111124444455555555555555555555555555
1111112455555555555555555555555555555555555555555555555554444443322344444555555555555555555555555555
1111145555555555555555555555555555555555555555555555555554444444333344444555555555555555555555555555
1111455555555555555555555555555555555555555555555555555544444444333444444555555555555555555555555555

5555555555555555555555555555555555555555555555555555555555555555555555555555555555555555555555554431
5555555555555555555555555555555555555555555555555555555555555555555555555555555555555555555554431111
5555555555555555555555555555555555555555555555555555555555555555555555555555555555555555554443111111
4555555555555555555555555555555555555555555555555555555555555554444444444555555555555544444311111111
4444444455555555555555555555555555555555555555555555555555444444444333444444444444444444331111111111
3334444444444555555555555555555555555555555555555555555444444433211111112223333333333333211111111111
1112333444444444455555555555555555544444444455555555554444443321111111111111122233333332111111111111
1111112333444444444445555555555555444444444455555555544444443321111111111111222333333333311111111111
1111111123344444444444555555555555555555555555555555555444444433322211222333333444444444433111111111
1111111112334444444444555555555555555555555555555555555555444444444444444444444444444444444431111111

1111111111111111113444444444444444311111111111111111111111111111233444444444444444444445555555555555
1111111611111112444444455555544444444311111111111111111111111133444444444444444444444444455555555555
1111111111112344444455555555555544444443111111111111111111112334444444444443332111123344444555555555
1111111123344444444555555555555554444444321111111111111111123334444444433211111111111111134445555555
1123333444444444445555555555555554444444321111111111111111111223333332111111111111111111111144455555
4444444444444444445555555555555544444444311111111111111111111111111111111111111111111111111111344555
4444444444444444444455555555554444444431111111111111111111111111111111111111111111111111111111112445
4444444444444444444444444444444444432111111111111111111111111111116111111111111111111111111111111114
3333211111111123344444444444444431111111111111111111111111111111111111111111111111111111111111111111
1111111111111111111111111111111111161111111111111111111111111111111111111111111111111111111111111111

4444444333333333221111111111111111111111111111111111111111111116555555555555555555555554444444444455
3333333333444443332111111111111111111111111111111111111111111114555555555555555555555554444444444455
2222223333334444332111111111111111111111111111111111111111111145555555555555555555555554444444444445
1111111112233333322111111111111111111111111111111111111111111255555555555555555555555544444444444444
1111111111111111111111111111111111111111111111123321111111111455555555555555555555555444443344444444
1111111111111111111111111111111111111111111111124443211611114555555555555555555555554443332233344444
1111111111111111111111111111111111111111111111113444321111124555555555555555555555444321111111233344
1111111111111111111111111111111111111111111111111122211111114455555555555555555444321111111111111123
1111111111111111111111111111111111111111111111111111111111111345555555555555444211111111111111111111
1111111111111111111111111111111111111111111111111111111111111113445555555443111111111111111111111111

5555555555555555555555555555555555555555555555555555555555555555555555544444444421111111111111111111
5555554444444444455555555555555555555555555555555555555555555555545444444444444431111111111111111111
5544441111111111344444444444444444444444444545555554544444444444444444444444444431111111111111111111
4411111111111111111111111234444444444444444444444444444444444444444444444444444321111111111161111111
1111111111111111111111111111111111111111111111111111122222223344444444444444432111111111111111111111
1111111111111111111111111111111111161111111111111111111111111111123444443221111111111111111111111111
1111111111111111111111111111111111111111111111111111111111111111111111111111111111111111111111111111
1111111111111111111111111111111111111111111111111111111111111111111111111111111111111111111111111111
1111111111111111111111111111111111111111111111111111111111111111111111111111111111111111111111111111
1111111111111111111111111111111111111111111111111111111111111111111111111111111111111111111111111111

4455554443111111111111111111111111111111111111111111111111111111111111111111111111111111111111112344
5555555555441111111111111111111111111111111111111111111111111111111111111111111111111111111111112444
5555555555554311111111111111111111111111111111111111111111111111111111111111111111111111111111112344
5555555555555441111111111111111111111111111111111111111111111111111111111111234444443211111111112334
5555555555555554311111111111111111111111111113455555555544211111111112344555555555554442111111111223
5555555555555555442111111111111111111111455555555555555555555555555555555555555555555544321111111111
5555555555555555554443221111111111124555555555555555555555555555555555555555555555555554432111111111
5555555555555555555555555555444455555555555555555555555555555555555555555555555555555555443111111111
5555555555555555555555555555555555555555555555555555555555555555555555555555555555555555544311111111
5555555555555555555555555555555555555555555555555555555555555555555555555555555555555555554421111111

1111111111111111111111111111111111111111111111111111111111111111111111111111111111111111111111111111
1111111111111111111111111111111111111111111111111111111111111111111111111111111111111111111111111111
1111111111111111111111111111111111111111111111111111111111111111111111111111111111111111111111111111
1111111111111111111111111111111111111111111111111111111111111111111111111111111111111111111111111111
1111111111111111111111111111111111111111111111111111111111111111111111111111111111111111111111111111
1111111111111111111111111111111111111111111111111111111111111111111111111111111111111111111111111111
1111111111111111111111111111111111111111111111111111111111111111111111111111111111111111111111111111
1111111111111111111111111111111111111111111111111111111111111111111111111111111111111111111111111111
1111111111111111111111111111111111111111111111111111111111111111111111111111111111111111111111111111
1111111111111111111111111111111111111111111111111111111111111111111111111111111111111111111111111111

1111111111111111111111111111111111111111111111111111111111111111222233332221111111111111111111111111
1111111111111111111111111111111111111111111111111111111111112222333333333332211111111111111111111111
1111111111111111111111111111111111111111111111111111112222223333333333333333321111111111111111111111
1111111111111111111111111111111111111111111111111122233333333333333444444333332111111111111111111111
1111111111111111111111111111111111111111111111112333333333333333334444444433332211111111111111111111
1111111111111111111111111111111111111111111111233333333333333333334444444333333221111111111111111111
1111111111111111111111111111111111111111111233334444443333333333333344443333333222111111111111111111
2111111111111111111111111111111111111113334444444444444333333333333333333333333222111111111111111111
4443311111111111111111111111111111234444555554444444444333333333333333333333332222111111111111111111
5555544433111111111111111111123444555555555555554444444333333333333333333332222221111111111111111111

4311111111116611111111113444444444444321111111111111111112344444444455555555555555555555555555555555
4441111111111111111111111123333333211111111111111111111111112344444444444555555555555555555555555555
4444211111111111111111111111111111111111111111111111111111111123444444444444455555555555555555555555
5444431111111111111111111111111111111111111111111111111111111113344444444444444455555555555555555555
5554444111111111111111111111111111111111111111111111111111111334444444444444444444444555555555555555
5555544431111111111111111112333332111111111111111111111113444444444444444444444444444444445555555555
5555554444211111111111113444444444444332111111111113344444444444444444444444444421111111113444455555
5555555544443111111134444444444444444444444444444444444444455555555555444444444311111111111111113444
5555555555444444444444444444444444444444444444444445555555555555555555555544444311111111111111111111
5555555555555544444455555555555555555555555555555555555555555555555555555555444411111111111111111111

1111111111111122333333444444444444444444444444444444444444444444444444444444444555555555555555555555
1111111111122334444444444444444444444444444444444444444444444443211111111111344444555555555555555555
1111111112234444444444444444444444444444444444444444444444432111111111111111111144445555555555555555
1111111112344444444444444444444444444444444444444444444321111111111111111111111111144455555555555555
1111111112344444444444444444444444444444444444444443321111111111111111111111111111111444555555555555
1111111112233444444444444333344444444444444444333211111111111111111111111111111111111113445555555555
1111111111112233333333222222222223333333333222111111111111111111111111111111111111111111114455555555
1111111111111111111111111111111111111111111111111111111111111111111111111111111111111111111144555555
1111111111111111111111111111111111111111111111111111111111111111111111111111111111111111111111444555
1111111111111111111111111111111111111111111111111111111111111111111111111111111111111111111111113445

1111111111111144455555555555555555555555555555553111111111111111111111111111111111111111111111111111
1111111111111113444445555555555555555555555555531111111111111111111111111111111111111111111111111111
1111111111111111111123444445555555555555555555111111111111111111111111111111111111111111111111111111
1111111111111611111111111111114455555555555541111111111111111111111111111111111111111111111111111111
1111111111111111111111111111111111114444431111111111111111111111111111111111111111111111111111111111
1111111111111111111111111111111111111111111111111111111111111111111111111111111111111111111111111111
1111111111111111111111111111111111111111111111111111111111111111211111111111111111111111111111111111
1111111111111111111111111111111111111111111111111111111111111345544411111111111111111111111111111111
1111111111111111111111111111111111111111111111111111111111111455555544111111111111111111111111111111
1111111111111111111111111111111111111111111111111111111111164555555555431611111111111111111111111111

5555555555555555555555555555555555555555555555555555555555555431111111111111111111112344555555555555
5555555555555555555555555555555555555555555555555555555555555544321111111111111123445555555555555555
5555555555555555555555555555555555555555555555555555555555555555443322222223334445555555555555555555
5555555555555555444445555555555555555555555555555555555555555555554444444444555555555555555555555555
5555555555554444444444444555554444445555555555555555555555555555555555555555555555555555555555555555
5555555554444444444444444444444444444455555555555555555555555555555555555555555555555555555555555555
5555555444444443333444444444444444444444555555555555555555555555555555555555555555555555555555555555
5555444444333333333333344444444443344444445555555555555555555555555555555555555555555555555555555555
5544444333322222222223333333333333333334444455555555555555555555555555555555555555555555555555555555
4444433322211111111112222222222222222233334444444555555555555555555555555555555555555555555555555555

4444443322223444444555555555555555554444311111111444455555555555555555555555555555555555555555555555
4431111111111111113444444455554444441111611111111111124444555555555555555555555555555555555555555555
2111111611111111111111234444444311111111111111111111111111344444444444444322123444555555555555555555
1111111111111111111111111111111111111111111111111111111111111111111111111116116111244555555555555555
1111111111111111111111611111111111111111111111111111111111111111111111111111111111111345555555555555
1111111111111111111111111111111111111111111111111111111111111111111111111111111111111112445555555555
3111111111111111111111111111111111111111111111111111111111111111111111111111111111111111134555555555
4421111111111111111111111111111111111111111111111111111111111111111111111111111111111111111445555555
4444311111111111111111166111111111111111111111111111111111111111111111111111111111111111111114455555
5544444311111111111111111111111111111111111111111111111111111111111111111111111111111111111111445555

1111111111111111111111111111111111111111111111111116111111111111111111111111222333333322111111111111
1111111111111111111111111111111111111111111111111111111111111122222211111222333333333333321111111111
1111111111111111111111111111111111111111111111111111111111233333333332222233333333333333332111111111
1111111111111111111111111111111111111111111111111111111233334444444333333333333333333333332111111111
1111111111111111111111111111111111111111111111111111223334444444444433333333333333333333332111111111
1111111111111111111111111111111111111111111111122223333344444444444433332222222223333333321111111111
1111111111111112222222222222222222333333333333333333333444444444444433322111111111122222111111111111
1111111111111112222222222222333333333333333333333333333444444444444333211111111111111111111111111111
1111111111111111111222222222233333333333333333333333333334444444443332111111111111111111111111111111
1111111111111111111111111112222223333333333332222222333333333333333211111111111111111111111111111111

5555555555555555555555555555555555555555555555555555555555555555555555555555555555555555555555555555
5555555555555555555555555555555555555555555555555555555555555555555555555555555555555555555555555555
5555555555555555555555555555555555555555555555555555555555555555555555555555555555555555555555555555
5555555555555555555555555555555555555555555555555555555555555555555555555555555555555555555555555555
5555555555555555555555555555555555555555555555555555555555555555555555555555555555555555555555555555
5555555555555555555555555555555555555555555555555555555555555555555555555555555555555555555555555555
5555555444444444444444455555555555555555555555555555555555555555555555555555555555555555555555555555
5544443211111111223334444555555555555555555555555555555555555555555555555555555555555444445555555555
4321111111111111111112344455555555555555555555555555555555555555555555555555555555554444444455555555
1111111111111111111111234445555555555555555555555555555555555555555555555555555555544444444445555555

1111111111111111111111111111111111111111111111111111111111114445555555555555555555555444444444444444
1111111111111111111111111111111111111111111111111111111111134445555555555555555555554444444433322222
1111111111111111111111111111111111111111111111111111111111134445555555555555555555444444443211111111
1111111111111111111111111111111161111111111111111111111111124444555555555555555544444443211111111111
1111111111111111111111444444444311111111111111111111111111113444445555555555544444444321111111111116
1111111111111111116144455555554444431111111111111111111111111344444444454444444444431111111111111111
1111111111111111111445555555555554444311116111111111111111111113444444444444444331111111111111111111
1111111111111111114455555555555555444431111111111111111111111111112334444333111111111611111111111111
1111111111111111144555555555555555544441111111111111111111111161111111111111111111111111111111111111
1111111111111111344555555555555555544441111111111111111111111111111111666111111111111111111111111111

1111111111111111111111111111111111111111111111111111111124445555555555555555555555555555555555555555
1111111111111111122222111111111111111111111111111111111111124455555555555555555555555555555555555555
1111111111111112222222211111111111111111111111111111111111111144555555555555555555555555555555555555
1111111111111122222222211111111111111111111111111111111111111112455555555555555555555555555555555555
1111111111111222333322211111111111111111111111111111111111111111244555555555555555555555555555555555
1111111111112223333322211111111111111111111111111111111111111111114455555555555555555444211111111111
1111111111112233333322211111111111111111111111111111111111111111111444555555554444211111111111111111
1111111111122233333322211111111111111111111111111111111111111111111124444444421111111111111111111111
1111111111122233333322211111111111111111111111111111111111111111111111111111111111111111111111111111
1111111111122233333322211111111111111111111111111111111111111111111111111111111111111111111111111111

3333332222221111111111111111111111111111111222334444444444444444444444455555555555555555555555555555
4444444444444433222111111111111111111111111112222333344444444444444444444444455555555555555555555555
4444444444444444444332222111111111111111111111122222233333333344444444444444444444444444444444444333
5555555554444444444444443322211111111111111111111222222222222222233334444444444444443321111111111111
5555555555555444444444444443322222111111111111111122222222222222222222333333333221111111111111111111
5555555555555555544444444444444333222222222222222222222222222222222222222222211111111111111111111111
5555555555555555555544444444444444433332222222222222222222222222222222222221111111111111111111111111
5555555555555555555555544444444444444444433333333333333333333333333333322221111111111111111111111111
5555555555555555555555555444444444444444444444444444444444444444444444333222111111111111111111111111
5555555555555555555555555555444444444444444444444444444444444444444444444332111111111111111111111111

5555554411111111111111111111111111111111111111111111111111111111111111111111111111116611111111111111
5555444111111111111111111111111111111111111111111111111111111111111111111111111111111111111111111111
5554442111111111111111111111111111111111111111111111111111111111111111111111111111111111111111111111
5554442111111111111111111111111111111111111111111111111111111111111111111111111111111111111111111111
5554444111111111111111111111111111111111111111111111111111111111111111111111111233443321111111111111
5555544441111111111111111111111111111111111111111111111111111111111111111111234444444443211111111111
5555555544444211111111111111111111111111111111111111111111111111111111111234444444444444432111111111
5555555555555544443111111111111111111111111111111111111111111111112334444444444444444444444321111111
5555555555555555555544443111111111134444444444444443333334444444444444444445555555555544444444322111
5555555555555555555555555555555555555555555555555555555555555555555555555555555555555555554444444444

5555555555555555555555555555555554444444444444444444444444444444555555444444444444444445555555555555
4445555555555555555555555544444444444444444444444444444444444444444444444444444444444444455555555555
4444444555555555444444444444444444444444444443322222222344444444444444444444443322344444445555555555
4444444444444444444444444444444444444443332222211111111223444444444444444443221111112444444555555555
4444444444444444444444444444444444443322222221111111111122344444444444443221111111111234444455555555
1244444444444444444444444444444444332222222211111111111122344444444444322111111111111112444445555555
1112344444444444444444444444444443322222222222111111111122234444444332211111111111111111244444555555
1111122233344444444333333444444333332222222222222111111222233444333221111111111111111111124444455555
1111111111222222222222222333333333333333333333322222222222233333222211111111111111111111112444445555
1111111111111111111122222223333344444444444444443332222222333322221111111111111111111111111244444455

5555555555555555555555555555555555555554311111111111134555555555555555555554444333222222233333333332
5555555555555555555555555555555555555421111111111111113455555555555555555554444433333333334444444444
5555555555555555555555555555555555541111111111111111111345555555555555555555444444333444444444444444
5555555555555555555555555555555543111111111111111111111144555555555555555555444444444444444455555555
5555555555555555443211111111111111111111111111111111111124555555555555555555544444444444445555555555
5555555555555431111111111111111111111111111111111111111113455555555555555555544444444444555555555555
5555555555543111111111111111111111111111111111111111111111345555555555555555544444444455555555555555
5555555554311111111111111111111111111111111111111111111111134555555555555555544444444555555555555555
5555555442111111111111111111111111111111111111111111111111113445555555555555544444445555555555555555
5555554411111111111111111111111111111111111111111111111111111344455555555555444444455555555555555555

5555555555555555555555555555555555555555555555555555555555555555555555544444444444444444444433211111
5555555555555555555555555555555555555555555555555555555555555555555544444444444433322222111111111111
5555555555555555555555555555555555555555555555555555555555555555544444444444333322222111111111111111
5555555555555555555555555555555555555555555555555555555555554444444444444444333333332222111111111111
5555555555555555555555555555555555555555555444444444444444444444444444444444444444444444433221111111
5555555554444444445555555555555555544444444444444444444444444444444444444444444444444444444444321111
5555444311111112444444444444444444444444444444444444444444444444444444444444444444444444444444444311
5544111111111111111113444444444444444444444444444444444444444455555555555555555555555555555544444444
5411111111111111111111123444444444444444444444444444444555555555555555555555555555555555555555555444
4111111111111111111111113444444444444444444444444455555555555555555555555555555555555555555555555555

5555555555544444444443221111111112234444444444444444432111111111111111111111111111111111111111111111
5555555555554444444444444444444444444444444555444444444432111111111111111111111111111111111111111111
5555555555554444444444444444444444444455555555555544444444322111111111111222222222222222111111111111
5555555555555444444444444444444444555555555555555555444444443222222222222223333333333222222111111111
5555555555555544444444444444444455555555555555555555444444444322222223333444444444444333322211111111
5555555555555555555555444444455555555555555555555555544444444332222333444444444444444444332221111111
5555555555555445555555555455555555555555555555555555544444444332223333444444444444444444433221111111
5555555555544444444444444445555555555555555555555555444444443322222233444444444444444444433221111111
5555555555444444444444444444455555555555555555555554444444432222222222334444444444444444332221111111
5555555554444444444444444444444455555555555555555444444444222111111122223333344444444433322221111111

1111111111111111111111111111111111111111111111111111111111111344455555555555555555555555555555555444
1111111111111111111111111111111111111111111111111111111111134445555555555555555555555555555555555554
1111111111111111111111111111111111111111111111111111111112444455555555555555555555555555555555555555
1111111111112344444421111611111111111111111111111111111134445555555555555555555555555555555555555555
1111111111344444444444442111161111111111111111111111113444455555555555555555555555555555555555555555
1111111134445555555555444442111111116161111111111111344444555555555555555555555555555555555555555555
1111111444555555555555555444443111111111111111111234444444555555555555555555555555555555555555555555
1111114445555555555555555554444443322111112222333444444444555555555555555555555555555555555555555555
1111144455555555555555555555544444444444444444444444444444555555555555555555555555555555555555555555
1111344555555555555555555555555444444444444444444444444444445555555555555555555555555555555555555555

1111111222333444444444444444444444444444433333333344444444444444455555555555555555555555555555555555
1111111111222222222222222333444444433322221111111112222223334444444444455555555555555555555444444444
1111111111111111112222222223333333222211111111111111111111122223334444444444444555555554444444444444
1111111111111111111111122222333322221111111111111111111111111111222233444444444444444444444444332222
1111111111111111111111122223333222211111111111111111111111111111111122233444444444444444444433222211
1111111111111111111111122233333322211111111111111111111111111111111111222233344444444444444332221111
1111111111111111111111222333333322211111111111111111111111111111111111112222333344444444443322211111
1111111111111111111111223344444332221111111111111111111111111111111111111122223333444444433322211111
1111111111111111111111223444444433221111111111111111111111111111111111111112222333344444333322211111
1111111111111111111112233444444443322111111111111111111111111111111111111112222233333443333322211111

1111111111111111111111111111111111111111111111111111111111111111111111111111111111111111111111111111
1111111111111111111111111111111111111111111111111111111111111111111111111111111111111111111111111111
1111112333332111111111111111111111111111111111111111111111111111111111111111111111111111111111111111
3334444455555444432111111111111111111111111111111111111111111111111111111111111111111111111111111111
4445555555555555554444321111111111111111111111111111111111111111111111111111111111112222221111111111
5555555555555555555555444443211111111111111111111111111111111111111111122233333344444444443333211111
5555555555555555555555555544443321111111111111111111111111122333344444444444444444444444444444333211
5555555555555555555555555555544433211111111111111111112333444444445555555555555555555555544444444332
5555555555555555555555555555554444332111111111111122334444455555555555555555555555555555555544444433
5555555555555555555555555555555444433211111111122334444455555555555555555555555555555555555555444443

5555555555555555555555555555555555555555555555555554444444444443322222222222223334444444443211111111
4555554444444444444444444444444444444444444444444444444444444322222222222223334444444444444443111111
4444444444444332222222222234444444444444444444444444444444433222222222222333444444444444444444431111
2222222222111111111111111111112222222233344444444444444443322222222222233344444444444444444444444211
1111111111111111111111111111111111111111112222333444444433322222222223334444444444444444555554444431
1111111111111111111111111111111111111111111112222334444444333333333344444444444444444455555555554444
1111111111111111111111111111111111111111111112223344444444444444444444444444444444444555555555555544
1111111111111111111111111111111111111111111122234444444444444444444444444444444444455555555555555555
1111111112222222222211111111111111111111122234444444444444444444444444444444444444555555555555555555
1112234444444444444444444444444443332233344444444444444444444444444444444444444555555555555555555555

1111111111124555555555555555555555555555555555555555555555554444444444444333333333333333333333333333
1111111111144555555555555555555555555555555555555554444444444443333333322222222222222222222111111111
1111111111345555555555555544444444444444444444444444433333322222221111111111111111111111111111111111
1111111111445555555555544443332222222222222222222222211111111111111111111111111111111111111111111111
1111111113455555555555444321111111111111111111111111111161111111111111111111111111111111111111111111
1111111124455555555554432111111111111111111111111111111111111111111111111111111111111111111111111111
1111111244555555555544321111111111111111111111111111111111111111111111111111111111111111111111111111
1111113445555555555443211111111111111111111111111111111111111111111111111111111111111111111111111111
1111234455555555555443111111111111111111111111111111111111111111111111111111111111111111111111111111
1134445555555555555442111111111111111111111111111111111111111111111111111111111111111111111111111111

5555555555555555555555555555555555555555555555555544444444444444444455555555555555555555555555555555
5555555555555555555555555555555555555544444444444444443222111112344444455555555555555555555555555555
5555555444444444455555555544444444444444432222211111111111111111123444444555555555555555555555555555
4444444444444444444444444444444432211111111111111111111111111111112344444445555555555555555555555555
2111222222222222222222222211111111111111111111111111111111111111112244444444555555555555555555555555
1111111111111111111111111111111111111111111111111111111111111111112344444444455555555555555555555555
1111112221111111111111111111111111111111111111111111111111111111123444444444555555555555555555555555
1111223332222111111111111111111111111111111111111111111111111112344444444555555555555555555555555555
1123444444444432222211111111111111111111111111111111111111122344444444555555555555555555555555555555
3444444444444444444444443222211111111111111111111112223444444444445555555555555555555555555555555555

4444444444444444444444444555555555555555555555555555555555555555555555555555555555555555555555554444
4444444444444444444444444444444444444444444455555555555555555555555555444444444444444444444444442111
4444444444444444444444444444444444444444444444444444445555555555554444444421111111111111111111111111
4444322111122233444444444444444444444444444444444444444444444444444444211111111111111111111111111111
4443211111111112223344444444444444444332222222234444444444444444444411111111161111111111111111111111
4443221111112222333444444444444444443211111111111112344444444444444111111111111111111111111111111111
4444444444444444444444444444444444444321111111111111234444444444442111111111111111111111111111111111
4444444444444444444444444444444444444444432211111223344444444444444111111111111111111111111111111111
4444444444444444444444444444444444444444444444444444444444444444444421111111111111111111111111111111
4444444444444444444444444444444444444444444444444444444444444444444444111111111111111111111111111111

5555444444444443333322211111111611111111111111111111121111111111111111111111111111111111111111111112
5555555544444444443333222211111111111111111112222233333333222111111111611111111111111111111111111112
5555555555554444444433332222111111111111222222333333333333333322211111111111111111111111111111111111
5555555555555444444443333222222111111222222333333344444444433333222221111111111111111111111111111111
5555555555555544444443333322222222222222223333333444444444444333322222111111111111111111161111111111
5555555555555444444443333322222221222222222333333444444444444333332222111111111111111111111111111111
5555555555554444444433333222221111111112222233333334444444443333222211111111111111111111111111111111
4444444444444444444333322221111111111111112222233333333333333322221111111111111111111111111111111111
4444444444444444333332221111111111111111111111222223333333322221111111111111111111111111111111111111
4444444444443333333222111111111111111111111111111111122221111111111111111111111111111111111111111111

5555555555555555555555555555555555555555555555555555555555555555555555555555555555555555555555555555
5555555555555555555555555555555555555555555555555555555555555555555555555555555555555555555555555555
5555555555555555555555555555555555555555555555555555555555555555555555555555555555554444444555555555
5555555555555555555555555555555555555555555555555555555555555555555555555555555554444322234445555555
5555555555555555555555555555555555555555555555555555555555555555555555555555554444421111111244555555
5555555444455555555555555555555555555555555555555555555555555555555555555544444432111111111114455555
5555554444444444455555555555555555555555555555555555555555555555554444444444432111111111111111445555
5555554444444444444444455555555555555555555555555555555444444444444444443322111111111116111111244555
5555555444432211112234444444455555555555555554444444444433222221111111111111111111111111161111134455
5555555544443211111111112234444444444444444444332211111111111111111111111111111111111111111111134455

1111111111111111111111334444445555555555555555555555555555555555555555555555555555555555555555555531
1111111111111111111111233344444444444444444444455555555555555555555555555555555555555555555555555411
1111111111111111111112233333444444444443333333333334445555555555555555555555555555555555555555554111
1111111111111111111123333333333333333322111111111111111234455555555555555555555555555555555555543611
1111111111111111233333333333333333221111111111111111111111123445555555555555555555555555555555431111
1111111111112333444444444444433333211111111111111111111111111113445555555555555555555555555554421111
1111111113344444444444444444444433321111111111111111111111111111113445555555555555555555555544311111
1111133444555555555555555555444444333111111111111111111111111111111123445555555555555555554444311111
1344455555555555555555555555555444443321111111111111111111111111111111133444455555544444444443321111
4555555555555555555555555555555555544443311111111111111111111111111111111133344444444444444444331111

1111111111111111123444444444555555555555555555555555555555555555555555555555555555555555555555555555
1111111111111111134444444444444444445555555555555555555555555555555555555444444333334444555555555555
1111111111111111234444444444444444444444444444445555555555555555555444444311111111611111244555555555
1111111111111112344444444444444444444444444444444444444444444444444321111111111111111111111144555555
1111111111111123344444444444444444444444444444444444444444444321111111111111111111111111111111245555
1111111111111123344444444444444444433333333222211111111111111111111111111111111111111111111111111445
1111111111111123344444444444443333322222111111111111111111111111111111111111111111111111111111111114
1111111111111123334444444333332222111111111111111111111111111111111111111111111111111111111111111111
1111111111111112233333333222211111111111111111111111111111111111111111111111111111111111111111111111
1111111611111111122222221111111111111111111111111111111111111111111111111111111111111111111111111111

5555555555555555555555555555555555555555555555555555555555555555555555555555555555555555555555555555
5555555555555555555555555555555555555555555555555555555555555555555555555555555555555555555555555555
5555555555555555555555555555555555555555555555555555555555555555555555555555555555555555555555555555
5555555555555555555555555555555555555555555555555555555555555555555555555555555555555555555555555555
5555555555555555555555555555555555555555555555554444444444444444444444444555555555555555555555555555
5555555555555555555555555555555555555555544444432211111111111111111111112234444455555555555555555555
5555555555555555555555555555555555544444433211111111111111111111111111111111111223444445555555555555
5555555555555555555555555555544444443321111111111111111111111111111111111111111111111223444455555555
5555555555555445554544444444444433211111111111111111111111111111111111111111111111111111111234445555
5555554444444444444444444444332211111611111111111111111111111111111111111111111111111111111111134445

1244444444444444444444332222222333444444444444444332221111111111111111111111111111111111111111112455
4555555555444444444444444444433344444444444443322222111111111111111111111111111111111111111111111455
5555555555555555544444444444444444444444443332222111111111111111111111111111111111111111111111111445
5555555555555555555444444444444444444444333222211111111111111111111111111111111111111111111111111345
5555555555555555555544444444444444444433332222111111111111111111111111111111111111111111111111111345
5555555555555555555544444444444444333333332222211111112222222111111111111111111111111111111111111445
5555555555555555555544444444444443333333332222222222223334444444332211111111111111111111111111112445
5555555555555555555444444444444433333333333332222333444444444444444444422111111111111111111111114445
5555555555555555554444444444444333333344444444444444444444444444544444444444321111111111111111244455
5555555555555555544444444444443333334444444444444444444445555555555555555554444444432222222344444555

1122333333333333211111111111111111111111111111111111111111111111245555555555555555555555555555555555
4444444444444444444443111111111111111111111111111111111111111113455555555555555555555555555555555555
5555555555555555555554442111111111111111111111111111111111111144555555555555555555555555555555555555
5555555555555555555555544421111111111111111111111111111111113445555555555555555555555555555555555555
5555555555555555555555555443211111111111111111222222111111234445555555555555555555555555555555555555
5555555555555555555555555444432111111111111222333332221112334445555555555555555555555555555555555555
5555555555555555555555555544432211111111111112222211111111234445555555555555555555555555555555555555
5555555555555555555555555444432111111111111111111111111111112344555555555555555555555555555555555555
5555555555555555555555554444311111111111111111111111111111111123445555555555555555555555555555555555
5555555555555555555555544431111111111111111111111111111111111111124444555555555555555555555555555555

1111111111111111111111111111111111111111111111111111111111111111111111111111111111111111111111111111
1111111111111111111111111111111111111111111111111111111111111111111111111111111111111111111111111111
1111111111111111111111111111111111111111111111111111111111111111111111111111111111111111111111111111
1111111111111111111111111111111111111111244444444443211111111111111111111111111111111111111111111111
1111111111111111111111111111111111113444444444444444444444444321111111111111111111111111111111111111
1111111111111111111111111111111124444445555555555554444444444444444321111111111111111111111111111111
1111111111111111111111111113444444445555555555555555555444444444444444322111111111111111111111111111
4444444444444444444444444444444455555555555555555555555555444444444444443211111111111111111111111111
5555555555555555555544444455555555555555555555555555555555444444444444443211111111111111111111111111
5555555555555555555555555555555555555555555555555555555554444444444444321111111111111111111111111111

5555555555555555555555555555555555555555555555555555555555555555555555555555555555555555555555555555
4444444445555555555555555555555555555555555555555555555444444555555555555555555555555555555555555555
1111111111123445555555555555555555555555555555555544444444444444445555444444444444444555555555555555
1111111111111112445555555555555555555555555555444444433333344444444444444444444444444444555555555555
1111111111111111113444555555555555555555444444444332222222223344444444444444444444444444445555555555
1111111111111111111123444444455444444444444433222111111111112233444444444333322223333334444455555555
1111111111111111111111123344444444444433322211111111111111111223334444333222222222222223344445555555
1111111111111111111111111112222222222221111111111111111111111122233333322221111111111112223444555555
1111111111111111111111111111111111111111111111111111111111111112222332222111111111111111122344455555
1111111111111111111111111111111111111111111111111111111111111111222222221111111111111111111234445555

3333222222333333344444444444433333333333344444444444443333211111111111111111111111111111334445555555
1111111111111112333333344333333211111122333333333333332111111111111111111111111111111111111344455555
1111111111111111122333333333332111111111122333333332211111111111111111111111111111111111111123444555
1111111111111111111233333333332111111111122333333332211111111111111111111111111111111111111111344455
1111111111111111111233333333333211111112233333333333321111111111111111111111111111111111111111134445
1111111111111111112333344444333333333333333444444444333332211111111111111111111111111111111111123445
1111111111111111133334444444444444444444444444444444444444333332111111111111111111111111111111123444
1111111111111112333444444444444444444444444555555555554444444444333111111111111111111111111111133445
1111111111111233444444455555555555555555555555555555555555555554444433211111111111111111111111334445
1111111111123344444555555555555555555555555555555555555555555555555544443321111111111111111233444455

1111111111111111111111111111111111111113555555555555555555555555555555555555555555555555555555555555
1111111111111111111111111111111111111111245555555555555555555555544433333344455555555555555555555555
1111111111111111111111111111111111111111112455555555555555442111111111111111134455555555555555555555
1111111111111111111111111111111111111111111112444544421111111111111111111111111134455555555555555555
1111111111111111111111111111111111111111111111111111111111111111111111111111111111244455555555555555
1111111111111111111111111111111111111111111111111111111111111111111111111111111111112344455555555555
1111111111111111111111111111111111111111111111111111111111111111111111111111111111111111233444555555
1111111111111111111111111111111111111111111111111111111111111111111111111111111111111111111112344455
1111111111111111111111111111111111111111111111111111111111111111111111111111111111111111111111111123
1111111111111111111111111111111111111111111111111111111111111111111111111111111111111111111111111111

5555555555555555555555555555443111111111111111111111111111111111111111222222221111111112223333333332
5555555555555555555555555554431111111111111111111111111111111111222333333332221111111111111222222222
5555555555555555555555555444211111111111111111111111111112223344444444444443322111111111111111111111
5555555555555555555555444432111111111111111111111112334444444445555555444444432211111111111111111111
4444444444444444444444443321111111111111111111112344445555555555555555555544443321111111111111111111
2222222233334444444433322211111111111111111122344455555555555555555555555555444432211111111112222221
1111111111111111222222211111111111111111233444455555555555555555555555555555554444332222222222222222
1111111111111111111111111111111122223344444555555555555555555555555555555555555544444333333334444433
1111111111111111111111111222233344444445555555555555555555555555555555555555555555444444444444444444
1111111111111111111111122334444444555555555555555555555555555555555555555555555555555554444444444444

1111111111111233344444445555555555555555555555555544444433333333333444444444555555555555555555555555
1111111111122333444444444555555555555555555555544444333221111111122223333444444445555555555555555555
1111111112223334444444444445555555555555555444444433221111111111111111122223334444444444555555555555
1111111122333444444444444444444444444444444444433322111111111611111111111111222333344444444445555555
1111112233344444444444444444444444444444444433322111111111111111111161111111111122223333344444445555
1111123334444444444444444444444444444444433332211111111111111111111111111111111111111222233334444445
1112233444444444444444444444444444443333332221111111111111111111111111111111111111111111122233344444
1123344444444444444444444444444333333322221111111111111111111111111111111111111111111111111122233344
1233444444444444444444444433333333322221111111111111111111111111111111111111111111111111111111222334
2344444444444444444444443333333322222111111111111111111111111111111111111111111111111111111111112233

1113444444444455555555555555555555555555555555555555555555555555555555555555555555555555555555555555
1111134444444444444555555555555555555555555555555555555555555555555555555555555555555555555555555555
1111111223444444444444455555555555555555555555444444555555555555555555555555555555555555555555555555
1111111111112233444444444555555555555555444444444444444444444444445544444444444444444444444455555555
1111111111111111122344444445555555554444444444444444444444444444444444444444444444444444444444444555
1111111111111111111123444444444444444444444433222222222222334444444444444443333333334444444444444444
1111111111111111111111234444444444444444432111111111111111111123344444432211111111111112223444444444
1111111111111111111111112444444444444432111111111111111111111111122222211111111111111111111123344444
1111111111111111111111111134444444432111111111111111111111111111111111111111111111111111111111123444
1111111111111111111111111111223322111111111111111111111111111111111111111111111111111111111111111233

5555555555555555555555555555555554444444555555555555555555555555555544444444444444444444444444444444
5555555544444444444444444444444444444444444555555555555555555555554444444444444444444444444444444444
5555444211111111111112344444444444444444444455555555555555555554444444444444444444444444444444444445
4431111111111111111111111112333333332333444444555555555555555444444332211122233333333333333444444444
1111111111111111111111111111111111111111234444445555555555444444321111111111111111111111112234444444
1111111111111111111111111111111111111111112344444444444444444311111111111111111111111111111111344444
1111111111111111111111111111111111111111111113444444444444321111111111111111111111111111111111112344
1111111111111111111111111111111111111111111111123344443211111111111111111111111111111111111111111113
1111111111111111111111111111111111111111111111111111111111111111111111111111111111111111111111111111
1111111111111111111111111111111111111111111111111111111111111111111111111111111111111111111111111111

1111111111111111111111222223333333333334444444444444555555555555555555555555555555555555555555555555
1111111111111111112223333444444433333444444444444444445555555555555555555555555555555555555555555555
1111111111111122333444444444444444444444444444444444444455555555555555555555555555555555555555555555
2112222223334444445555555555555444444444444444444444444444555555555555555554444445555555555555555555
5444444555555555555555555555555555554444444444444444444444445555555555554444444444444444444555555555
5555555555555555555555555555555555555555444444444444444444445555555555544444444444444444444455555555
5555555555555555555555555555555555555555555554444444444444445555555555444444444444444444444444555555
5555555555555555555555555555555555555555555555555554444445555555555555444444444444444444444444455555
5555555555555555555555555555555555555555555555555555555555555555555555554444444444444444444444455555
5555555555555555555555555555555555555555555555555555555555555555555555555544444444444444444444445555

3444444444455444444444444332211111111123344444555555555555555555555555555444443322221111111111111111
1112233444444444433221111111111111111111111123444444444444555555555444444322111111111111111111111111
1111111111222211111111111111111111111111111111111122222333444444444432211111111111111111111111111111
1111111111111111111111111111111111111111111111111111111111111111111111111111111111111111111111111111
1111116111111111111111111111111111111111111111111111111111111111111111111111111111111111111111111611
1111111111111111111111111111111111111111111111111111111111111111111111111111111111111111111111111611
1111111111111111111111111111111111111111111111111111111111111111111111111111111111111111111111111111
1111111111111111111111111111111111111111111111111111111111111111111111111111111111111111111111111111
1111111111111111111111111111111111111111111111111111111111111111111111111111111111111111111111611111
1111111123334444433322111111111111111111111111111111111111111111111111111111111111111111111111111112

4444444444444444444444455555555555555555555555555555555555555555555555554444444444555555555555555555
4444444444211111111112444445555555555555555555555555555555555555554444443111111144444455555555555555
4211111111111111111111111144444555555555555555555555555555555444441111111111111111112444455555555555
1111111111111111111111111111114444455555555555555555555444444111111111111111111111111114444555555555
1111111111111111111111111116111112444444445555444444444211111111111111111111111111111111144445555555
1111111111111111111111111111111111111134444444443111111161111111111111111111111111111111111444555555
1111111111111111111111111111111111111111111111111111111111111111111111111111111111111111111144455555
1111111111161111111111111111111111111111111111111111111111111111111111111111111111111111111114445555
1111111111111111111111111111111111111111111111111111111111111111111111111111111111111111111111444555
1111111111111111111111111111111111111111111111111111111111111111111111111111111111111111111111144455

1111111111111111111111111111111111111111111111111111111344444555555555555555555555555555555544111111
1111111111111111111111111111111111111111111111111111112344444455555555555555555555555555555544111111
1111111111111111111111111111111111111111111111111111113344444444445555555555555555555555555544111111
1111111111111111111111111111111111111111111111111111123444444444444444444455555555555555555444111111
1111111111111111111111111111111111111111111111111111233444444444444444444444445555555555555444111111
1111111111111111111111111111111111111111111111111113334444444444444433333444444445555555554444111111
1111111111111111111111222233333333211111111111111233444444444444433322212233344444445555554444211111
1111111111111111233333333344444444333332211112233344444444444444332111111111233444444445544444311111
1111111111111133334444444444444444444444333333444444444444444443331111111111113344444444444444311111
1111111111123344444444444444444444444444444444444444444444444444331111111111111334444444444444431111

1111111111111111111111111111111111111111111111124455555555555555555555555555555555555555555555555555
1111111111111111111111111111111111111111111123444455555555555555555555554421111111113455555555555555
1111111111111111111111111111111111111112344444445555555555555555555441111111111111111111455555555555
1111111111111111111111111112333444444444445555555555555555554443111111111111111111111111114555555555
1111111111111111111111233444444445555555555555555544444443111111111111111111111111111111111345555555
1111111111111111111233444444555555555555555555555444431111111111111111111111111111111111111114555555
1111111111233333333344444455555555555555555555554442111111111111111111111111111111111111111111455555
1111111334444444444444444555555555555555555555544311111111111111111111111111111111111111111111145555
1111134444444444444444445555555555555555555555443111111111111111111111111111111111111111111111114555
1113444444444444444444445555555555555555555555441111111111111111111111111111111111111111111111114555

1111111112444455555555555555555555555555555555544444421111111111111111111111111111111111111111111111
1111111111234444455555555555555555554444444444321111111111111111111111111111111111111111111111111111
1111111111122444444444555444444444444432221111111111111111111111111111111111111111111111111111111111
1111111111112244444444444444444442221111111111111111111111111111111111111111111111111111111111111111
1111111111112234444444444444442221111111111111111111111111111111111111111111111111111111111111111111
1111111111122344444444444444322211111111111111111111111111111111111111111111111111111111111111111111
1111111122344444444444444444432221111111111111111111111111111111111111234444442111111111111111111111
1111224444444444444444444444444442221111111111111111111111111111111124444555554441111111111111111111
1244444444444555555555554444444444444443222111111111161111111111112444555555555555441111111111111111
4444555555555555555555555555555555444444444444422111111111111112444555555555555555555421111111111111

1111111111111111455555555555555555555555555555555555555555555555555443211111111111111111111344555555
1111111111111112455555555555555555555555555555555555555555555555443111111111111111111111111123455555
1111111111111113455555555555555555555555555555555555555555555544211111111111111111111111111111344555
1111121111111123455555555555555555555555555555555555555555554421111111111111111111111111111111134455
3455554432111234455555555555555555555555555555555555555555443111111111111111111111111111111111113445
5555555544333344455555555555555555555555555555555555555554421111111111111111111111111111111111111344
5555555554444444555555555555555555555555555555555555555443111111111111111111111111111111111111111234
5555555555554445555555555555555555555555555555555555444431111111111111111111111111111111111111111134
5555555555555555555555555555555555555555555555444444443311111111111111111111111111111111111111111123
5555555555555555555555555555555555555555444444444444332111111111111111111111111111111111111111111123

1111112222222222222333333333344444444443333332211111111111111111111111111111111111111111111111111111
1111111111111111111112222223333333333332222111111111111111111111111111111111111111111111111111111111
1111111111111111111111111111111111111111111111111111111111111111111111111111111111111111111111111111
1111111111111111111111111111111111111111111111111111111111111111111111111111111111111111111111111111
2222222111111111111111111111111111111111111111111111111111111111111111111111111111111111111111111111
3333333221111111111111111111111111111111111111111111111111111111111111111111111111111111111111111111
4444433332211111111122222222111111111111111111111111111111111111111111111111111111111111111111111111
4444444443332222233333333333333333333333332222222111111111111111111111111111111111111111111111111111
5554444444443333344444444444444444443444444443333333333333221111111111111111111111111111111111111111
5555555544444444444444444444444444444444444444444444444444444433333322211111111111111111111111111111

1111111111111111111111111111111111111111111111111111111111111111111111111111111111111111111111111111
1222222222111111111111111111111111111111111111111111111111111111111111111111111111111111111111112222
2334444333222211111111112222222111111111111111111111111111111111111111111111111111111111111123444444
4444444444332222222222222233333322211111111111111111111111111111111111111111111111111111112444445555
4444444444433222222222223334444433222111111111111111111111111111111111111111111111111111244445555555
4444444444333222222222223344444444322211111111111111111112211111111111111111111111111122444455555555
4444444443322221111112222334444444332211111111111111111122222111111111111111111111111224444555555555
4444444332221111111111112223334443322111111111111111111111111111111111111111111111111234445555555555
2333222221111111111111111122222222221111111111111111111111111111111111111111111111111234445555555555
1111111111111111111111111111111111111111111111111111111111111111111111111111111111111234445555555555

5555555555444444444444444444443211111111111111122334444444444444444444444444444444444321111111111111
5555555444444444444444444443211111111111111111111111233444444444444444444444444444332111111111111111
5555544444444444444444443211111111111111111111111111111223344444444444444433333332211111111111111111
5555444444444444444444321111111111111111111111111111111112223333333333333222222221111111111111111111
5554444444444444444432111111111111111111111111111111111111122222333222222222222211111111111111111111
5544444444444444444321111111111111111111111111111111111111122222222222222222222221111111111111111111
5544444444444444433211111111111111111111111111111111111111222333333333333332222222211111111111111111
5444444444444444432111111111111111111111111111111111111122333444444444444444444333332111111111111111
5444444444444444332111111111111111111111111111111111112334444444444444444444444444444321111111111111
5444444444444444332111111111111111111111111111111112334444444444444444444444444444444443211111111111

1111111111111111111111111111111111111111111111111111123445555555555555555555555555555555555555555555
1112333221111111111111111111111111111111111111111111123445555555555555555555555555555555555555555555
1124444432111111111111111111111111111111111111111111123445555555555555555555555555555555555555555555
1244454443211111111111111111111111111111111111111111123445555555555555555555554555555555555555555555
1345555544321111111111111111111111111111111111111111123455555555555555555555554555555555555555555555
2455555544432111111111111111111111111111111111111111234455555555555555555555555555555555555555555555
3455555554432111111111111111111111111111111111111112344555555555555555555555555555555555555555555555
4455555554443211111111111111111111111111111111111223444555555555555555555555555555555555555555555555
4455555555444322111111112222222221111111111111122334455555555555555555555555555555555555555555555555
4455555555444433222222333333333333322222222222334444555555555555555555555555555555555555555555555555

1111111111111111111111111111111111111111111111111111111111111111111111111111111111111111111111111111
1111111111111111111111111111111111111111111111111111111111111111111111111111111111111111111111111111
1111111111111111111111111111111111111111111111111111344444444442111111111111111111111111111111111111
1111111111111111111111111111111111111122222222234444444444444444444443211111111111111111111111111111
1161111111111111111111111111111112344444444444444444444445554444444444444444444444444444444444443111
1111111111111111111111111111111123444444444444444444444555555555555544444444445555555555555555555555
1111111111111111111111111111111123444444444444444444444555555555555555555555555555555555555555555555
1111111111111111111111111111111111223333332223444444444455555555555555555555555555555555555555555555
1111111111111111111111111111111111111111111111124444444445555555555555555555555555555555555555555555
1111111111111111111111111111111111111111111111111134444444444555555555555555555555555555555555555555

5555555431111111111111111111111111111111111111111122222222222222222222222222233333333333333333333333
5555555555554211111111111111111111111111111112333333333333333333333333333333333333334444444444444444
5555555555555555431111111111111111111111123333444444444433333333333333333333334444444444444444444444
5555555555555555555443211111111111122333344444444444444433333333333333333333344444444444444444444444
5555555555555555555555544443333334444444444444444444443333333333333333333333333444444444444444444444
5555555555555555555555555554444444444444444444444443333322222222222222222333333333444444444444444444
5555555555555555555555555555555444444444444444433333221111111111111111111112222333333344444444444444
5555555555555555555555555555555544444444443333222111111111111111111111111111111112223333334444444444
5555555555555555555555555555555544444443332111111111111111111111111111111111111111111122233333344444
5555555555555555555555555555555544443321111111111111111111111111111111111111111111111111111122233333

1111111111111111111111111111111111111111111111111111111111111111111111111111111111111111111111111111
1111111111111111111111111111111111111111111111111111111111111111111111111111111111111111111111111111
2211111111111111111111111111111111111111111111111111111111111111111111111111111111111122222222211111
4321111111111111111111111111111111111111111111111111111111111111111111111111111222222222222222222221
5432211111111111111111111111111111122222211111111111111111111111161111111112222222222222222222222222
5544322111111111111111111111122233444444443322211111111111111111111111111222222222222222222222222222
5555433221111111111111111122334455555555555544332211111111111111111111122222222222222222222222222221
5555544322211111111111222334455555555555555555544322211111111111111111111112222222222222222222211111
5555555443322222222222334455555555555555555555555443222211111111111111111111111111111111111111111111
5555555544433332233334455555555555555555555555555544332222111111111111111111111111111111111111111111

5555555555555555555555411111111111111345555555555555555555555555555555544444333321111111111111111111
5555555555555555555541111111111111111113455555555555555555555555555554444433332211111111111111111111
5555555555555555555311111111111111111111345555555555555555555555555544444333322111111111111111111111
5555555555555555541111111111111111111111134555555555555555555555555544443333322111111111111111111111
5555555555555555411111111111111111111111113455555555555555555555555544443333332111111111111111111111
5555555555555555111111111111111111111111111345555555555555555555555544444333333211111111111111111111
5555555555555553111111111111111111111111111244555555555555555555555544444444333321611111111111111111
5555555555555541111111111111111111111111111134555555555555555555555554444444443332111111111111111111
5555555555555531111111111111111111111111111124455555555555555555555555554444444433211111111111111111
5555555555555411111111111111111111111111111113455555555555555555555555555555444443332111111111111111

1111112233444444444433333344444444444443333322223344444455555555555555555555555555555555555555555555
1111111111111111111111111111111222222211111111111123344444445555555555555555555555555555554444444444
1111111111111111111111111111111111111111111111111111234444444444555555555555555444444444444444444444
1111111111111111111111111111111111111111111111111111123344444444444444444444444444444444444444444444
1111111111111111111111111111111111111111111111111111123344444444444444444444444444444444444444444444
1111111111111111111111111111111111111111111111111111123344444444444444444444444444444444444444444444
1111111111111111111111111111111111111111111111111112233444444444444444444444444444444444444444444444
1111111111111111111111111111111222222222222222222333444444444444444455444444444444444444444444444444
1112233333333332222222222233334444444444444444444444444444445555555555555555555555444444444444444455
3444444444444444444444444444444444444444444444444444455555555555555555555555555555555555555555555555

1111111111111111111111111111111111111111111111111111111111111111111111111111111111144444555555544441
1111111111111111111111111111111111111111111111111111111111111111111111111111111111444445555555544441
4211111111111111111111111111111111111111111111111111111111111111111111111111161111444444555555444411
5442111111111111111111111111111111111111111111111111111111111111111111111111111113444444455544444311
5554421111111111111111111111111111111111111111111111111111111111111111111111111114444444444444444111
5555444311111111111111111111111111111111111111111111111111111111111111111111111113444444444444431111
5555554444211111111111111111111111111111111111111111111111111111111111111111111112444444444444111111
5555555444444444444444444444431111111111111111111111111111111111111111111111111111244444444411111111
5555555554444444444444444444444444442111111111111111111111111111111111111111111111111233211111111111
5555555555554444444445555544444444444444211111111112222211111111111111111111111111111111111111111111

1111111111111111111111111111111111111111111111111111111111122223334444444433332222223333334444444433
1111111111111111111111111111111111111111111111111111111111112223334444444443333222333333444444444444
1111111111111111111111111111111111111111111111111111111111111222333444444443333333333344444444444444
1111111111111111111111111111111111111111111111111111111111111122233444444444333333334444444444444444
1111111111111111111111111111111111111112222221111111111111111112233344444444433333444444444445555555
1111111111111111111111111111111122223333333222222111111111111112223344444444444444444444445555555555
1111111111111111111111111112233334444444443333222211111111111111223344444444444444444444455555555555
1111111111111111111111223344444444444444444443332221111111111111223344444444444444444445555555555555
1111111111111111112334444444455555555444444444433222111111111111122334444444444444444555555555555555
1111111111111123444444555555555555555555544444443322211111111111122334444444444444455555555555555555

3333333222222222222222222222211111111111161111111111111111111112222222222222222333444444555555555555
4444433333222222222222222222222211111111111111111111111111111122222222222222223334444444555555555555
4444444433333333333333333322222222111111111111111111111111111122222222222222333344444445555555555555
4444444444333333333333333333322222211111111111111111111111111222222222222233333444444445555555555555
4444444444444444444444444333332222221111111111111111111111111122222222223333334444444455555555555555
4444444444444444444444444433332222221111111111111111111111111122222222233333344444444555555555555555
4444444444444444444444444443332222221111111111111161111111111122222222233333444444445555555555555555
4444444444444444444444444433332222221111111111111111111111111111222222223333444444445555555555555555
4444444444444444444444444333322222111111111111111111111111111111122222223333444444445555555555555555
4444444444444444444444433333222221111111111111111111111111111111111222222333444444445555555555555555

1111111111111111111111111111111111111111111111111111111111111111111111111111111111111111111111111111
1111111111111111111111111124444444444444444444444444422111111111122223333444444444444433221111111111
1111111111111111111134444444555555555555555555555544444444444444444444444444444444444444444432221111
1111111111111111244444455555555555555555555555555555554444444444444444444444444444444444444444444444
1111111111111113444445555555555555555555555555555555555554444444444444444444444444444444444444444444
1111111111111124444445555555555555555555555555555555555555555555455555544444444444444444444444444444
1111111111111112444444555555555555555555555555555555555544444444444444444444444444444444444444444444
1111111111111111113444444555555555555555555555555555554444444444444444444444444444444444444444444444
1111111111111111111112344444445555555555555555555544444444444444444444444444444444444444444444444444
1111111111111111111111111112444444444445445444444444432222222223334444444333322222222222223344444444

1111111111111111111111111111111111112344444455555555544444444444455555555555555555555555555555555555
1111111111111111111111111111111111111133444444444444444332111233444445555555555555555555555555555555
1111111111111111111111111111111111111111333444444443311111111111113444445555555555555555555555555555
1111111111111111111111111111111111111111112233332111111111111111111113444455555555555555555555555555
1111111111111111111111111111111111111111111111111111111111111111111111134444555555555555555555555555
1111111111111111111111111111111111111111111111111111111111111111111111112444445555555555555555555555
1111111111111111111122221111111111111111111111111111111111111111111111111234444455555555555555555555
1111111111611134444444444444333222111111111111111111111111111111111111111134444445555555555555555555
1111111111244444444544444444444444333333322211111111111111111111111111111133444445555555555555555555
1111111144445555555555555554444444444444444333211111111111111111111111111134444444555555555555555555

5555554444443333333333333333333333333222111111111111111111111111111111111111111111111111111111111111
5555554444444333333333333444444444444444444444444444333332111111111111111111233333311111111111111111
5555554444444433333334444444444444444444555555555555555555555544455555555555555555555555444321111111
5555554444444433333334444444444444455555555555555555555555555555555555555555555555555555555555555555
5555544444444333333333444444444444555555555555555555555555555555555555555555555555555555555555555555
5555444444433333333333333444444444555555555555555555555555555555555555555555555555555555555555555555
5554444444333322112233333334444444555555555555555555555555555555555555555555555555555555555555555555
5444444433311111111111111333344444555555555555555555555555555555555555555555555555555555555555555555
4444433321111111111111111111233444455555555555555555555555555555555555555555555555555555555555555555
4443321111111111111111111111112344445555555555555555555555555555555555555555555555555555555555555555

1111111111111111111111111111111111111111111111111111111111111111111111111111111111111111111111111111
1111111111111111111111111111111111111111111111111111111111111111111344444443211111111111111111111111
1111111111111111111111111111111111111111111111111111111111111111244455555444442111111111111111111111
1111111111111111111111111111111111111111111111111111111111111114455555555554444311111111111111111111
1111111111111111111111111111111111111111111111111111111111111445555555555555444431111111111111111111
1111111111111111111111111111111111111111111111111111111111134455555555555555544442111111111111111111
1111111111111111111111111111111111111111111111111111111111445555555555555555544443111111111111111111
1111111111111111111111111111111111111111111111111111111134555555555555555555444443111111111111111111
1111111111111111111111111111111111111111111111111111111445555555555555555554444431111111111111111111
1111111111111111111111111111111111111111111111111111124455555555555555555544444311111111111111111111

5555554111111111111111111111111111111111111111111111111111111111111111111111111111111111111111111111
5555555511111111111111111112233333332211111111111111111111111111111111111111111111111111111111111111
5555555553111111111111334444444444444443332111111111222333333333333333332222211111111111111111111111
5555555555431111123444555555555555555544443333222233333333333444444444444444333333333333333333333333
5555555555554444455555555555555555555555444443333333344444444444444444444444444444444444444444444444
5555555555555555555555555555555555555555554444444444444444444444444445555555555555555555555555555555
5555555555555555555555555555555555555555555544444444444444444444555555555555555555555555555555555555
5555555555555555555555555555555555555555555554444444444444444455555555555555555555555555555555555555
5555555555555555555555555555555555555555555555444444444444444555555555555555555555555555555555555555
5555555555555555555555555555555555555555555555544444444444444555555555555555555555555555555555555555

5555555555555555555555555555555555555555555555555555555554111111111115555555555555555555555555555555
5555555555555555555555555555555555555555555555555555555541111111111111555555555555555555555555555555
5555555555555555555555555544444444444445555555555555555421111111111111555555555555555555555555555555
5555555555555555555554444444333333334444444455555555554311111111111111255555555555555555555555555555
5555555555555544444444443322222222222223334444445555444211111111111111155555555555555555555555555555
5554444444444444444433322211111111111112223344444444443211111111111111155555555555555555555555555555
4433333322222333333222221111111111111111112233444444443111111111111111155555555555555555555555555555
1111111111111111122211111111111111111111111223334444432111111111111111155555555555555555555555555555
1111111111111111111111111111111111111111111223334444432111111111111111155555555555555555555555555554
1111111111111111111111111111111111111111112223334444443211111111111111155555555555555555555555555551

5555555555555555555555555555554211111111111111111111111111111111111111111111111111111111111111111111
5555555555555555555555555554311111111111111111111111111111111111111111111111111111111111111111111111
5555555555555555555555555431111111111111111111111111111111111111111111122222222222111111111111111111
5555555555555544444444431111111111111111111111111111111112223333444444444444444444443211111111111111
5555555555444432111111111111111111111123334433333444444444444455555555555555555555544443211111111111
5555555554443111111111111111111111113444555555555555555555555555555555555555555555555554443211111111
5555555554432111111111111111111111245555555555555555555555555555555555555555555555555555554444311111
5555555555443111111111111111111134555555555555555555555555555555555555555555555555555555555555444431
5555555555544421111111111223444555555555555555555555555555555555555555555555555555555555555555555554
5555555555555444444444444555555555555555555555555555555555555555555555555555555555555555555555555555

5555555555555555555555555555555555555555555555555555555555555555555555555555555555555555555555555555
5555555555555555555555555555555555555555555555555555555555555444444444444444444444444444555555555555
5555555555555555555555555555555555555554444444444444444444444444444333333333222222223333444455555555
5555555555555555555555555555555554444444444444444444444444443333333322222221111111111222233444555555
5555555555555555555555555555444444444443333333333333333333333333222222111111111111111111122334445555
5555555555444444444444444444444444443333333333333333333333333322222211111111111111111111112223344455
5555555444444444444444444444444444433333333333333333333333333322222221111111111111111111111122334445
5555544444443333444444444444444444443333333333333334444433333333322222111111111111111111111122233444
5555444444333333344444444444444444444444444444444444444444444443333322222111111111111111111122233444
5555444443333333444444444444444444444444444444444444444444444444444433332222211111111111111122233444

5555555555555555555555555555555555555555555555555555555555555555555555555555555555555544444444444433
5555555555555555555555555555555555555555555555555555555555555555555555555555555554443322111111111111
5555555555555555555555555555555555555555555555555555555555555555555555555555554421111111111111111111
5555555555555555555555544444445555555555555555555555555555555555555555555555431111111111111111111111
5555555555544444443332111111111111111111111111113455555555555555555555555542111111111111111111111111
5555555554433111111111111111111111111111111111111111134555555555555555543111111111111111111111111111
5555555443111111111111111111111111111111111111111111111111134444444431111111111111111111111111111111
5555554421111111111111111111111111111111111111111111111111111111111111111111111111111111111111111111
5555554111111111111111111111111111111111111111111111111111111111111111111111111111111111111111111111
5555542111111111111111111111111111111111111111111111111111111111111111111111111111111111111111111111

5555555555555555555555555555555555555555555555555555555555555444444555555555555555555555554443161111
5555555555555555555555555555555555555555555555555555555555554444444445555555555555555555555444211111
5555555544444444555555555555555555555555555555555555555555444444444444555555555555555555555544311111
5555555444443334444555555555555555555555555555555555555554444444444444445555555555555555555544421111
5555544443321111234445555555555555555555555555555555555444444444444444444455555555555555555554431111
5555444432111111111234455555555555555555555555555555554444433333333344444445555555555555555554431111
5544444321111111111111344455555555555555555555555554444433322211222233344444455555555555555554431111
4444433211111111111111112344455555555555555555554444433221111111111112233444444555555555555554431111
4443321116111111111111111112344444555555555444444433211111111111111111112233444444555555555544431111
3322111111111111111111111111111223344444444433321111111111111111111111111112234444444555555444421111

1111111111124444455555555555555555555555555555555555555555555555555555555555555555555554444445555555
1111111144444455555555555555555555555555555555555555555555555555555555555555555555554421111111344555
1113444445555555555555555555555555555555555555555555555555555555555555555555555555441111111111111134
4445555555555555555555555555555555555555555555555555555555555555555555555555555544111111111111111111
5555555555555555555555555555555555555555555555555555555555555555555555555555544431111111111111111111
5555555555555555555555555555555555555555555555555555555544444444444444444444444111111111111111111111
5555555555555555555555555555555555555555555555555555554444444444444444444444411111111111111111111111
5555555555555555555555555555555555555555555555555555444444444444444444444431111111111111111111111111
5555555555555555555555555555555555555555555555555544444444444443333332211111111111111111111111111111
5555555555555555555555555555555555555555555555555444444444444332111111111111611111111111111111111111

1111111111111111111111111111111111111222344444455555555555555555555555555555555555555555544443322111
1111111111111111111111111111111111111112223444444555555555555555555555555555555555555554443211111111
1111111111111111111111111111111111111111112234444444555555555555555555555555555555555544421111111111
1111111111111111111111111111111111111111111112234444444455555555555555555555555555544444211111111111
1111111111111111111111111111111111111111111111122233444444444455555555555555555444444432111111111111
1111111111111111111111111111111111111111111111111111222233444444444444444444444444432211111111111111
1111111111111111111111111111111111111111111111111111111111112233444444444444333222211111111111111111
1111111111111111111111111111111111611111111111111111111111111111112222222111111111111111111111111111
1111111111111111111111111111111111111111111111111111111111111111111111111111111111111111111111111111
1111111111111111111111111111111111111111111111111111111111111111611111111111111111111111111111111111

5555555555555555555555555555554211111111111111111111344444111111111111111111111111111144445555555555
5555555555555555555555555555555411111111111111111114455554441111111111111111111111111124444555555555
5555555555555555555555555555555543111111111111111445555555544111111111111111111111111114444555555555
5555555555555555555555555555555555411111111111144555555555555441111111111111111111111134444555555555
5555555555555555555555555555555555541111111113455555555555555554411111111111111111111344445555555555
5555555555555555555555555555555555555441114455555555555555555555544111111111111111124444555555555555
5555555555555555555555555555555555555555555555555555555555555555555444211111111124444455555555555555
5555555555555555555555555555555555555555555555555555555555555555555555544444444444555555555555555555
5555555555555555555555555555555555555555555555555555555555555555555555555555555555555555555555555555
5555555555555555555555555555555555555555555555555555555555555555555555555555555555555555555555555555

5555443111111111111111111111111111111111111111111111111111111111111111111111111111111111111111111111
5544211111111111111111111111111111111111111111111111111111111111111111111111111111111111111111111111
5431111111111111111111111111111111111111111111111111111111111111111111111111111111111111111111111111
4216111111111111111111111111111111111111111111111111111111111111111111111111111111111111111111111111
2111111111111111111111111112223322222111111111111111111111111111111111111111111111111111111111111111
1111111111111111111111123344444444444443332211111111111111111111111111111111111111111111111111111111
1111111111111111111123444444555555554444444444443333322222111111111111111111111111111111111111111111
1111111111111111113444455555555555555555555555444444444444433222111111111111111111111111111111111111
1111111111111112344455555555555555555555555555555555555444444444443322211111111111111111111111111111
1111111111111244455555555555555555555555555555555555555555555554444444444333221111111111111111111111

1111111111111111111111111111111111111111111111111111111111111111111111111111111111111111111111555555
1111111111111111111112222222111111111111111111111111111111111111111111111111111111111111111114555555
1111111111111111112223333322222111111111111111111111111111111111112222111111111111111111111115555555
1111111111111112223333433333322211111111111111111111111111111111222222222111111111111111111125555555
1111111111111122334444444433322221111111111111111111111111111122223333333221111111111111111155555555
1111111111111233444444444433322221111111111111111111111111111222233444444433211111111111111455555555
1111111111112234444444444333222211111111111111111111111111112222334444444444443221111111135555555555
1111111111112344444444443332222111111111111111111111111111122223344444444444444444443334455555555555
1111111111122344444444333222211111111111111111111111111111122223344444444444455555555555555555555555
1111111111122334444433322221111111111111111111111111111111122233444444444455555555555555555555555555

5554444444444444444444444443332111111111111111112223333333332222221111111111111111111111111111111111
4444444444444444555554444444444333221111112233344444444444444444444433333333333333322221111111111111
2333333344444445555555555444444444333333333444444444444444444444444444444444444433333221111111111111
1111111233444445555555555554444444444444444444444455555555555544444444444444444443333221111111111111
1111111112344444555555555555444444444444444444445555555555555555544444444444444443322111111111111111
1111111111134444455555555554444444444444444444445555555555555555554444444444444333211111111111111111
1111111111112344444444444444444444444444444444444555555555555555544444444444433321111116111111111111
1111111111111234444444444444444444333333334444444444455555554444444444444433322111111111111111111111
1111111111111112233444444444433333222222223334444444444444444444444444433321111111111111111111111111
1111111111111111111122222222221111111111111122233334444444444444433332211111111111111111111111111111

5555555555544444455555555555555555555555555555555555555555555555555544444444322222122224445555555555
5555555444444444444455555555555555555555555555555555555555555554444444322111111111111111111345555555
5554444444444444444444455555555555555555555555555555555555544444443211111111111111111111111111345555
4444444444333333444444444555555555555555555555555555555444444442211111111111111111111111111111112455
4444443322222222233444444445555555555555444444444444444444443211111111111111111111111111111111111124
3332222211111111222344444444444444444444444444444444444443221111111111111111111111111111111111111111
2221111111111111112223444444444444444444444444444444433221111111111111111111111111111111111111111111
1111111111111111111122344444444444444444444444333322221111111111111111111111111111111111111111111111
1111111111111111111112223444444444444433332222222211111111111111111111111111111111111111111111111111
1111111111111111111111222333444443332222222111111111111111111111111111111111111111111111111111111111

5555555555555555555554444444444555555555555555555555555555555555555555555555555555555555555555555555
5555555555555555555544444434444444444444555555555555555555555555555555555555555555555555555555555555
5555555555555555555444332222222233333333344444445444442111111111245555555555555555555555555555555555
5555555555555555555444321111111111111111111111111111111111111111111145555555555555555555555555555555
5555555555555555554443321111111111111111111111111111111111111111111111145555555555555555555555544444
5555555555555555555444322111111111111111111111111111111111111111111111111134455544444444332211111111
5555555555555555555444433221111111111111111111111111111111111111111111111111111111111111111111111111
5555555555555555555554444433322211111111111111111111111111111111111111111111111111111111111111111111
5555555555555555555555544444444333211111111111111111111111111111111111111111111111111111111111111111
5555555555555555555555555554444444443211111111111111111111111111111111111111111111111111111111111111

5555555555444444433334444444444444444444444555555555555555555555555555555555444421111111111111111111
5555555544444211111111111233444444444444444444444445555555555555555555544444431111111111111111111111
5555555444311111111111111111112222223333444444444444444444444444444444444442111111111111111111111111
5555554442111111111111111111111111111111111123334444444444444444444444432111111111111111111111111111
5555544411111111111111111111111111111111111111111112223333333333332211111111111111111111111111111111
5555444111111111111111111111111111111111111111111111111111111111111111111111111111111111111111111111
5554443111111111111111111111111111111111111111111111111111111111111111111111111111111111111111111111
5544441111111111111111111111111111111111111111111111111111111111111111111111111111111111111111111111
5544431111111111111111111233444443332222211111222222222222111122222221111111111111111111111111111111
5444441111111111111111344444444444444444444444444444444444444444444444444321111111111111111111111111

5555555555555555555555555555555555555555555555555555555555555555555555555555555555555555555555555555
5555555555555555555555555555555555555555555555555555555555555555555555555555555555555555555555555555
5555555555555555555555555555555555555444444444444455555555555555555555555555555555555555555555555555
5555555555555555555555555555555544443211111112344444445555555555555554444444444444444444555555555555
5555555555555555555555555555444211111111111111112344444444444444444444444444444444444444444444455555
5555555555555555555555544311111111111111111111111123444444444444444444444444444444444444444444444444
5555555555555555555431111111111111111111111111111111223444444444444444433333333333444444444444444444
5555555555555554411111111111111111111111111111111111111222333333333222222222222222222333344444444444
5555555555554411111111111111111111111111111111111111111111111111111111111111111111111112222333344444
5555555555421111111111111111111111111111111111111111111111111111111111111111111111111111111112222233

1111111122234444444444555555555555555555555555555444444444444444444444445555555555555555555555555555
1111111111112223344444444445555555555555555444444444444433334444444444444444445555555555555555555555
1111111111111122233444444444444555555544444444444433322222222222333344444444444455555555555555555555
1111111111111112223344444444444444444444444444443322221111111112222223334444444445555555555555555555
1111111111111222334444444444445555555444444444443322211111111111122222333444444444555555555555555555
1111111111122334444444444455555555555555444444444432222111111112222223334444444445555555555555555555
1111111122344444444445555555555555555555555544444444332222222222233334444444444455555555555555555555
1111123444444455555555555555555555555555555555554444444444444444444444444444445555555555555555555555
1112444445555555555555555555555555555555555555555555444444444444444444445555555555555555555555555555
1144455555555555555555555555555555555555555555555555555555555555555555555555555555555555555555555555

5555555555555555444444443333333344444444433222222111111222222222222111111111111111111111111111111111
5555555555555555444444444444444444444444444444444444444444444444444433222211111111111111111111111111
5555555555555555444444444444444444444444444444444444444444444444444444443222221111111111111111111111
5555555555555544444444444444444444445555555554444444555555555555544444443322222111111111111111111111
5555555555544444444444444444444444455555555555555555555555555555554444443222221111111111111111111111
5555555544444444444444444444444444445555555555555555555555555555544444322111111111111111111111111111
5555544444444444443333333334444444444444455544455555555555555554444432111111111111111111111111111111
5544444444333322222222222222334444444444444444444444444444444444442211111111111111111111111111111111
4444433222222111111111111112222333444444444444444444444444444432211111111111111111111111111111111111
4322211111111111111111111111111122222223333333333333332222222111111111111111111111111111111111111111

5555555555555555555511111111111111111111111111111111111111111111111111111111111111111111111114445555
5555555555555555555541111111111111111111111111111111111111111111111111111111111111111111111144445555
5555555555555555555554111111111111111111111111111111111111111111111111111111111111111111111344455555
5555555555555555555555411111111111111111111111111111111111111111111111111111111111111111113444555555
5555555555555555555555544111111111111111111234443211111111111111111111111111111111111111144445555555
5555555555555555555555554441111111111111111134444432111111111111111111111111111111111111444455555555
5555555555555555555555555444311111111111111111234443221111111111111111111111111111111244445555555555
5555555555555555555555555444441111111111111111111122222221111111111111111111111111344444555555555555
5555555555555555555555555444441111111111111111111111122344444444444444444444444444444455555555555555
5555555555555555555555544444311111111111111111111111112344444444444444444444444444555555555555555555

5555555555555555555555555555555554444444444444444444444444444444344444444444444444444444444444444444
5555555555555555555555555555555554444445555555555555444444444444444444444444444444444444444444443211
5555555555555555555555555555555444444455555555555555544444444444444443333333333333333333333321111111
5555555555555555555555555555444444444445555555555555544444444444333333322211111111111111111111111111
5555555555555555555555555544444444444444455555555555444444444433211111111111111111111111111111111111
5555555555555555555555544444444444444444444444555444444444433211111111111111111111111111111111111111
5555555555555555555554444311111111123344444444444444444433111111111111111111111111111111111111111111
5555555555555555555444111111111111111111233444444444332111111111111111111111111111111111111111111111
5555555555555555544311111111111111111111111111111111111111111111111111111111111111111111111111111111
5555555555555555431111111111111111111111111111111111111111111111111111111111111111111111111111111111

4444445555555555555555555555555555555555555555555555111111111111111111111111234444444443321111111111
3344444455555555555555555555555555555555555555555555411111111111111111111113445555555544444321111111
2223444445555555555555555555555555555555555555555555511111111111111111111134455555555555544443211111
1112233444455555555555555555555555555555555555555555551111111111111111112345555555555555555444322111
1111112234444455555555555555555555555555555555555555554111111111111111113445555555555555555544443211
1111111112223444455555555555555555555555555555555555555411111111111111134455555555555555555554444321
1111111111111122344555555555555555555555555555555555555542111111111111244555555555555555555555444322
1111111111111111113455555555555555555555555555555555555554211111111112344555555555555555555555444422
1111111111111111111245555555555555555555555555555555555554421111111123444555555555555555555554444322
1111111111111111111113555555555555555555555555555555555555432111111223444455555555555555555554444322

5555555555555555555555555555555555555555555555555555555544444443333344444444444443211111111111111111
5555444444444444444444444444444555555555555555555554444444421111111111111111111111111111111111111111
5442111111111111123344444444444444444444444444444444444421111111111111111111111111111111111111111111
4111111111111111111111111111111112334444444444444444432111111111111111111111111111111111111111111111
1111111111111111111111111111111111111123344444444443321111111111111111111111111111111111111111111111
1111111111111111111111111111111111111111223344444443321111111111111111111111111111111111111111111111
1111111111111111111111111111111111111111123344444444433221111111111111111111111111111111111111111111
1111111111111111111111111111111111111112334444444444444444443333333333221111111111111111111111111111
1111111111111111111111111111111111111234444444444444444444444444444444444444332211111111111111111111
1111111111111111111111111111111111234444444444555555555555555555555554444444444444321111111111111111

3111111111111111111111111111111111111111111111111111111111111111111111111111111111244555555555555555
4332111111111111111111111111111111111111111111111111111111111111111111111111111111144555555555555555
4443332111111111111111111111111111111111111111111111161111111111111111111111111111134455555555555555
4444433332211111111111111111111111111111111111111111111111111111111111111111111161114455555555555555
4444433333332222211111111111111112222233333333322111111111111111111111111111111111111445555555555555
4443333333333222222222222222223333333333333333332111111111111111111111111111111111111144555555555555
3333222222222222222222222222223333333333333333221111111111111611111111111111111111111113445555555555
1111111111111111111111111111111122222222211111111111111111111111111111111111111111111111144555555555
1111111111111111111111111111111111111111111111111161111111111111111111111111111111111111113455555555
1111111111161111111111111111111111111111111111111111111111111111111111111111111111111111111144555555

5555555555555555555555555555555555555555444443221111111111122223444444444444444432221111111112234445
5555555555555555555555555555555555555554444433221111111111222344444444445544444444432222111122344445
5555444444444444445555555555555555555444444332211111111112223444444455555555554444444332222222344445
4433222222222233444444444455555555444444443222111111111112233444444555555555555544444443332233344445
1111111111111111112223444444444444444443322211111111111112233444445555555555555555444444433333444445
1111111111111111111111122233444444433322211111111111111111223444445555555555555555444444443333444444
1111111111111111111111111111122222221111111111111111111111122344444555555555555555444444443333344444
1111111111111111111111111111111111111111111111111111111111112234444455555555555555444444443333334444
1111111111111111111111111111111111111111111111111111111111111123444444555555555554444444333222223344
1111111111111111111111111111111111111111111111111111111111111111234444444455554444444443322222222233

5555555555555555555555555444444444555555555555555555555555555555555555555555555555555555555555555555
5555555555555555544444444433222233444444444444444555555555555555555555555555555555555555555555555555
5555555555554444444433322111111111111222222222222222223334444455555555555555555555555555555555555555
5555555554444432222221111111111111111111111111111111111111112244455555555555555555555555555555555555
5555555444432221111111111111111661111111111111111111111111111112444555555555555555555555555555555555
5555554443221111111111111111111111611111611111111111111111111111234445555555555555555555555555555555
5555544443221111111111111111111111111111111111111111111111111111234444555555555555555555555555555555
5555544443222211122222221111111111111111111111111111111111111111244445555555555555555555555555555555
5555544444333222333344433322221111111111111111111111111111111123444455555555555555555555555555555555
5555554444444444444444444444444444333322222111111111111111112344455555555555555555555555555555555555

1111111111111111111111111111111111111111111111111111111111111111111111111111111111111111111111111114
1111111111111111111111111111111111111111111111111111111111111111111111111111111111111111111111111111
1111111111111111111111111111111111111111111111111111111111111111111111111111111111111111111111111111
1111111111111111111111111111111111111111111111111111111111111111111111111111111111111111111111111111
1111111111111111111111111111111111111111111111111111111111111111111111111111111111111111111111111111
1111111111111111111111111111111122222211111111111111111111111111111111111111111111111111111111111111
1111111111111111111111111111344444444444443111111111111111111111111111111111111111111111111111111111
1111111111111134443221112344444444444444444443111111111111111111111111111111111111111111111111111111
1111111111444444444444444444444455555555444444431111111111111111111111111111111111111111111111111111
1111111444555555555554444444555555555555555544444431111111111111111111111111111111111111111111111111

5555555555555555555555555555555444211111111111111111111111111111111111111111111111111111111111111111
5555555555555555555555555555544421111111111611111111111111111111111111111111112222211111111111111111
5555555555555555555555555555444211111111116111111111111111111111111111222223344444444432111111111111
5555555555555555555555555544442111111111111111111111111111111111111223344444444444444444442111111111
5555555555555555555555555444431111111111111111111111111111111111123444444444444444444544444421111111
5555555555555555555555554444422111111111111111111111111111111112344444444444445555555555555444211111
5555555555555555555555544444432222222221111111111111111111112344444444444555555555555555555555441111
5555555555555555555555444444444444444444443322211111111223344444444455555555555555555555555555554311
5555555555555555555544444444444444444444444444444444444444444444455555555555555555555555555555555441
5555555555555555555444444444444444455555555444444444444444445555555555555555555555555555555555555554

5555555555555555555555555555555555555555555555555555555555555555555555555555555555555555555555555555
5555555555555555555555555555555555555555555555555555555555555555555555555555555555555544444444444444
5555555555555555555555555555555555555555555555555555555555555555555555555555444444444444444444444444
5555555555555555555555555555555555555555555555555555555555555555555555554444433322222233333333332222
5555555555555555555555555555555555555555555555555555555555555555555555444322111111111112222222211111
5555555555555555555555555555555555555555555555555555555555555555555554432211111111111111122221111111
5555555555555555555555555555555555555555555555555555555555555555555544432111111111111111222222111111
5555555555555555555555555555555555555555555555555555555555555555555544432111111111111222233332221111
5555555555555555555555555555555555555555555555555555555555555555555554443221111112223334444444332221
5555555555555555555555555555555555555555555555555555555555555555555555444444333334444444444444444333

1134444444443321111111111111111111111111111111111111111111111111123344444444555555555555555555555555
4445555555544444432111111111111111111111111111111111111111111122334444444445555555555555555555555555
5555555555555554444332111111111111111111111111111111111111122333444444444455555555555555555555555555
5555555555555555544444321111111111111111111111111111111222233344444444444555555555555555555555555555
5555555555555555554444433221111111222222222222111222222233333444444444444555555555555555555555555555
5555555555555555555444443322222222222333322222222222223333334444444444444555555555555555555555555555
5555555555555555555444443322222222222222222222222222223333334444444444444555555555555555555555555555
5555555555555555555444443222111111222222222211111222222223333344444444444455555555555555555555555555
5555555555555555554444432111111111111111111111111111111122223333444444444445555555555555555555555555
5555555555555555544443211111111111111111111111111111111111111222333444444444555555555555555555555555

1111111111111111111111111111455555555555555441111111111111111111111111111111111111111111111111111112
1111111111111111111111111455555555555555555555543111111111111111111111111111111111111111111111111244
1111111111111111111111114555555555555555555555555543111111111111111111111111111111111111111111134445
1111111111111111111111455555555555555555555555555555441111111111111111111111111111111111111114444555
1111111111111111111114555555555555555555555555555555544431111233444444444444444421111111112444445555
1111111111111111111145555555555555555555555555555555554444444444444444444444444444422112344444455555
1111111111111111111445555555555555555555555555555555555444444444444444444444444444432222344444455555
1111111111111111111455555555555555555555555555555555554444444444444444444444444432111111124444445555
1111111111111111111455555555555555555555555555555555544411111111111111111111111111111111111134444455
1111111111111111111245555555555555555555555555555555441111111111111111111111111111111111111111144445

1111111111111111111111111222233344444444443322221111111111111111111111111111111111112455555555555555
1111111111111111111111112222233344444444333222211111111111111111111111111111111111111245555555555555
1111111111111111611111122222333334443333222221111111611111111111111111111111111111111114555555555555
1111111111111111111111222222333333333222222111111111111111111111111111111111111111111111455555555555
1111111111111111111112222222333332222222211111111111111111111111111111111111111111111111145555555555
1111111111111111111122222222222222222211111111111111111111111111111111111111111111111111124555555555
1111111111111111111222222222222222221111111116111111111111111111111111111111111111111111124555555555
1111111111111111112222222222222222111111111111111111111111111111111111111111111111111111114555555555
1111111111111111122222222222222221111111111111111111111111111111111111111111111111111111124555555555
1111111111111111222222222222222211111111111111111111111111111111111111111111111111111111124555555555

1111111111111111111111111111111111111111111111111111111111111111111111111111111111111111111111111111
2111111111111111111111111111111111111111111111111111111111111111111111111111111111111111111111111111
5555555444421111111111111111111111111111111111111111111111111111111111111111111111111111111111111111
5555555555555444432111111111111111111111111111111112233344333322211111111111111111111111111111111111
5555555555555555555444444444444221111111111112234444444444444444322221111111111111111111111111111111
5555555555555555555555555555444444444444444444444444444444444444443222222222222111111111111111111111
5555555555555555555555555555555554444444444444444444444444444444444322222222222222221111111111111111
5555555555555555555555555555555555555444444444444444444444444444444322222222222222222211111111111111
5555555555555555555555555555555555555555555544444444444444444444444322222222222223332211111111111111
5555555555555555555555555555555555555555555555555544444444444444443222211111222222222221111111111111

1111111111111111222333333333333332221111111111111111223334444444444444444444444444444444444443311111
1111111111111223333333333333333333322211111111111111223334444444444444444444444444444444444444321111
1111111111233333344444444444443333333222211111111112223334444444444444444444444444444444444444432111
1111111233334444444444444444444443333333222222222222333344444444444444444444444444445555544444444321
1111233334444444444444444444444444443333333333333333334444444444444444444444444445555555555554444444
2333344444444444444444444444444444444444433333333444444444444444444444444444455555555555555555555444
4444444444444444444444444444444444444444444444444444444444445555555555555555555555555555555555555555
4444444444444444444444444444444444444444444444444444444455555555555555555555555555555555555555555555
4444444444444444444444444444444444444444444444444455555555555555555555555555555555555555555555555555
4444444444444444444444444444444444444444555555555555555555555555555555555555555555555555555555555555

1111111111111111111111111111111111111111111111111111111111111111111111111111111111111111111111111111
1111111111111111111111111111111111111111111111111111111111111111111111111111111111111111111111111111
1111111111111111111111111111111111111111111111111111111111111111111111111111111111111111111111111111
1111111111111111111111111111111111111111111111111111111111111111111111111111111111111111111111111111
1111111111111111111111111111111111111111111111111111111111111111111111111111111111111111111111111111
1111111111111111111111111111111111111111111111111111111111111111111111111111111111111111111111111111
4444444444433211111111111111111111111111111112221111111111111111111111111111111111111111111111111111
5555555555554444433211111111111111111111111223333321111111111111111111111111222221111111111111111111
5555555555555555544444321111111111111111112334444443321111111111111111112233333333211111111111111111
5555555555555555555554444432211111111111123344444444443221111111111111233444444443321111111111111111

5555544311111111111111111111111111111111111111111111111111111123444445555555555555555555555555555555
5555444211111111111111111111111111111111111111111111111111111112344444455555555555555555555555555555
5555444111111111111111111111122222221111111111111111111111111111234444444555555555555555555555555555
5555443111111111111111111123334444443333211111111111111111111111134444444445555555555555555555555555
5554442111111111111111111334444444444444433211111111111111111111234444444444555555555554455555555555
5554441111111111111111113344444444444444444433211111111111111112344444444444555555555444444555555555
5544431111111111111111123444444444444444444444443322111111112334444444444445555555555444444455555555
5544411111111111111111134444444444444444444444444444433333444444444444445555555555555444444445555555
5444311111111111111111234444444444444444444444444444444444444444444444555555555555555544444444555555
5444111111111111111111234444444444444444444444444444444444444444445555555555555555555554444444555555

1111111111111113444444445555555555555555555555555555555555555555555555555555555555555555555555555555
1111111111111134444444444444555555555555555555555555555555555555555555555555555555555555554444555555
1111111111111344444444444444444555555555555555555555555555555555555555555555555555544444444444444455
1111111111111344444333333334444444455555555555555555555555555555555555555555544444444444332111123444
1111111111112344433321111111233444444455555555555555555555555444444444444444444444444332111111111134
1111111111113344332111111111111233444444444445555554444444444444444444444444444444433311111111111111
1111111111113333321111111111111111233444444444444444444444444444444444444444444443332111116111111111
1111111111113333211111111111111111112333444444444444444444444444444444444444444443332111111111111111
1111111111112332111116111111116111111123334444444444444444444444444444444444444444332111111111111116
1111111111113332111111111111111111111112333334444444444444444444444444444444444444433211111111111111

1111111111111111111111111111111111111111111111111111111111111111111111111111111111111111111111111111
1111111111111111111111111111111111111111111111111111111111111111111111111111111111111111111111111111
1111111111111111111111111111111111111111111111111111111111111111111111111111111111111111111111111111
1111111111111111111111111111111111111111111111111111111111111111111111111111111111111111111111111111
1111111111111111111111111111111111111111111611111111111111111111111111111111111111111111111111111111
1111111111111111111111111111111111111111111111111111111111111111111111111116111111111111111111111111
1111111111111111111111111111111111111111111111111111111111111111111111111111111111122222111111111111
1111111111111111111111111111111112223333333322111111111111611111111111111111112344444444444444444444
1111111111111111111111111223334444444444444444443221111111111111111111111111234444444455555555555555
1111111111111111111123344444444444444444444444444444321111111111111111111113444444555555555555555555

5555555545545555555544444444444333322221111111111111111111111111111111161111111111111111111111111111
5555544444444444444444444444333322222111111111111111111111111111111111111111111111111111111111111111
5554444444444444444444444433322222111111111111111111111111111111111111111111111111111111111111111111
5554444444444444444444443322222111111111111111111111111111111111111111111111111111111111111111111111
5544444444444444444443332222111111111111111111111111111111111111111111111111111111111111111111111111
5544444444444444433333222211111111111111111111111111112221111111111111111111111111111111111111111111
5544444444443333333222221111111111111111111111111111122222111111111111111111111111111111111111111111
5544444444333332222221111111111111111111111111111111122222211111111111111111111111111111111111111111
5544444443333222221111111111111111111111111111111111112222211111111111111111111111111111111111111111
5544444433322222111111111111111111111111111111111111111222111111111111111111111111111111111111111111

5555555555555555555555555555555555555555555555555555555555555555555555555555555555555555555555555555
5555555555555555555555555555555555555555555555555555555555555555555555555555555555555555555555555555
5555555555555555555555555555555555555555555555555555555555555555555555555555555555555555555555555555
5555555555555555555544444444455555555555555555555555555555555555555555555555555555555555555555555555
5555555555555555444444333344444444444555555555555555555555555555555555555555555555555555555555555555
5555555555554444431111111111112344444444444445555555555555555555444444444444555555555555555555555555
5555555554444421111111111111111111344444444444444444444444444444444444444444444455555555555555555555
5555554444421111111111111111111111113344444444444444444444444444433221111112344444455555555555555555
5554444431111111111111111111111111112334444444444444444444444322111111111111111344444555555555555555
4444432111111111111111111111111111112344444444444444444444432211111111111111111113444445555555555555

5555555553111111111111111111111111111111111111111111111111111111111111111111111111111111111111111111
5555555555421111111111111111111111111111111111111111111111111111111111111111111111111111111111111111
5555555555543161111111111111111111111111111111111111111111111111111111111111111111111233344444444444
5555555555554321161111111111111111111111111111111111111111111111111111111111111123344444455555555554
5555555555554433221111111111111111111111111111111111111111221111111111111112333444445555555555555555
5555555555554443333333333333333321111111111111111123334444444444333333333334444445555555555555555555
5555555555444333333344444444444443332111111111123344444444444444444444444444444555555555555555555555
5555555544432111123334444444444444443332211112334444455555555555444444444444555555555555555555555555
5555554431111111111123344444444444444333322223334444555555555555554444444445555555555555555555555555
5554421111111111111111123344444444443333222223334444455555555555554444444445555555555555555555555555

1111111111111111111111234444444444555555555555555555555555555555555555555555555555544441111111111111
1111111111111611111123444444444444444444444444444444444555555555555555555555554444444311111111111111
1111111111111111112344444444444444444444444444444444444444444555555554444444444444321111111111111111
1111111111111233444444444444444444444444443322111111111334444444444444444443322111111111611111111111
1111123344444444444444444444444444444443322111111111111112334444444433211111111111111111111111111111
4444444444444444444444444444444444444443221111111111111111122333322111111111111111111111111111111111
5555555555555555555555554444444444444443321111111111111111112222211111111111111111111111116111111111
5555555555555555555555555555444444444444433221111111111111223333221111111111111111111111111111111111
5555555555555555555555555555555444444444444443332222222333444444433211111111111111111111111111111111
5555555555555555555555555555555555544444444444444444444444444444444443221111111122333444444433111111

5555555555555555555555555555555555555555555555555555555444443311111111111111111111111111123333333332
5555555555554444444444455555555555555555555555555555555544443332111111111111111111112333334444444443
5555555554444444444444444444444445555555555555555555555544444333211111111111111112333344444444444444
5555555444444444444444444444444444445555555555555555555544444433321111111111112333344444445555555555
5555554444444444444444444444444444444445555555555555555544444433332211111112233334444444555555555555
5555544443333333333333334444444444444444445555555555555444444433333322222233333444444455555555555555
5555444433333333333333333333333344444444444445555555554444444443333333333333334444444555555555555555
5554443332211111111122223333333333334444444444444444444444444433333333333333344444445555555555555555
5544433211111111111111111111122233333333444444444444444444444433333333333333444444455555555555555555
5544332111111111111111111111111111122333333344444444444444444333333333333334444444455555555555555555

1111123334444444444444444444444444444444445555555555555555555555555555555554444311111111111111111111
1111111222223333334444444444444444444444444444455555555555555555555555555444432111111111111111111111
1111111111111111111112222222221111111111111112344445555555555555555555544443311111111111111111111111
1111111111111111111111111111111111111111111111111244444445555555555544444321111111111111161111111111
1111111111111111111111111111161111111111111111111111133444444444444444432111111111111111111111161111
1111111111111111611111111111111111111111111111111111111112333444444333211111111111111111111111111111
1111111111111111111111111111111111111111111111111111111111111111111111111111111111111122233333333322
1111116111111111111111111111111111111111111111111111111111111111111111111111111111223344444444444444
1111111111111111111111111111111111111111111111111111111111111111111111111111111112344444444444555555
1111111111111111111111111111111111111111111111111111111111111111116111111111111233444444555555555555

1111111111111111111111111111111144555555555555555555555555555555555555555544441111111111111111111111
1111111111111111111111111111111144455555555555555555555555555555555555544421111111111111111111111111
1111111111111444443211111111111134445555555555555555555555555555555444411111111111111111111111111111
1111111111444555554444442111111124444455555555555555555555555555444211111111111111111111111111111111
1111111144555555555555444442111111344444455555555555555555544443111111111111111111111111111111111111
1111111445555555555555544444321111111244444444444444444444411111111111111111111111111111111111111111
1111111455555555555555555444421111111111111234444432111111111111111111111111111111111111111111111111
1111114455555555555555555444421111111111111111111111111111111111111111111111111111111111111111111111
1111114555555555555555555444421111111116111111111111111111111111111111111111111111111111111111111111
1111114555555555555555555544411111111111111111111111111111111111111111111111111111111111111111111111

1445555555555555555555555555555544444311111111112444444444444444444444421111111111111111111111111111
1144555555555555555555555555444444111111111111111111111123444444444444321111111111111111111111111111
1124444454444444444444444444444211111111111111111111111111111112223333332221111111111111111111111111
1111444444444444444444443211111111111111111111111111111111111111111122334444444444444444443111111111
1111111111111111111111111111111111111111111111111116111111111111111112344444444444444444444444441111
1111111111111111111161111111111111111111111111111111111111111111111112344444444444444444445554444441
1111111111111111111111111111111111111111111111111111111111111111111112444444444444444455555555555544
1111111111111111111111111111111111111111111111111111111111111111111113444444444444455555555555555555
1111111111111111111111111111111111111111111111111111111111111111111113444444444444555555555555555555
1111111111111111111111111111111111111111111111111111111111111111111124444444444445555555555555555555

5555555555555555555555555554441111111111111111111111111111144445555555555555555555555555555555555555
5555555555555555555555555555555544421111111111111111111124444455555555555555555555555555555555555555
5555555555555555555555555555555555555444432111111111124444445555555555555555555555555555555555555555
5555555555555555555555555555555555555555554444444444444444555555555555555555555555555555555555555555
5555555555555555555555555555555555555555555555555555555555555555555555554444444444444455555555555555
5555555555555555555555555555555555555555555555555555555555555555555544444443221111112234444455555555
5555555555555555555555555555555555555555555555555555555555555555544444432111111111111111111123444555
5555555555555555555555555555555555555555555555555555555555555554444442111111111111111111111111111134
5555555555555555555555555555555555555555555555555555555555555444443211111111111111111111111111111111
5555555555555555555555555555555555555555555555555555555555554444321111111111111111111111111111111111

5555554444443333333334444444444444433322111111111111111111111111111111111111111111111111111111111111
5544444333332222222333333444444443332211111111111111111111111111111111111111111111111111111111111111
4433322222111111122222333333333333322111111111111111111111111111111111111111111111111111111111111111
3221111111111111111122223333333332211111111111111111111111111111111111111111111111111111111111111111
1111111111111111111111222233333222111111111111111111111111111111111111111111111111111111111111111111
1111111111111111111111112222222211111111111111111111111111111111111111111111111111111111111111111111
1111111111111111111111111122221111111111111111111111111111111111111111111111111111111111111111111111
1111111111111111111111111111111111111111111111111111111111111111111111111111111111111111111111111111
1111111111111111111111111111111111111111111111111111111111111111111111111111111111111111111111111111
1111111111111111111111111111111111111111111111111111111111111111111111111111111111111111111111111111

1111111111111111111111111111123444555555555555555555555555555555555411111111111111111111111111111111
3444445555555444444444444444444555555555555555555555555555555555555542111111111244445554444311111111
5555555555555555555555555555555555555555555555555555555555555555555554443234445555555555555544111111
5555555555555555555555555555555555555555555555555555555555555555555555544455555555555555555555421111
5555555555555555555555555555555555555555555555555555555555555555555555555555555555555555555555541111
5555555555555555555555555555555555555555555555555555555555555555555555555555555555555555555555544111
5555555555555555555555555555555555555555555555555555555555555555555555555555555555555555555555544211
5555555555555555555555555555555555555555555555555555554444444444444444555555555555555555555555444333
5555555555555555555555555555555555555555555555555444421111111111112344445555555555555555555544433334
5555555555555555555555555555444444444444444444432111111111111111111111134455555555555555554431111244

1111111111111111111111111111344444555555555555555555555555555555555555555555555555555555555555555555
1111111111111111111111111111112344444455555555555555555555555555555555555555544444444444444555555555
1111111111111111111111111111111113444444444455555555555555554544444444444444444444444444444444455555
1111111111111111111111111111111111234444444444444444444444444444444444444444444444444444444444444555
1111111111111111111111111111111111112334444444444444444444444444443333322222222222223334444444444555
3222111111111111111111111111111111122333444444444444433332222222111111111111111111122223444444444555
4444444433211111111111111111111122334444444444444333322221111111111111111111111111222334444444444555
4444444444444444433322222233444444444444444444444443332222211111111111111111122223334444444444445555
5555555555544444444444444444444444444444444444444444444443333322222222333333444444444444444444555555
5555555555555555555555555555555555555555554444444444444444444444444444444444444444444444444555555555

5555544111111111111111111111111111111111111111111111111111111111111112221111111111111111111111111111
5555554421111111111111111111111111111111111111111111111111111111111112221111111111111111111111111111
5555555444111111111111111111111111111111111111111111111111111111111112221111111111111111111111111111
5555555544431111111111111111111111111111111111111111111111111111111122221111111111111111111111111111
5555555554444411111111111111111111111111111111611111111111111111112222221111111111111111111111111111
5555555555544444311111111111111111111111111111111111111111111122333333321111111111111111111111111111
5555555555555444444321111111111111111111111111111111112333444444444444332111111111111111111111111111
5555555555555554444444443211111111111111112333444444444444444444444444443321111111111111111111111111
5555555555555555554444444444444444444444444444444444444444444444444444444444444444311111111111111111
5555555555555555555554444444444444444444444444444444444444444444444444444444444444444311111111111111

5555555555444444444444443322211111111111111111111111111111111111111111111111111111111111111111111111
5555554444444444444433222211111111111111111111111111111111111111111111111111111111111111111111111111
5544444444444444333222111111111111111111111111111111111111111111111111161111111111111111111111111111
4444444444443332222111111111111111111111111111111111111111111111111111111111111111111111111111111111
4444444433322221111111111111111111111111111111111111111111111111111111111111111111111111111111111111
4444333222211111111111111111111111111111112222111111111111111111111111111111111111111111111111111111
3222221111111111111111111111111111122222222222222111111111111111111111111111111111111111111111111111
1111111111111111111222222222222222233333333333333222111111111111111112223344444444432111111111111111
1111111111111111222223333334444444444444444444443333222111111111112223344444444444444444211111111111
1111111111111122233344444444444444444444444444444444332222222222222334444444444455555444444211111111

1111111111111111111111111111111111111111111111111111111111111111111111111111111111111111111111111111
1111111111111111111111111111111111111111111111111111111111111111111111111111111111111111111111111111
1111111111111111111111111111111111111111111111111111111111111111111111111111111111111111111111111111
1111111111111111111111111111111111111111111111111111111111111111111111111111111111111111111111111111
1111111111111111111111111111134442111111111111111111111111234443211111111111111111111111111111111111
1111111111111111111111111112444444311111111111111111113444444444444444111111111111111111111111111111
1111111111111111111111111112444442111111111111111111144444444444444444443111111111111111111111111111
1111111111111111111111111111111111111111111111111111244444445554444444444111111111111111111111111111
1111111111111111111111111111111111111111111111111111124444444444444444441111111111111111111111111111
1111111111111111111111111111111111111111111111111111111244444444444443111111111111111111111111111111

1111111111111111111111111112344444444444444443211111111111111111122233344444444444444444455555555555
1111111111111111111111111234444444444444444442111111111111111111111222333332222222233444444444444455
1111111111111111111111123444444444444444444431111111111111111111111112222221111111111112223333223344
1111111111111111111111123444444444444444443211111111111111111111111111111111111111111111111111111111
1111111111111111111111112334444444444444321111111111111116111111111111111111111111111111111111111111
1111111111111111111111111111223333322211111111111111111111111111111111111111111111111111111111111111
1111111111111111111111111111111111111111111111111111111111111111611111111111111111111111111111111111
1111111111111111111111111111111111111111111111111111111111111111111111616111111111111111111111111111
1111111111111111111111111111111111111111111111111111111111111111111111111111111111111111111111111111
1111111111111111111111111111111111111111111111111111111111111111111111111111111111111111111111111111

5555555555555555555555555554311111111111111111111111111111111111111111111111221111111111111111111111
5555555555555555555555555542111111111111111111111111111111111111111112233444444443332221111111111111
5555555555555555555555555411111111111111111111111111111111111111112334444444444444444443322111111111
5555555555555555555555544111111111111111111111111111111111111112234444444444444444444444443322111111
5555555555555555555555421111111111111111111111111111111111111123344444444455555544444444444433221111
5555555555555555555543111111111111111111111111111111111111112234444444445555555555544444444443322111
5555555555555555554311111111111111111111111111111111111111122334444444455555555555554444444444332111
5555555555555554411111111111111111111111111111111111111111223344444444455555555555554444444444332111
1145555555544311111111111111111111111111111111111111111112223344444444445555555555444444444443322111
1111111111111111111111111111111111111111111111111111111111222334444444444444554444444444444433221111

5555555555555555555555555555555555555555555555555555555555444444444444444444433333333333344444444444
5555555555555555555555554444444444444444444444444444444444444444444444444444444444444444444444444445
5555554444444444444444444333332222223333333344444444444444444444444444444444444444444444444444445555
4444444433333333333333222221111111111111222222233333333333333333333333333333333344444444444444555555
3322222222222222222111111111111111111111111111111112222222222222222333333333333333444444444444555555
1111111111111111111611111111111111111111111111111111111111111111112222222222233333333444444444455555
1111111111111111111111111111111111111111111111111111111111111111111111111122222222333334444444445555
1111111111111111111111111111111111111111111111111111111111111111111111111111111122222333334444444455
1111111111111111111111111111111111111111111111111111111111111111111111111161111111112222233334444444
1111111111111111111111111111111111111111111111111111111111111111111111111111111111111111222233334444

1111111111111111111111111111111111334444444444433333333333444444444333332221111111111111111111111113
1111111111111111111111111111111344444444444444444444444444444444444444444433333222211111111111111111
1111111111111111111111111111134444455555555555555444444444444444444444444444443333322111111111111111
1111111111111111111111111111444445555555555555555555555555555555444444444444444444333211111111111111
1111111111111111111111111124444555555555555555555555555555555555555544444444444444443321111111111111
1111111122111111111111111344444555555555555555555555555555555555555555544444444444444331111111111111
1344444444444444321111123444445555555555555555555555555555555555555555555444444444444433111111111111
4555555555555544444443444444445555555555555555555555555555555555555555555555444444444443211111111111
5555555555555555444444444444445555555555555555555555555555555555555555555555555444444444321111111111
5555555555555555554444444444455555555555555555555555555555555555555555555555555554444444432111111611

5555555555555544433322211111111111111111111111111111111111111111111111111111111111111111111111111111
5555555555555554444333222111111111111111111111111111111111111111111111111111111111111111111111111111
5555555555555554444443332222111111111111111111111111111111111111111111111111111111111111111111111111
5555555555555555444444433322221111111111111111111111111111111111111111111111111111111111111111111111
5555555555555555544444444333222211111111111111111111111111111111111111111111111111111111111111111111
5555555555555555555444444444332222211111111111111111111111111111111111111111111111111111111111111111
4444444444444444555555444444433322222211111111111111111111111111111111111111111111111111111111111111
2233333334444444445555554444444333222222222211111111111111111111111111111111222222222221111111111111
1111122222333444444455555544444443333222222222222222222111111111111111122222333344443332211111111111
1111111112222334444444555554444444333333322222222222222222222222222222223334444444444444332111111111

5555555555555555555555555555555555555555555555555555555555555555555555555555555555555555555555555555
5444444444444555555444444444444444445555555555555555555555555555555555555555555555555555555555555555
4444444444444444444444444444444444444444444555555555555555555555555555555555555555555555555555555555
1111111112344444444432111111111111111111234444455555555555555555555555555555555555555555555555555555
1111111111111111111111111111111111111111111113444445555555555555554444444444444444444455555544455555
1111111111111111111111111111111111111111111111113444444444444444444444444444444444444444444444444444
1111111111111111111111111111111111111111111111111113444444444444432111111111123444444444444444444444
1111111111111111111111111111111111111111111111111111111222222111111111111111123444444444444443211111
1111111111111111111111111111111111111111111111111111111111111111111111111111234444444444444443211111
1111111111111111111111111111111111111111111111111111111111111111111111111234444444444444444444321111

5555555555555544444321111111111111111111111234444444444444444444444444444444444321111111111111111111
5555555555555544444442111111111111111112344444444444444444444444444444444444444444211111111111111111
5555555555555544444444321111111111112344444444444444444444444444444444444444444444442111111111111111
5555555555555444444444432211111122234444444444444444444444444444444444444444444444444421111111111111
5555555555554444444444432222222223444444444444444444444444444444444444444444444444444443111111111111
5555555555444444444444332222222234444444444444444444444444444444444444444444444444444444321111111111
5555555544444444444332222212222234444444444444444444444444444444444444444444444444444444432111111111
5555554444444432221111111111111223444444444444444444444444444444444444444444444444444444443211111111
5555444443211111111111111111111112234444444444444444444444444444444444444444444444444444444211111111
5544442111111111111111111111111111122344444444444444444444444444444444444444444444444444444321111111

5555554444444444334444444444444444444443332111111111111111111111111111111111111111111113444555555555
5555444444444333333334444444444444444443332211111111111111111111111111111111111111111134445555555555
5544444444333222223333333333344444444333333221111111111111111111111111111111111111111344445555555555
5444444332211111112223333333333333333333333221111111111111111111111111111111111111113444445555555555
4444332111111111111112222221112222222222222222111111111111111111111111111111111111123444445555555555
4332111111111111111111111111111111111122222222111111111111111111111111111111111111123444444455555544
2111111111111111111111111111111111111111111211111111111111111111111111111111111111112334444444444444
1111111111111111111111111111111111111111111111111111611111111111111111111111111111111112333444443311
1111111111111111111111666111111111111111111111111111111111111111111111161111111111111111111111111111
1111111111111111111111111111111111111111111111111111111111111111111111111111111111111111111111111111

5443322111111111111111111111111111111111111111111111111111111111611111111111111111111111111111111111
5544333222222222222222222221111111111111111111111111111111111112222222222222222222222333333333222211
5544433333322233333333333333332221111111611116111111111222233333333333333333333333333344444444333322
5544443333333333334444444444444333332222211111222222333333344444444444444444444444444444444444444433
5544443333333333444444444444444444443333333333333333344444444444444444444444444444444444444444444443
5544443333333334444444455555554444444444444444444444444444444444444444444444444444444445555554444444
5444443333333334444444455555555554444444444444444444444444444444444444444444444444444455555555444444
5444333333333333444444455555555555444444444444444444444444444444444444444444444444444455555554444444
4443333333333333334444445555555555444444444444444444444444444444444444444444444444444444444444444444
4433322222222223333344444444554444444444444444444444444444444444444443333333333444444444444444444443

5555544111111111111111111111111111111111111111111111111111122344444444445555555555555555555555555555
5555441111111111111111111111111111111111111111111161111111123344444444444445555555555555555555555555
5554411111111111111111111111111111111111111111111111111111123344444444444444444455555555555555555555
5543111111111111111111111111111111111111111111116111111111223344444444444444444444444555555555555555
5431111111111111111111111111111111111111111111111111111111222334444444444444444444444444455555555555
4211111111111111111111111111111111111111111111111111111111122223333333333444444444444444444445555555
2111111111111111111111111111111111111111111111111111111111111222222222222221111222222334444444455555
1111111111111111111111111111111111111111111111111111111111111111111111111111111111111111122344444455
1111111111111111111111111111111111111111111111111111111111111111111111111111111111111111111111244444
1111111111111111111111111111111111111111111111161111111111111111111111111111111111111111111111111234

1111111111111111111111111111111111111111111111111111111111111111111111111111111111111111111111111111
1111111111111111111111111111111111111111111111111111111111111111111111111111111111111111111111111111
1111111111111111111111111111222222222111111111111111111111111111111111111111111111111111111111111111
1111111111111111111111122233333333333322111111111111111111111111111111111111111111111112333444333211
1111111111111111111122233333444444444333221111111111222233333333221111111111111111111233444444444432
1111111111111111222233333344444444444433322111111122233333333333333321111111111111123344444555554444
1111111111112222223333333444444444444433322211111222233333444444433332211111111111223344445555555544
1111111112222222223333333344444444443333221111111112223333344444433332211111111111123344445555555554
1111111112222222222233333333334433333322111111111111112233333333333322111111111111112334444555555554
1111111111111111122222223333333333322211111111111111111112222333222211111111111111111123444444555444

5555555555555555555555555555444444444444444444444444444444444444433333333333333333333333333444444444
5555555555555555555555554444444444444333333333333333444444444444333333333333344444444444444444444444
5555555555555555555555444444444333333333222222333333333344444333333333333333444444444444444444444444
5555555555555555555544444433333333222222222222222223333333333333333222333333444444444444444444444445
5555555555555555554444433332222222211111111111112222223333333333222222223334444444444444444444444455
5555555555555555444443332222111111111111111111111112222222222222222222223334444444444444444444444455
5555555555555554444333222111111111111111111111111111111222222222211112222333444444444444444444444455
5555555555555544443322211111111111111111111111111111111111111111111111122333444444444444444444444455
5555555555555444433221111111111111111111111111111111111111111111111111112233444444444444444444444445
5555555555554444332211111111111111111111111111111111111111111111111111112233344444444444444444444444

5555555555555555555555555555555555555555555555555555555555555555555555555555555555555555555411111111
5555555555555555555555555555555555555555555555555555555555555555555555554455555555555555544111111111
5555555555555555555555544444444445555555555555555555555555555555555444211111344445555544411111111111
5555555555555555554444444444444444445555555555555555555555555555544311111111111112444411111111111111
5555555555555544444444321111112444444455555555555555555555554444441111111111111111111111111111111111
5555555555544444444211111111112344444444555555555555554444444444411111111111111111111111111111111111
5555555554444444421111111112344444444445555555555555444444444444311111111111111111111111111111111111
5555555444444444433333444444444444445555555555555555444444444444411111111111111111111111111111111111
5555555444444444444444444444444555555555555555555555555444444444444111111111111111111111111111111111
5555555444444444444444455555555555555555555555555555555555555555444441111111111111111111111111111111

1111111111111111111111111111111111111112222222222222111111111111111111111111111111111111111111111111
1111111111111111111111111111111111112223444444444444332222211111111111111111111111111111111111111111
1111111161111111111111111111111112222344444555555444444444322222221112222222222222111111111111111111
1111161111111222222222222222222222223444455555555555555444444432222222223344444432221111111111111111
1111111112222233333332222222222222234444555555555555555554444444332222334444444444322111111111111111
1111112222344444444444333222222222334444555555555555555555544444433223334444444444432211111111111111
1122223444444444444444443322222222334444555555555555555555544444332222233444444444432221111111111111
2234444444445455444444444332222222234444555555555555555555444443322222222233444444432222111111111111
4444445555555555554444444432222222234444455555555555555544444432222222222222222332222222211111111111
5555555555555555555444444332222222223444444555555555554444443222211111111111222222222222221111111111

4444444444444443333332222221111111111111111111111111111111111111111111111111111111111111125555555555
4444443333333322222222111111111111111111111111111111111111111111111111111111111111111111114555555555
3333332222222221111111111111111111111111111111111111111161111111111111111111111111111111111555555555
2222221111111111111111111111111111111111111111111122222333322221111111111111111111111111111455555555
1111111111111111111111111111111111111111112222333444444455555555544444444444444432111111111145555555
1111111111111111111111111111111111111122223344444455555555555555555555555555555554431111111135555555
1111111111111111111111111111111111122223344444455555555555555555555555555555555555543161111114555555
1111111111111111111111111111111122223334444455555555555555555555555555555555555555554211111111455555
1111111111111111111111111111222223334444445555555555555555555555555555555555555555555411111111145555
1111111111111111111111122222223333444444555555555555555555555555555555555555555555555421111111114555

1111111111111111111111111111111111111111111111111111116111111661111161111111111111111111244444455555
1111111161611111111111111111111111111111111111111111111111111161111111111611111111111111111111344445
1111111111111111111111111111111111111111111111111111111111111111111111111111116666611111111611111144
1111111344311111111111111111111111111111111111111111111111111111161111111111111111111111111111111111
1111144444443111112344444431111116111111111111111111111111111111111161111111111111111111111111111111
1114444444444444444444444444111111111611111111111111111111111111111111111111161111111111111111111111
1144444444444444444444444444411111111111111111111111111111111111111111111111111161111111111111111111
1444444444444444444444444444431111111111111111111122333221111111111111111111111111111111111111111111
4444444444444444444444444444442111111111111111123444444444433211111111111111111111111111111111111111
4444444444444444444444444444443111111111111112344444444444444444444433332211111111111111111111111111

4444444444433333333333444444444444444443321111111116111111111111111111111111111111111111111111111111
4444444333332222222233333344444444444433321111111111111111111111111111111111111111111111111111111111
4444443332222222222222233333444444444333221111111111111111111111111111111111111111111111111111111111
4444443332222221222222233333344444444333322111111111111111111111111111111111111111111111111111111111
4444443333222222222223333333444444444443333222222233344443321111111111111111111111111111111111111111
4444444433333333333333334444444444444444444333333444444444444444433333344444444444555444441111111111
4444444444444444444444444444444444444444444444444444455555555555555555555555555555555555555555555555
4444444444444444444444444444444444444444444444444455555555555555555555555555555555555555555555555555
5555444444444444444444444444444444444444444445555555555555555555555555555555555555555555555555555555
5555555555554444444545555555555555555555555555555555555555555555555555555555555555555555555555555555

1111111111111111111111111111111111111111111111111111111111112223334444444444332221111111111111111111
1111111111111111111112222222221111111111111111111111111122334444444444444444444444432222111111111111
1111111111111111112344444444433222111111111111111111112234444444444444454444444444444444332211111111
1111111111111111124444444444444433222221111111111111122344444444455555555555544444444444444321111111
1111111111111111344444444444444444433222222111111111223444444444555555555555544444444444444432111111
1111111111111112444444444444444444444333222211111112223444444444555555555555544444444444444442211111
1111111111111112444444444444444444444433322221111111223444444444445555555554444444444433333332211111
1111111111111112444444444444444444444433222211111111122234444444444444444444444444322222222221111111
1111111111111112344444444444444444443322221111111111111222344444444444444444443222111111111111111111
1111111111111111223444444444444433222221111111111111111111122233444444444322211111111111111111111111

1111112333444444444433333333333333333444444444444444444443333211111111111123344444555555555555555555
1111111233333444433333332222222223333333334444444444443333211111111111111111113344444555555555555555
1111111112333333333333222111111112222333333333333333333322111111611111111111111123344445555555555555
1111111111233333333332211111111111112222333333333333332211111111111111111111111111233444455555555555
1111111111123333333322111111111111111122222333333333222111111111111111111111111111112334444555555555
1111111111122333333222111111111111111112222222222222221111111111111111111111111111111123344445555555
1111111111112233333222111111111111111111222222222222111111111111111111111111116111111112333444555555
1111111111112233333322211111111111111111222222222222111111111111111111111111111111111111223344455555
1111111611112233333332222111111111111122222222222222111111111111111111111111111111111111122334445555
1111111111111233333333322222211122222222222222222222211111111111116111111111111111111111222333444555

5555555555555555555555555555555555555555555555555555555555555555555555555555555555443111111111111111
5555555555555555555555555555555554444444555555555555555555555555555555555555555544441111111111111111
5555555444444455555555555444444443211123344444455555555555555555555555555555554444431111111111111111
5554444333334444444444444443111111111111111111344444444444444444444444444444444444311111111111111111
5443111111111111123333211111111111111111111111111112334444444444444444444444444444211111111111111111
4311111111111111111111111111111111111111111111111111111111111122233333444444444443111611111111111111
1111111111111111111111111111111111111111111111111111111111111111111113344444444432111111111111111111
1111111111111111111111111111111111111111111111111111111111111111111112344444444433111111111111111111
1611111111111111111111111111111111111111111111111111111111111111111123444444444443211111111111111111
1111111111111111111111111111111111111111111111111111111111111111112344444444444444431111111111111111

5555555555544444444443322111111111111111111111111111111111111111111111111111111111111111111111111111
5555554444444444444443332211111111111111111111111111111111111111111111111111111111111111111111111111
4444444444444444444443333222111111111111111111111111111111111111111111111111111111111111111111111111
4444444444444444444443333322211111111111111111111111111111111111111111111111111111111111111112222211
3333333333333333333443333332221111111111111111111111111111111111111111111111111111111112445555555555
2222223333333333333334443333322211111111111111111111111111233443332211111111111111123455555555555555
1122222222222333333334444433332221111111111111111111111112344444444322111111111123455555555555555555
1111111222222223333334444443333322211111111111111111111123444444444443222222234445555555555555555555
1111111111222222233333444444333332221111111111111111111123444455444444333344445555555555555555555555
1111111111112222233333344444433332222211111111111111111223444455444444444444555555555555555555555555

1111111111111111111111111111111111111111111111111111111111111111111111111111111111111111111111111111
1111111111111111111111111111111111111111111111111111111111111111111111111111111111111111111111111111
1111111111111111111111111111111111111111111111111111111111111111111111133444444443211111111111111111
1111111111111111111111111111111111111111111111111111111111111111112334445555555555444431111111111111
1111111111111111111111111111111111111111111111111111111112334444444444555555555555555554443321111111
3333332211111111111111111111111111111111111111111112334444455555555555555555555555555555555544444444
5555555555444444443333332222222211111111111123334444455555555555555555555555555555555555555555555555
5555555555555555555555555444444444444444444444445555555555555555555555555555555555555555555555555555
5555555555555555555555555555555555555555555555555555555555555555555555555555555555555555555555555555
5555555555555555555555555555555555555555555555555555555555555555555555555555555555555555555555555555

1111111111111111111111111111111111111111111111111111111112223333333221111111111111111111111344555555
1111111111111111111111111111111111222222222222222211122222333333333222111111111111111111111134455555
1111111111111111111111111111112222222333333333333222222333333333333322111111111111111111111113445555
1111111111111111111111111111222222333333333333333333333333444444433332111111111111111111111112444555
1111111122222222221111111112222223333333333333333333333444444444443332211111111111111111111111344555
1111122333333322222111111111222222333333333444444444444444444444444333211111111111111111111111244455
1111233333333322221111111111112222233333334444444444444444444444444433221111111111111111111111234455
1123344444333322111111111111111122222333333444444444444444444444444443321111111111111111111111134455
1233444444333221111111111111111111122233333444444444444444444444444443332111111111111111111111134445
1334444444332211111111111111111111111222333344444444444444444444444444333211111111111111111111234445

5555555555555555555555555555555555555555555555555555555555544444444445555555555555555544444433211111
5555555555555555555555555555555555555555555555555544444455555444444445555555555555555444444322111111
5555555555555555555555555555555555555555555555554444444455555544444445555555555555554444433221111111
5555555555555555555555555555555555555555555554444444444455555555444445555555555555444444332111111111
5555555555555555555555555555555555555555555444444444444455555555544444555555555444444443221111111111
5555555555555555555555555555555555555555444432222334444445555555544444444444444444444332211111111111
4444444445555555555555555555555555555444322111111223444445555555544444444444444444433221111111111111
4444444444444444444444444555555544443321111111111112344444555555444444444444444443322111111111111111
2222222333333333322222223333333322111111111111111111234444444444444444444444443332211111111111111111
1111111111111111111111111111111111111111111111111111123444444444444444444443332221111111111111111111

5555555555555555555555555555555555555555555555555555555555555555555555444433332222222222111111111111
5555555555555555555555554444444444444444555555555555555555555555555444443322111111111111111111111111
5555555555555555554444444444333333344444444444444455555555555555444444332111111111111111111111111111
5555555555555444444444333322222222222333333444444444444444444444444433321111111111111111111111111111
5555555555544444443333222111111111111122223333334444444444444444444333211111111111111112222221111111
5555555554444444433322211111111111111111122223333334444444444444444333211111111111112223333333221111
5555555554444444333322211111111111111111222233333334444444444444444433321111111112223333444444333321
5555555555444444443333222211111111122222333333334444444444444444444443333222222233334444444444444433
5555555555544444444444333333333333333333444444444444444444444444444444444333333444444444455555444444
5555555555555554444444444444444444444444444444444455555555555555555554444444444444455555555555555555

5544444333222222222211111111111111111111111111222333333334444444444444444444444444433211111111111134
5544443333222222223222222211111111111111112223333333344444444444444444444444444433211111111111111111
5444433322222233333333333322222211122222233333333444444444444444444444444444443322111111111111111111
4444333222222233333333333333322222222233333333344444443333333333333333333333332211111111111111111111
4443322222222233333333333333333333333333333333333333333333333333333333333333221111111111111111111111
4332211111112222333333333333333222223333333333333333333222222211122222222221111111111111111111111111
3211111111111112223333333332222222222222222222222222211111111111111111111111111111111111111111111111
1111111111111111112222222222111111111111111111111111111111111111111111111111111111111111111111111111
1111111111111111111111111111111111111111111111111111111111111111111111111111111111111111111111111111
1111111111111111111111111111111111111111111111111111111111111111111111111111111111111111111111111111

5555555444444445555555555555555555555555555555555555555554444421111111111111111111111111124455555555
5555555444444444555555555555555555555555555555555555555544444444432111111111111111111114445555555555
5555555444444444455555555555555555555555555555555555444444444444444444211111111111113444555555555555
5555555444444444445555555555555555555555555555555443211112344444444444444422222234444455555555555555
5555554444444444444455555555555555555555555555441111111111111344444444444444444444445555555555555555
5555544444211111234444555555555555555555555543111111111111111114444444444444444444555555555555555555
5555444431111111111124444555555555555555544111111111111111111111144444444444444445555555555555555555
5554444211111111111111112444444555544443111111111111111111111111111244444444444445555555555555555555
5544421111111111111111111111111111111111111111111111111111111111111111123444444444555555555555555555
4444111111111111111111111111111111111111111111111111111111111111111111111112344444455555555555555555

1111111111111111111114555555555541111111111111111111111111111111111111112233344444444455555555555555
1111111111111111113555555555555555411111111111111111111111111111111111122333444444445555555555555555
5553111111111113555555555555555555541111111111111111111111111111111111223334444444455555555555555555
5555555555555555555555555555555555554111111111111111111111111111111112223344444444455555555555555555
5555555555555555555555555555555555555411111111111111111111111111111122223344444444555555555555555555
5555555555555555555555555555555555555541111111111111111111111112222222233344444444555555555555555555
5555555555555555555555555555555555555554111111111111111111111122222222233344444444555555555555555555
5555555555555555555555555555555555555555411111111111111111111222222222233344444444555555555555555555
5555555555555555555555555555555555555555542111111111111111112223322222233344444444555555555555555555
5555555555555555555555555555555555555555554411111111111111122333333333333344444444555555555555555555

1111111111111111111111111111111111111111111111111134455555555555555555555555555555555555555555555555
1111111111111111111111111111111111111111111111112444555555555555555555555555555555555555555555555555
4442111111111111111111111111111111111111111112344445555555555555555555555555555555555555555555555555
5544444321111111111111111111111111111111112234444455555555555555555555555555555555555555555555555555
5555544444432111111111111111111111111222334444444555555555555555555555555555555555555555555555555555
5555555544444443221111111111111122223334444444444455555555555555555555555555555555555555555555555555
5555555555544444443322222222222233334444444444444445555555555555555555555555555555555555555555555555
5555555555554444444433322222222233333333333444444444445555555555555555555555555555555555555555555555
5555555555554444444433222222222222222111111112222334444444555555555555555555555555555555544411111111
5555555555544444443222111111111111111111111111111111111234444455555555555555555555555442111111111111

1111111111111111111111111111111111111111111111111111111122334444444333332211111111111111111112233444
1111111111111111111111111111111111111111111111111111111233444444444443333221111111111111111112333444
1111111111111111111111111111111111111111111111111111123344444444444444433322111111111111111122334444
1111111111111111111111111111111111111111111111111112333444444444444444443332211111111111111123334444
1111111111111111111111111111111111111111111111112233344444445555544444444333221111111111111223334444
1111111111111111111111111111111111111111111112223333444444555555554444444333322111111111112233344444
5555554432111111111111111111111111111111112233333444444445555555555444444433332211111111122333344445
5555555555443211111111111111111111111122333333444444444445555555555444444443333222111111222333444445
5555555555555443322111111111122222223333334444444444444455555555555544444443333322222222233334444455
5555555555555555444433333333333333333344444444444444444455555555555544444444333332222222333344444455

4444433222233334444444444433322222223344444444444444555555555555555555555555555555555555555544444444
4321111111111112222333332222111111112223344444444444444444444445555555555555555555544444444444432211
1111111111111111111111211111111111111122233444444444444444444444444444444444444444444444443322111111
1111111111111111111111111111111111111112223344444444444444444444444444444444444444444332211111111111
1111111111111111111111111111111111111122233334443333322222222223333344444444444333222111111111111111
1111111111111111111111111111111111122223333444433332222111111111122222222222222221111111111111111111
1111111111111111111111111111222222233334444444443332221111111111111111111111111111111111111111111111
1111111111111111111111111222233333444444444444444433221111111111111111111111111111111111111111111111
1111111111111111111111122333444444444444444444444443322111111111111111111111111111111111111111111111
1111111111111111111112233444444444444444444444444444432221111111111111111111111111111111111111111111

5555555555555555555555555555444444444444444444443221111111111111111111111111111111111111111111111111
5555555555555555555555555555555555555555555555544443221111111111111111111222222111111111111111111111
5555555555555555555555555555555555555555555555554444332111111111111111223333333332222222222222222222
5555555555555555555555555555555555555555555555544444322111111111111122333444444433333333333333333332
5555555555555555555555555555554444444444444444443322111111111111111112333444444444333333333333333333
5555555555555555555555555554433222222222222211111111111111111111111111223334444443333333333333333333
5555555555555555555555554431111111111111111111111111111111111111111111111223333333333333333333333333
5555555555555555555554431111111111111111111111111111111111111111111111111111111122222222222223333322
5555555544444444443321111111111111111111111111111111111111111111111111111111111111111111111111222221
5555554432111111111111111111111111111111111111111111111111111111111111111111111111111111111111111111

3332221111111111111111122222221111111111111111611161111111111111111111111111111111111611111111111111
3333333333322222333333333333333333322111111111111111111111111111111111111111111111111111111111111111
3433333333333333333344444444444443333332211111111111111111111111111111111111111111122222211111111111
4444444333333333344444444444444444433333332222222222333322222222111111222222233333333333333332211111
3334444433333334444444444444444444443333333332233333333333333333333333333333333333333333333333332211
3333333333333333334444444444444444333333322222222223333333333333333333333333333333333333333333333221
2233333333333333333333333333333333333222111111111111222222222222233333333333333333333333333333333221
1111111122222222222233333333332222111111111111111111111111111111111222222333333333332222222233332211
1111111111111111111111111111111111111111111111111111111111111111111111111111111111111111111111111111
1111111111111111111111111111111111111111111111111111111111116111111111111111111111111111111111111111

1111111111111111111111111111111111111111111111111111111111111111111111111111111111111144455555555555
1111111111111111111111111111111111111111111111111144444444442111111111111111116111144445555555555555
1111111111111111111611111111166661611111111111444444445555444441111161111111111124444555555555555555
1111111111111111111111111111111111111111111444444455555555555444411111111111114444455555555555555555
1111114444444111111111111111111111111111444444445555555555555544444111111112444445555555555555555555
1112444444444444311111111111111111111244444444555555555555555554444442112444444455555555555555555555
1144444444444444444211111111111111123444444445555555555555555554444444444444444555555555555555555555
1444444444444444444432111111111111124444444445555555555555555554444444444444444555555555555555555555
3444445554444444444443211111111111112444444444555555555555555554444444444444444555555555555555555555
4444555555544444444432111111111111111134444444455555555555555444444444444444444555555555555555555555

1111111111111244555555555555555555555555555554431111111111111112344445555555555555555555555555555555
1111111111111134444555555555555555555555555443211111111111111112344444444444555555555555555555555543
1111111111111112344444444455555555555554444431111111111111111112344444444444444444444555555544442111
1111111111111111223333334444444444444444443211111111111111111122344444444433333333333444433221111111
1111111111111111111111111222333444444443332111111611111111111233444444443322111111111111111111111111
1111111111111111111111111111112233333333322211111111111111123344444444433211111111611111111111111111
1111111111111111111111111111111222333333333332222111112233444444444444443211111111111111111111111111
1111111111111111111111111111111223334444444444444444444444445555555544443211111111111111111111111111
1111111111111222221111111111122334444444444444555555555555555555555554444211111111111111111111111111
1111111112233333333222222222334444444555555555555555555555555555555555544311111111111111111111111111

1111112233333332211111111111111111111111111111111111111111111111111111111111111111111111111111111111
1111112334444333221111111111111111111111111111111111111111111111111111111111111111111111111111111111
1111123344444433321111111111111111111111111111111111111111111111111111111111111111111111111111111111
1111123344444443322111111111111111111111111111111111222222333222211111111111111111111111111111111111
1111123334444433322111111111111111111111111111112222233333333333222211111111111111111222333333221111
1111122333444333322111111111111111111111111111122223333334444333322222111111111222334444444444444444
1111112233333333322111111111111111111111111111222233333444444333332222222222222334444445555555555555
1111112223333333221111111111111111111111111111222233333344443333322221112222233444444555555555555555
1111111222333332221111111111111111111111111111222233333333333332221111111122334444455555555555555555
1111111122222222211111111111111111111111111111112222333333333222111111111122334444555555555555555555

3321111111111111112333333333333333333333344444444444555555555544433111111111111111111111111111111111
3311111111111111123333333333333333333333333333334444444455544444331111111111111111111111111111111111
3111111111111111233333334443333333333322222222333333444444444433111111111111111111111111111111111111
1111111111111112333334444444333333321111111111111113333444343321111111111111111111111111111111111111
1111111111111123333444444444333332111111111111111111112333331111111111111111111111111111111111111111
1111111161111233334444444434333321111111111111111111111111111111111111111111111111111111111111111111
1111111111111333344444444444333211111111111111111111111111111111111111111111111111111111111111111111
1111111111112333344444444443333111111111111111111111111111111111111111111111111111111111111111111111
1111111111113333444444444443331111111111111111111111111111111111111111111111111111111111111111111111
1111111111123333434444444433321111111111111111111111111111111111111111111111111111111111111111111111

1111111111111111111111111111111111111111111111111111111111111111111111111111111111245555555555555555
1111111111111111111111111111111111111111111111111111111111111111111111111111111111112455555555555555
1111111111111111111111111111111111111111111111111111111111111111111111111111111111111114455555555555
1111111111111111111111111111111111111111111111111111111111111111111111111111111111111111144555555555
1111111111111111111111111111111111111111111111111111111111111111111111111111111111111111111144555555
1111111111111111111111111111111111111111111111111111111111111111111111111111111111111111111111144555
1111111111111111111111111111111111111111111111111111111111111111111111111111111111111111111111111345
1111111111111111111111111111111111111111111111111111111111111111111111111111111111111111111111111111
1111111111111111111111111111111111111111111111111111111111111111111111111111111111111111111111111111
1111111111111111111111111111111111111111111111111111111111111111111111111111111111111111111111111111

5555555554444444444444444444444433322211111111111111111111111111111111123344444444431111111111111111
5555544444444444444444444444443333322221111111111111111111111111111112334444444444444211111111111111
5544444444444444444444444444333332222222111111111111111111111111111122344444444444444431111111111111
4444444444444444444444443333333222222222111111111111111111111111111112233444444444444444111111111111
4444444444444333333333333322222222222211111111111111111111111111111111112233444444444444411111111111
3322222222222222222222222222222221111111111111111111111111111111111111111111123444444444441111111111
1111111111111111112222111111111111111111111111111111111111111111111111111111111124444444444111111111
1111111111111111111111111111111111111111111111111111111111111111111111111111111111244444444311111111
1111111111111111111111111111111111111111111111111111111111111111111111111111111111124444444411111111
1611111111111111111111111111111111111111111111111111111611111111111111111111111111111344444431111111

5555555555555555555555555443111111111111111111111111111111111111111111111111111111111111111111111111
4555555555555555555555555544321111111111111111111111111111111111111111111111111111111111111111111111
4455555555555555555555555554442111111111111111111111111111111111111111111111111111111111111111111111
3444555555555555555555555554444211111111111111111111111111111111111111111111111111111111111111111111
2344445555555555444444444544444311111111111111111111111111111111111111111111111111111111111111111111
1224444444444444444444444444444421111111111111111111111111111111111111111111111111111111111111111111
1112244444444444444444444444444442111111111112455555544211111111111111111111111111111111111111111111
1111222334433322222233444444444444211111112455555555555554211111111111111111111111111111111111111111
1611111222222222222222234444444444444444455555555555555555543111111111111111111111111111111111111111
1111111111111111111112224444455555555555555555555555555555555542111111111111111111111111111111111111

1111111111111111111111111111111444555555555555555555555555555555555555555555555555555555555555555555
1111111111111111111111111111111144455555555555555555555555555555555555555554442134445555555555555555
1112444444311111111111111111111114445555555555555555555555555555555555555421111111114455555555555555
1344444444444421111111111111111111444555555555555555555555555555555555541111111111111245555555555555
4444444444444444421111111111111111144445555555555555555555555555555554411111111111111124555555555555
4445555555544444444432111111111111114444555555555555555555555555555441111111111111111114455555555555
4555555555555444444444421111111111111444445555555555555555555555544411111111111111111112455555555555
5555555555555555444444444311111111111134444455555555555555555554442111111111111111111112455555555555
5555555555555555555444444443111111111113444444455555555555555444411111111111111111111114455555555555
5555555555555555555554444444432111111112344444444445555555444444111111111111111111111114455555555555

5555554444444333332222222222222222222222222222333333344444444444333322222222222223333334444444444444
5544444444433332222222221111111111111111111222222223333333333333332221111111111122222233333333333333
4444444443333222222211111111111111111111111111112222223333333333222211111111111111112222222222222222
4444444433333222222111111111111111111111111111111122222233333333222111111111111111111111111222222221
4444444333333222222211111111111111111111111111111122222233333333222111111111111111111111111111111111
3333333333333322222222211111111111111111111111111222222333333333322211111111111111111111111111111111
3333333433333333322222222222111111111111111112222222233333334433333222111111111111111111111111111111
3333344444444333333333332222222222222222222222222333333444444444433332221111111111111111111111111111
3334444444444444444443333333333333333333333333333334444444444444444433322222111111111111111111111111
4444444444444444444444444444444444444444444444444444444444455554444444433332222222222222111111111111

5555555555555555555555555555555555554444444444444444444444555555555555555555555555555555555555555555
5555555555555555555555555555555555555554444444444444444555555555555555555555555555555555555555555555
5555555555555555555555555555555555555555555555555555555555555555555555555555555555555555555555555555
5555555555555555555555555555555555555555555555555555555555555555555555555555555555555555555555555555
5555555555555555555555555555555555555555555555555555555555555555555555555555555555555555555555555555
5555555555555555555555555555555555555555555555555555555555555555555555555555555555555555555555555555
5555555555555555555555555555555555555555555555555555555555444444555555555555555555555555555555555555
5555555555555555555555555555555554444444444455555555444444444444444444444444444444444445555555544441
5555555555555555555555555555544444444444444444444444444444444444444444443211111111111244444444411111
5555555555555555555555555444444444444444444444444444444444443111111111111111111161111111111111111111

4444444444444444444444444444444444444444444444555555555555555555555555555555555555555555555555555555
4444444444444444444444444444444444444444444444455555555555555555555555555555555555555555555555555555
4444444444444444444444444444444444444444444444444455555555555555555555555555555555555555555555555555
2222222222333333333344444444443333333333333344444444455555555555555555555555555555555555555555555555
1111122222222222222222222222222222222222222222222234444444455555555555555555555555555555555555555551
1111111111111222222222222222222222222221111111111111111111111124444555555555555555555555555555555411
1111111111111111111111111111111111111111111111111111111111111111111111345555555555555555555555551111
1111111111111111111111111111111111111111111111111111111111111111111111111114555555555555555555111111
1111111111111111111111111111111111111111111111111111111111111111111111111111113455555555555511111111
6111111111111111111111111111111111111111111111111111111111111111111111111111111116124444111111111111

4443222222222222221111111111111111111111111111111111111111111111111111111111111111111111111111111111
4444444444444444444443322211111111111111111111111111112222222222222222111111111111111111111111111111
4444444444444444444444444432221111111111111111111112223333333333333333333222222222222222222211111111
4444444444444444444444444444332221111111111111111122233333333333333333333333222333444444444444421111
4444444444444444444444444444432221111111111111111111122222222222222222222222222234444444444444444311
4444444444444444444444444444322111111111111111111111111111111111111111111111111223444444444444444441
4444444444444444444444444322211111111111111111111111111111111111111111111111111111234444444444444444
2222223444444444444444322111111111111111111111111111111111111111111111111111111111112344444444444444
1111111122233444332211111111111111111111111111111111111111111111111111111111111111111124444444444444
1111111111111111111111111111111111111111111111111111111111111111111111111111111111111111244444444444

1111111111111111111111111111111111111111111111111111111111111111111111111111111111111111111111111111
1111111111111111111111111111111111111111111111111111111111111111111111111111111111111111111111111111
1111111111111111111111111111111111111111111111111111111111111111111111111111111111111111111111111111
1111111111111111111111111111111111111111111111111111111111111111111111111111111111144444444444311111
1111111111111111111111111111111111111344444211111111111111111111111111111111113444555555555555544421
1111111111111111111111111111111111344444444444311111111111111111111111111114445555555555555555555554
1111111111111111111111111111111112444444444444442111111111111111111111111444555555555555555555555555
1111111111111111111111111111111111344444444444444111111111111111111111144455555555555555555555555555
1111111111111111111111111111111111111444444444442111111111111111111113445555555555555555555555555555
1111111111111111111111111111111111111111112221111111111111111111111124445555555555555555555555555555

1111111111344444555555555555555555555555554444444444433333222222222333333444444444444444555555555555
1111111123444555555555555555555555555555555444444444443333332222233333333444444444444444445555555555
1111111244455555555555555555555555555555555444444444443333332222333333333344444444444444444455555555
1111112444555555555555555555555555555555544444444444433333222222223333333334444444444444444444455555
1111113444555555555555555555555555555555544444444443333222222222222222333333333444444444444444444455
1111124444555555555555555555555555555544444444444333222222222222222222222222333333333444444444444444
1111124444555555555555555555555555544444444443332222211111111111111111112222222222222233333333334444
1111123444455555555555555555554444444444433322211111111111111111111111111111111111111111111111222223
1111112444444454555555544444444444444332221111111111111111111111111111111111111111111111111111111111
1111111234444444444444444444443332221111111111111116111111116111111111111111111111111111111111111111

1111111123444444444444444444444444444444444444444444433221111111111111111111111111111111111111111111
1111244444444444444444444444444444444444444444444444444433221111111111111111111111111111111111111111
1134455555555555555544444444445444544444444444444444444444433222111111111111111111111111111111111111
3445555555555555555555555555555555555555555554444444444444444443332211111111111111111111111111111111
4555555555555555555555555555555555555555555555554444444444444444444433322111111111111111111111111111
5555555555555555555555555555555555555555555555555444444444444444444444444333222111111111111111111111
5555555555555555555555555555555555555555555555554444444444444444444444444444443333332222211111111111
5555555555555555555555555555555555555555555555545444444444444444444444444444444444444444433332211111
5555555555555555555555555555555555555555555555544444444444444444444444444444444444444444444444433221
5555555555555555555555555555555555555555555555444444444444444444444444444444444444444444444444444433

1111111111111111111111111111111111111111111111111111344444444444444444444433221111111111111111111111
1111111111111111111111111111111111111111111111113444444444444444444444444444444444444444444444444444
1111111111111111111111111111111111111111111112344444444555555555555555444444444444444444444444444444
2233333333322222221111111111111111111111111124444444455555555555555555555544444444444444444444444444
4444433333333332222211111111111111111111111134444444455555555555555555555544444444444444444444444444
4433221111111111111111111111111111111111111113444444444555555555555555544444444444444444444444444444
2111111111111111111111111111111111111111111111124444444444444444444444444444444444444444444444444444
1111111111111111111111111111111111111111111111111113444444444444444444444444444444444444444444444444
1111111111111111111111111111111111111111111111111111111111122222221111111111111111111111122233333333
1111111111111111111111111111111111111111111111111111111111111111111111111111111111111111111111111111

1111111161111122333333333333444444444444444444444444444444555554444455555555555544444444444444444444
1111111611111222222222222212222223333333333332222222233333333333222233444444444444443333444444444444
1111111111112222222221111111111111111111111111111111111111111111111111111122333332222222334444444444
1111111111122333322221111111111111111111111111111111111111111111611611111111122222222223344444444444
1111111112233444333221111111111111111111111111111111111111111111111111111111122333333444444444555555
1111112234444444443322211111111111111111111111111111111111111116111111111112344444444444445555555555
1112334444444444444443322211111111111111111111111111111111111111111111111244444444555555555555555555
3444444444444444444444443333222222222222221111111112222222222111111122344444555555555555555555555555
4444445555555555444444444444444444444444444444444444444444444444444444445555555555555555555555555555
5555555555555555555555444444444444444444444444445555555555555555555555555555555555555555555555555555

4444444444444444444444444444444444444444444444444444444444444444444444444444444444444443322111111111
4444444444444444444444444444444444444444444444444444444444433333333333333322222222222222211111111111
4444444444444444444444444443332222334444444444444444443322211111111222211111111111122222211111111111
4444444444444444444443333222111111222334444444444443332211111111111111111111111112222233332211111111
4444444444333333333332222111111111122233444444444433322111111111111111122222222333444444444443211111
4444444444333333222222211111111111122334444444444444332221111111112223333344444444444444444444442111
4444444444443333332222221111111112233444444444444444444333222223334444444444444444444444444444444411
4444444444444444333333222222222233444444444444444444444444444444444444444444444444444555555555444442
5544444444444444444444444333344444444444444444444444444444444444444444444444555555555555555555555444
5555444444444444444444444444444444444444444444444444444444444444444455555555555555555555555555555554

5555555555555555555555555555555555555555555555555555555555555555555555555555555555555555555555555555
5555555544444444555555555555555555555555555555555555555555555555555555555555555555555555555555555555
5554444444444444444444455555555555444444444445555555555555555555555555555555555555555555555555555555
5444443222222222333444444444444444444444444444444555555555555555555555555555555555444444444444444444
4443322221111222222233444444444444444444444444444445555555555555555555555555554444443322222222334444
4432222211111112222223334444444444444444433344444444455555555555555555555554444443222111111111122222
4332222222222222222223334444444444444444444444444444445555555555555555555444444322111111111111111111
4443332222222222223334444444444444444444444444444444455555555555555555554444443221111111111111111111
4444444444444444444444444444444555555544444444444555555555555555555555544444432221111111111111111111
4444444444444444444444445555555555555555555555555555555555555555555555554444443221111111111111111111

5441111111111111111111111111111111111111111111111122344444443211111444555555555555555555111111111111
1111111111111111111111111111111111111111111111111122344444444211111445555555555555555555511111111111
1111111111111111111111111111111111111111111111111122344444444221111445555555555555555555554111111111
1111111111111111111111111111111122222222211111111122234444444321112445555555555555555555555511111111
1111111111111111111111116111112344444444332221111122234444444322124455555555555555555555555551111111
1111111111111111111111111111134444444444444432222222344444444433344455555555555555555555555555511111
1111111111111111111111111112444444444444444444333333444444444444444555555555555555555555555555555111
1111111111111111111111111124444444444444444444444444444444444444445555555555555555555555555555555555
1111111111111111111111111144444555555554444444444444444444444444555555555555555555555555555555555555
1111111111111111111111111444455555555555554444444444444444444555555555555555555555555555555555555555

5555555555555555555555555555555555555555555555555555555555555555555555555555555555555555555555555555
5555555555555555555555555555555555555555555555555555555555444444444444444444444444444445555555555555
5555555555555555555555555555555555555555555555555555544444321111112344444321111111111234444555555555
5555555555555555555555555555554444443333344444444444444311111111111112221111111111111111134444455555
5555555555555555555555555544443111111111111111122333321111111111111111111111111111111111111344444444
5555555555555555555555444443111111111111111111111111111111111111111123321111111111111111111123444444
4555555555555555554444443211111111111111111111111111221111111111123444443211111111111111111123444444
4555555555555555444444431111116111111111111111111334444444444444444444444443111111111111111234444444
4555555555555554444444321111111111111111111111344444444444444445555555555544443211111111234444444444
5555555555555554444444432111111111111111112344444455555555555555555555555555554444444444444445555555

1111111111111111111111111111111111111111111111111111111111111111111111111111111111111111111111111111
1111111111111111111111111111111111111111111111111111111111111111111111111111111111111111111111111111
1111111111111111111111111111111111111111111111111111111111111111111111111111111111111111111111111111
1111111111111111111111111111111111111111111111111111111222211111111111111111111111111111111111111111
1111111111111111111111111111111111111111111111111112233333333333222222222222111111111111111111111111
1111111111111111111111111111111111111111111111111122333444444433333333333333333211111111111111111111
1111111111111111111111111111111111111111111111111112333444444443333333344444444331111111111111111111
1111111111111111111111111111111111111111111111111111223333333333333333334444444432111111111111111111
1111111111111111111111111111111111111111111111111111111112222222222222233333443331111111111111111111
1111111111111111111111111111111111111111111111111111111111111111111111111122222211111111111111111111

1111111111111111111111111111111111111111111111111111111111145555555555555555555555555555555555555555
1111111111111111111111111111111111111111111111111111111114555555555555555555555555555555555555555555
1111111111111111111111111111111111111111111111111111111355555555555555555555555555555555555555555555
1111111111111111111111111111111111111111111111111111114555555555555555555555555555555555555555555555
1111111111111111111111111111111111111111111111111111245555555555555555555555555555555555555555555555
1111111111111111111113444444444211111111111111111114455555555555555555555555555555555555555555555555
1111111111111244445555555555555555444444111111111144455555555555555555555555555555555555555555555555
1111112444445555555555555555555555555554444432112444455555555555555555555555555555555444455555555555
1444455555555555555555555555555555555555544444322244445555555555555555555555555544111111111455555555
5555555555555555555555555555555555555555554442111111144445555555555555555555431111111111111111455555

5555555555555555544444455555555555555555555555544444444432211111111111111111111111111116611111111111
5555555555555444321123444444555555555555554444444444443211111111111111111616111616111111111111111111
5555555555554311111111113444444444444444444444444443322111111111111111111111111111111111111111111111
5555555555441111111111111134444444444444444444444433211111111111111111111111111111111111123334444444
5555555554311111111111111123444444444444444444444332211111111111111111111111111111111223444444444444
5555555544111111111111111123444444444444444444444433322111111111111111111111111111233444444444555555
5555555441111111111111111134444444444444444444444444433322211111111111111112223334444444445555555555
5555554431111111111111112344444444444444444444444444444444433333333333333444444444444445555555555555
5555554431111611111111234444455555555555555544444444444444444444444444444444444444455555555555555555
5555554443111111111124444455555555555555555555555555554444444444444444444444455555555555555555555555

5555555555555555555555555555555555555555555555555555555444444444444444432111111111111111111111111111
5555555555555555555555555555555555555555555555555555555444444444444444444432111111111111111111111111
5555555555555555555555555555555555555555555555555555554444444444444444444444431111111111111111111111
5555555555555555555555555555555555555555555555555555444444444444444444444444444311111111111111111111
5555555555555555555555555555555555555555555555554444444444444444444444444444444443111111111111111111
5555555555544444444444555555555555555444444444444444444444444444444444444444444444431111111111111111
5555555554444444444444444444444444444444444444444444444332221111223444444444444444444411111111111111
5555555544444444444444444444444444444444444444444332211111111111111123444444444444444444111111111111
5555554444432111112233444444444444433332222211111111111111111111111111134444444444444444431111111111
5555544443111111111111111222211111111111111111111111116111111111111111111344444444555554444111111111

4444444444444444444444444444444443222222234444444455555555555555555555555555555555555555555555555555
5555555555555555555555555544444444322222234444444445555555555555555555555555555555555555555555555555
5555555555555555555555555555444444322222223444444444455555555555555555555555555555555555555555555555
5555555555555555555555555555444444221111122234444444444445555555555555555555555555555544444455555555
5555555555555555555555555554444432111111111112233444444444444555555555555555555555544444444445555555
5555555555555555555555555444444211111111111111111122334444444444455555555555555554444444444444455555
5555555555555555555555444444421111111111111111111111111222344444444444445555444444444432222234445555
5555555555555555554444444421111111111111111111111111111111111223444444444444444444442211111112444555
5555555555555544444444221111111111111111111111111111111111111111122234444444444443211111111111134445
5555555555554444432111111111111111111111111111111111111111111111111111122222222211111111111111112444

1111111111111111111111111111111111111111223444444444444444444444444444444443111111111111111111111111
1111111111111111111111111111111111111111123344444444333333344444444444444321111111111111111111111111
1111111111111111111111111111111111111111123333333333222222222333344444332211111111111111111111111111
1111111111111111111111111111111111111111122333333322221111111122223332221111111111111111111111111111
1111111111111111111111111111111111111111223333333222211111111111222222111111111111111111111111111111
1111111111111111111111111111111111111112233333333322211111111111112211111111111111111111111111111111
1111111111111111111111112223222222222223334444443333222111111111122221111111111111111111111111234444
1111111111111111111112344444444444333344444444444443332222222222222222211111111111111111111123444454
1111111111111111112344444444444444444444444444444444443333333333333333222111111111111111111344455555
1111111111111112444444555555544444444444444444444444444444444444444444433322111111111111234445555555

1111111111111111112444455555555555555555555555555555555555555544421111111111111122334443332211111111
1111111111111111111344445555555555555555555555555555555555443111111111111111111111123333332211111111
1111111111111111111244445555555555555555555555555555544411111111111111111111111111111223332211111111
1111111111111111111344445555555555555555555554444431111111111111111111111111111111111122222211111111
1111111111111111112444445555555555555554444432111111111111111111111111111111111111111112222211111111
1111111111111111124444555555555555554444421111111111111111111111111111111111111111111112222211111111
1111111111111111344445555555555555554443111111111111111111111111111111111111111111111112222221111111
1111111111111134444555555555555555554442111111111111111111111111111111111111111111111112333322211112
1111111111112444555555555555555555554442111111111111111111111111111111111111111111111123333333322233
1111111111244455555555555555555555555443111111111111111111111111111111111111111111111234444444444444

1111111111111112444444444444444444444455555555555555555555555555555555554444444444444444444455555555
1111111111111234444444444444444444444444445555555555555554444555554444444444444444334444444444444555
1111111111112444444444444444444444444444444444444444444444444444444444444444311111111111111344444444
1111111111234444444444444444444444444444444444444444444444444444444444444211111111111111111111113444
1111111133444444444444444444444444444444444444444444444444444444444444311111111111116611111111111111
1111123444444444444444444444444444444444444444444444444444444444443211111111111111111111111111111111
1113444444444444333333333444444444444444444444444444444433221111111111111111111111111111111111111111
1344444444444332111111111111122333444444444444444443321111111111111111111111111111111111111111111111
4444444444443211111111111111111111111223333333222111111111111111111111111111111111111111111111111111
4444444444432111111111111111111111111111111111111111111111111111111111111111111111111111111111111111

1111112333344444444444455555555444444433332222222222211111111111111111111111111111112223333344444455
1111223334444444444444455555555444444433322222222222222211111111111111111111111122333334444444444455
1112333344444444444444445555554444444333322222222233332222211111111111111111122333444444444444444455
1223334444444444444444445555544444444333222222223333333333222221111111112223333444444444444444444455
2333444444444444444444444444444444444333222222233333333333333332222222233333444444444444444444444555
3344444444444444444444444444444444444333222222333333334443333333333333334444444444444555544444444555
4444444444444444444444444444444444443333222223333334444444444444444444444444444445555555555544445555
4444444444444444444444444444444444443333322333333444444444444444444444444444445555555555555555555555
4444444444444444444444444444444444443333333333334444444444444444444444444444555555555555555555555555
4444444444444444444444444444444444444333333333344444444444444444444444444555555555555555555555555555

1111111111111111111111111111111111111111111111111111111111111611344555555555555555555555555555555555
1111111111111111111111111111111111111112333444443331111111111111111112445555555555555555444333211133
1111111111111111111111111111111113333444444444444431111111111111111111111111344444443111111111111111
1111111123333444444444433344444444444444444444444431111111111111111111111111111111111111111111111111
1111123444444444444444444444444444444555555555444431111111111111111111111111111111111111111111111111
1111344444444445555544444444455555555555555555544431111111111111111111111111111111111111111111111111
1123444444555555555555555555555555555555555555544421111111111111111111111111111111111111111111111111
1134444455555555555555555555555555555555555555444311111111111111111111111111111111111111111111111111
1234444455555555555555555555555555555555555554443111111111111111111111111111111111111111111111111111
1334444455555555555555555555555555555555555544441111111111111111111111111111111111111111111111111111

1112222222211111111111111111111111111111111111111111111111111111111111111111111111111111124444555555
2344444444444321111111111111111111111111111111111111111111111111111111111111111111111111344445555555
4444444444444444321111111111111111111112223333221111111111111111111111111111111111111123444444555555
4444444444444444432211111111111111122334444444444443333333344444443321111111111111111122344444455555
4444444444444444432221111111111122223444444444444444444444444444444322111111111111111111223444444555
4444444444444444322111111111111111222344444444444444444444444444433211111111111111111111111111234445
2344444444444321111111111111111111111223444444444444433222222211111111111111111111111111111111111114
1112233332211111111111111111111111111111123444444322111111111111111111111111111111111111111111111111
1111111111111111111111111111111111111111111111111111111111111111111111111111111111111111111111111111
1111111111111111111111111111111111111111111111111111111111111111111111111111111111111111111111111111

1111111111113455555555555555555555555555555555555555555555555555555544444444444444444444444444444444
1111111111114455555555555555555555555555555555555555555555555544444444444444444444444444444444444444
1111111111144555555555555555555555555555555555555555555555444444444444444444444444444443334444444444
1111111111244555555554444445555555555555555555555555555444444444444444444444444444444333333444444444
1111111112455555555444444444444455555555555555555555444444321112344444444444444444443322223344444444
1111111134555555555444432112344444445555555555555444444311111111113444444444444444332221123344444444
1111111445555555555444311111111134444444444444444444211111111111111344444444444444322111112344444444
1111114555555555555444111111111111113444444444432111111111111111111134444444444443221111112334444444
1111145555555555555444211111111111111111111111111111111111111111111124444444444433211111111234444444
1111455555555555555544411111111111111111111111111111111111111111111113444444444332111111111234444444

5555544332222222222222222222111111111222222222333444455555555555555555555555555555555555555555555555
5544322222222222222222221111111111111111222222233344444555555555555555555554444444444444455555555555
4322222111111111111111111111111111111111112221222334444444555555555444444444444444444444444455555555
2221111111111111111111111111111111111111111222222233444444444444444444444444444444444444444444555555
1111111111111111111111111111111111111111111122222223334444444444444444444433333333333344444444444555
1111111111111111111111111111111111111111111112222223333444444444443333333333333333333333444444444444
1111111111111111111111111111111111111111111112222222333333333333333333333333333333333333334444444444
1111111111111111111111111111111111111111111111222222233333333333333332222222222222233333333344444444
1111111111111111111111111111111111111111111111222222222333333332222222222222222222222233333333444444
1111111111111111111111111111111111111111111111122222222222222222222222222222222222222223333333333333

5555555554444444444444444444444444444444444444444444444455555555555555554444444444455555555555555555
5555444444444444444444432111111111111111111344444444444444444444444444444444444444444444445555555555
5444444444444444444211111111111111111111111111111123444444444444444444444444433333444444444445555555
4444444444444443211111111111111111111111111111111111111112344444444442111111111111111111344444445555
4421111112233321111111111111111111111111111111111111111111111111111111111111111111111111111344444455
3111111111233332111111111111111116111116111111111111111111111111111111111111111111111111111113444445
1111111112444444321111111111111111611116111111111111111111111111111111111111111111111111111111244444
1111111144444444444311111111111111111111111111111111111111111111111111111111111111111111111111134444
1111113444444444444444211111111111111111111111111111111111111111111111111111111111111111111111124444
1111344444444444444444444311111111111111111111111111111111123444444321111111111111111111111111134444

1111111111111111111111111111112222221111111111111111111111111111111111111111111111111111111111111111
1111111111111111111111111111123333221111111111111111111111111111111111111111111111111111111111111111
1111111111111111111111111111234444322111111111111111111111111111111111111111111111111111111111111111
1111111111111111111111111112344444432211111111111111111111223221111111111111111111111111111111111111
1111111111111111111111111123444444443322111111111111111112344444211111111111111111111111111111111111
1111111111111111111111111234444444444433222211111111111112444444443111111111111111111111111111111111
1111111111111223222111123444444444444444433322221111111123444444444431111111111111111111111111111111
1111111111124444444433444444444444444444444444332221111234444444444444421111111111111111112444444444
1111111111344444444444444444444444444444444444444332222344444444444444444444322222444444455555555555
1111111114444444444444444444444444444444444444444444444444444444444444444444444444455555555555555555

5555554444433211111611111111111111111111111122222223333333333333333333333333334444443444344444433333
5555544443332111111111111111111111111111111111111111122333333333333332233333333333344444333333321111
5554444433311111111111111111111111111111111111111111111122333332221111111223333333333333333321111111
5544444332111111111111111111111111111111111111111111111111222222111111111122333333333333333211111111
5444433321111111111111111111111111111111111111111111111111222222111111112223333333333333333111111111
4444333111111111111111111111161111111111111111111111111111223332222222233333333334444433333211111111
4443321111111111111111111111111111111111111111111111111122333333333333333333444444444444433311111111
4433211111111111111111116111111111222333333332221111122333333333333333344444444444444444443331161111
3332111111611111111111111111111233333333333333333333333333344444444444444444444444444444444433111111
3321111111111111111111111112233333333444444443333333334444444444444444444444444555555444444443211111

5555555554444444444333332222111111111111111112222222222222221111111111116111122333334444444444444443
5555555555444444443433333322222222222222222233333333333333333221111111111112233333444444444444444433
5555555555444444444433333332222222222222333333333333333333333332211111111122333334444444444444433333
5555555554444444444333333322222222222223333333333333344444333333221111111223333334444444444333333222
5555554444444444443333332222221112222222333333333333344444333332221111111122333333333333333332221111
4444444444444444333332222111111111111122223333333333333333333322111111111112223333333333222111111111
4444444444343333332221111111111111111111122222333333333333332211111111111111111112211111111111111111
4444444333333222111111111111111111111111111111122222222222211111111111111111111111111111111111111111
3333333222211111111111111111111111111111161111111111111111111111111111111111111111111111111111111111
1111111111111111111111111111111111111111111111111111111111111111111111111111111111111111111111111111

5555544443212344444444444444444431111111111111111111111111111111111111111111111111111111111111111111
5443111111111111111111122322111111111111111111111111111111111111111111111111111111111111111111111111
1111111111111111111111111111111111111111111111111111111111111111111111111111111111111111112444444431
1111111111111111111111111111111111111111111111111111111111111111111111111111111111111111344444444444
1111111111111111111111111111111111111111111111111111111111111111111111111111111111111134444444444444
1111111111111111111111111111111111111111111111111111111111111111122211111111111111111244444444444444
1111111111111111111111111111111111111111111111111111111111223344444333221111111111111134444444455555
1111111111111111111111111111111111111111111111111111111112344444444433211111111111111112444444445555
1111111111111111111111111111111111111111111111111111111112344444443221111111111111111111244444444455
1111111111111111111111111111111111111111111111111111111111222332211111111111111111111111113444444444

1111111111111111111111111111222222222222211111111111111111111111111111111111111111111111111111111111
1111111111111111111111111112222333333332222111111111111111111111111111111111111111111111111111111111
1111111111111111111111111122223333333333322221111111111111111111111111111111111111111111111111111245
1111111111111111111111111222223333333333332222111111111111111111111111111111111111111111111111124555
1111111111111111111111111222222333333333333222221111111111111111111111111111111111111111111112455555
1111111111111111111111122222222223333333333322222111111111111111111111111111111111111111111244555555
1111111111111111111222222222222222233333333322222211111111111122222233332221111111111111123455555555
2222222222222222222222222222222222222223333222222221111111112222333333333333322111111123445555555555
4433333333333333322222222222222222222222222222222221111111222223333344444444333333333344555555555555
4444444444443333333322222222111112222222222222222221111112222233334444444444444444444455555555555555

5555555555555555555555555555555555555555555555555555555555555555555555555555555555555555555555555555
5555555555555555555555555555555555555555555555555555555555555555555555444444444444455555555555555555
5555555555555555555555555555555555555555555555555555555555555555444444444444433344444444444555555555
5555555555555555555555555555555555555555555555555555555555554444444444332222222222222223334444444444
5555555555555555555555555555555555555444444445555555555554444444444332222111111111111111111222222222
5555555555555555555555555555555555544444444444444444444444444444433222111111111111111111111111111111
5555555555555555555555555555555554444444444444444444444444444444332221111111111111111111111111111111
5555555555555555555555555555555444444433333344444444444444444444332221111111111111111111111111111111
5555555555555555555555555555544444443332223334444444444444444444332221111111111111111111111111111111
5555555555554444445555555554444444443332223334444444444444444444432221111111111111111111111111111111

1111122344444555555555555555555555555555555555555555555555555555555555555555555555555555555555555555
1111122344444455555555555555555555555555555555555555555555555555555555555555555555555555555555555555
1111112234444445555555555555555555555555555555555555555555555555555555555555555555555555555555555555
1111111223344444455555555555555555555555555555555555555555555555555555555555555555555555555555555555
1111111112233444444555555555555555555555555555555555555555555555555555555555555555555555555555555555
1111111111112234444444444444444444444444444444444444444555555555555555555555555555555555555555555555
1111111111111112233444444444444433322222111111111111111112344445555555555555555555555555555555555555
1111111111111111111122222211111111111111111111111111111111111112344445555555555555555555555555555555
1111111111111111111111111111111111111111111111111111111111111111111112344444444444444444555555555555
1111111111111111111111111111111111111111111111111111111111111111111111111111111111122334444555555555

4444444444444444444444444444444444444444433333333333333333333333333333333333333222222222223334444445
2233344444444444444444444444333333333333333332222222222223333333333333333333222222222222222223344444
1111222233333333333332222222222222222222222222222222222223333333333333333333222222221111111122233444
1111111111111222111111111122222222222222222222222222222333333333333333333333322222221111111111122344
1111111111111111111111111111111111122222222222222223333333333333333333333333333222221111111111112233
1161111111111111111111111111111111112222222222233333333333333444443333333333333322222111111111111122
1111111111111111111111111111111111122222222333333333444444444444444444444444433333222211111111111112
1111111111111111111111111111111111222222333333444444444444444444444444444444444433332221111111111111
1111111111111111111111111111111122222333334444444444444444444444444444444444444444333222111111111111
1111111111111111111111111111112222333344444444444444444444444444444444444444444444443332211111111111

4444333222222222223333344444444444433333334444444444444444444444444443333322211111111111112222333334
4322111111111111111111223333333333333222233333444444444444444444433333221111111111111111111111222333
2111111111111111111111111223333333322222222233333444444444444433333221111111111111111111111111112223
1111111111111111111111111122333333222211111222333334444444433333322111111111111111111111111111111222
1111111111111111111111111122333333322221111222233333334433333333222111111111111111111111111111111222
1111111111111111111111111123333333333322222222233333333333333333222111111111111111111111111111112223
1111111111111111111111112233344444443333333333333334444444433333332211111111111111111111111111222333
1111111111111111111111123344444444444444433333334444444444444443333322211111111111111111111222333334
1111111111111111111122334444444444444444444444444444444444444444444333333222221111112222233333344444
3321111111111111123334444445555555555555444444444444444444444444444444444333333333333333344444444444

1111111111111111111112223334444444444444455555555555555555555555555555555555555555555555555555555555
1111111111111111111111111111112222333333334444444444444444455555555555555555555555555555555555555555
1111111111111111111111111111111111111111111111111111122223344444455555555555555555555555555555555555
1111111111111111111111111111111111111111111111111111111111112234444445555555554444444444455555555555
1111111111111111111111111111111111111111111111111111111111111122344444444444444433222222334444555555
1111111111111111111111111111111111111111111111666661111111111112334444444444444322111111111123444555
1111111111111111111111111111111111111111111111111111111111111123344444444444444321111111111111113444
1111111111111111111111111111223332222211111111111111111111223344444445555555444432111111111161111123
1111111111111111111111111234444444444444443333333333333444444444555555555555554444321111111111111111
1111111111111111111112334444455555555555544444444444444455555555555555555555555544442111111111111111

1111111111111111111111111111111111111111111111112223334444331111111111111111111111114555555555555555
1111111111111111111111111111111111111111111111112222333332111111111111111111111111111155555555555555
1111111111111111111111111111111111111112222222222222222221111111111111111111111111111114555555555555
1111111111111111111111111111111111112233344333333333322211111111111111111111111111111111455555555555
1111111111111111111111111111111111233444444444444443333211111111111111111111111111111111145555555555
1111111111111111111111111111111123444444444444444444443321111111111111111111111111111111114555555555
1111111111111111111111111112233444444444555444444444444432111111111111111111111111111111111255555555
1111111111111111111122233344444444455555555555555544444443211111111111111111111111111111111114555555
1111111111111112234444444444444555555555555555555555554444321111111111111111111111111111111111145555
1111111111112344444444445555555555555555555555555555555544442111111111111111111111111111111111113555

