5555555555555555555555555555555555555555555555555555555555555555555555555555555555555555555555555555
5555555555555555555555555555555555555555555555555555555555555555555555555555555555555555555555555555
5555555555555555555555555555555555555555555555555555555555555555555555555555555555555555555555555555
5555555555555555555555555555555555555555555555555555555555555555555555555555555555555555555555555555
5555544444444445555555555555555555555555555555555555555555555555555555555555555555555555555555555555
5544444333344444445555555555555555555555555555555555555555555555555555555555555555555555555555555555
4443211111111234444455555555555555555555555555555555555555555555555555555555555555555555555555555555
4311111111111112444455555555555555555555555555555555555555555555555555555555555555555555555555555555
1111111111111111344445555555555555555555555555555555555555555555555555555555555555555555555555555555
1111111111111111244445555555555555555555555555555555555555555555555555555555555555555555555555555555

1111111111111111111111111111111111111111111111111111111111111111111111111111111111111111111111111111
1111111111111111111111111111111111111111111111111111111111111111111111111111111111111111111111111111
1111111111111111111111111111111111111111111111111111111111111111111111111111111111111111111111111111
1111111111111111111111111111111111111111111111111111111111111111111111111111111111111111111134442111
1111111111111111111111111111111111111111111111111111111111111111111111111111111111111455555555555555
1111111111111111111111111111111111111111111111111111111111111111111111111111111145555555555555555555
1111111111111111111111111111111111111111112444555555554411111111111111111111455555555555555555555555
1111111111111111111111111111111111111112445555555555555555411111111111111155555555555555555555555555
1111111111111111111111111111111111111244555555555555555555555411111111125555555555555555555555555555
1111111111111111111111111111111111124455555555555555555555555555443345555555555555555555555555555555

1111111111111111244444444445555554444444444555555555555555444444421111161111111111111111111111111111
1111111111111134444444555555555544444444444455555555555555544444444211111111111111111111111111111111
1111111111112444444555555555555454444444444444455555555555554444444432111111111111111111111111111111
1111111111124444445555555555554444444444444444444444454554444444444444322111111223444444432111111111
1111111111244444445555555555444444444444444444444444444444444444444444332222334444444444444444211111
1111111112344444444555544444444444442211111222344444444444444444444432222223344444444455544444442111
1111111112344444444444444444444432111111111111111111122222222222111111111112244444445555555554444411
1111111111244444444444444443221111111111111111111111111111111111111111111111123444444555555555544441
1116111111122344444444322111111111111111111111111111111111111111661111111111111244444455555555544443
1111111111111111111111111111111111111111111111111111111111111111111111111111111112344444445454444443

5555555555555555555555555555555555555555555555555555555555555555555555555555555555555555555555555555
5555555555555555555555555555555555555555555555555555555555555555555555555555555555555555555555554444
5555555555555555555555555555555555555555555555555555555555555544444444455555555555555555555544211111
5555555555555555555555555555555555555555555555555555555554431111111111114455555555555555554411111111
5555555555554444455555555555555555555555555555555555544311111111111111111134455555555555441111111111
5555555555444444444455555555555555555555555555555544311111111111111111111111444555555544411111111111
5555555554444444444444455555555555555555555555544421111111111111111111111111124444544443111111111111
5555555554444443334444444455555555555555555544441111111111111111111111111111111444444421111111111111
5555555544444322112233444444445555555555544444111111111111111111111111111111111134444211111111111111
5555555544444311111111234444444444444444444311111111111111111111111111111111161112221111111111111111

1111111111111111111111112222222222222222333333333322221111111111111111111111111111113445555555555555
1111111111111111111111111112222222222222222222222222211111111111111111111111111111111344555555555555
1111111111111111111111111111122222222222222222222222211111111111111111111111111111111234455555555555
1111111111221111111111111122222222222222233333333322221111111111111111111111111111111124455555555555
1111111222222222111111222222222222333344444444444443222111111111111111111111111111111124445555555555
1111222344433322222222222333444444444444444444444444443221111111111111111111111111111124445555555555
1123444444444444444444444444444444444444444444444444444443221111111111111111111111111124445555555555
3444444444444444444444444444444444444555555555555544444444443222111111111111111111111234445555555555
4444555555555544444444445555555555555555555555555555555544444444432222111111111111122444455555555555
5555555555555555555555555555555555555555555555555555555555555444444444444433322233444444555555555555

1111111111111111344444555555555555555555555555555555555544444444444444455555555555555555555444421111
1111111111111111111233444444444444444444555444444444444433333333333334444444444444444444444443211111
1111111111111111111111112233344444444444444444443322111111111111111111111223334444444444444432111111
1111111111111111111111111111222222333333333222211111111111111111111111111111112233334444433321111111
1111111111111111111111111111111111111111111111111111111111111111111111111111111112223333333211111111
1111111111111111111111111111111222221111111111111111111111111111111111111111111111122333332211111111
1111111111111111111111111111223333332222221111111111111111111111111111111111111111223333333211111111
1111111111111111111111111233444444444444333332211111111111111111111111111111111122333344443321111111
1111111111111111111111123444444444444444444444433321111111111111111111111111122333444444444443211111
1111111111111111111113444445555555555555555544444444433222111111111111112233344444444444444444432111

4444444444444444444443211111111111111111111111111111111111111111111111111111111111445555555555555555
4444444444444444444443211111111111111111111111111111111111111111111111111111111111134455555555555555
4444444444444444444443211111111111111111232111111111111111111111111111111111111111112445555555555555
3333334444444444444433221111111111112444455555444444432211111111111111111111111111111144455555555555
2222233334444444444433221111111111134445555555555555555555555544444444432111111111111113445555555555
1112223333444444444333221111111111244555555555555555555555555555555554444321111111111111344455555555
1111223333444444444333221111111111344555555555555555555555555555555555554442111111111111124444555555
1112223334444444444333211111111112444555555555555555555555555555555555555444311111111111111344445555
1122333444444444444333211111111112445555555555555555555555555555555555555544421111111111111123444455
2223344444444444444332211111111113445555555555555555555555555555555555555554442111111111111111234444

1111111111111111111111111111111111111111111111111111111111111111111111111111111111455555555555555555
1111111111122334443332111111111111111111111111111111111111111111111111111111111111255555555555555555
1111111234444444555544444321111111111111111111111111111111111111111111111111111111145555555555555555
1111123444445555555555555444431111111111111111111111111111111111111111111111111111125555555555555555
1111234444555555555555555555444432111111111111111111111111111111111111111111111111114555555555555555
1111344444555555555555555555554444332221111111111111111111111111111111111111111111111555555555555555
1111234444555555555555555555554444443322221111111111111111111111111111111111111111111155555555555555
1111123444445555555555555555554444433221111111111111111111111111111111111111111111111115555555555555
1111111123444455555555555555444443211111111111111111111111111111111111111111111111111116455555555555
1111111111123444444444444444433211111611111111111111111111111111111111111111111111111111114555555555

5555555555555555555555555555555555555555555555555555555555555555555555555555555555555555555555555555
5555555555555555555555555555555555555555555555555555555555555555555555555555555555555555555555555544
5544444444444344444445555555555555555555555555555555555555555555555555555555555555555555555555544421
4443222211111111111224444555555555555555555555555555555555555555555555555555555555555555555544421111
1111111111111111111111122444455555555555555555555555555555555555555555544444455555555555444421111111
1111111111111111111111111112244444455555555555555555555555555555444444444444444444444444432111111111
1111111111111111111111111111111112223444444444444444444444444444433222111111122233343322111111111111
1111111111111111111111111111111111111111111111111111222222222111111111111111111111111111111111111111
1111111111111111111111111111111111111111111111111111111111111111111111111111111111111111111111111111
1111111111111111111111111111111111111111111111111111111111111111111111111111111111111111111111111111

1111111111111111111111111111111111111111111111111111111111111111111111111111111111111111111111111111
1111111111111111111111111111111111111111111111111111111111111111111111111111111111111111111111111111
1111111111111111111111111111111111111111111111111111111112223333332211111111111111111111111111111111
1111111111111111111111111111111111111111111111111111222334444444444321111111111111111111111111111111
1111111111111111111111111111111111111111111111112233444445555555555443111111111111111111111111111111
1111111111111111111111111111111111111111111112334444555555555555555554311111111111111111111111111111
2222222222222333333333333332222222211122223344445555555555555555555555431111111111111111111111111111
4444444444444444444444444444444444444444444455555555555555555555555555543111111111111111111111111111
5554545555555555555555555555555555555555555555555555555555555555555555555311111111111111111111111111
5555555555555555555555555555555555555555555555555555555555555555555555555541111111111111111111111111

5444211111344444444444444444444444444444444444444444455555555555555555555555555555555555555555555555
4431111111111123444444444444444444432221111111112234444444455555555555555555555555555555555555555555
4111111611111111111111111111111111111111111111111111111244444444555555554444555555555555555555555555
1111111111611111111111111111111111111111111111111111111111244444444444444444444444555555555555555555
1111111111111111111111111111111111111111111111111111111111112444444444444433223444444555555555555555
1111111111111111111111111111111111111111111111111116111111111244444444442111111111344445555555555555
1111111111611111111111111111111111111111111111111111111111111344444444432111111111112444455555555555
1111111111111111111111111111111111116111111161111111111111124444444444443111111111111144444555555555
1111111111111111111111111111111111111111111111111111111124444444444444444421111111111124444455555555
2111111111111122333333221111111111111111111111111112444444444444444444444444311111111124444455555555

1455555555555555555555555555555555555555555555555555555555555555555555555555555555555555555555555555
1555555555555555555555555555555555555555555555555555555555555555555555555555555555555555555555555555
4555555555555555555555555555555555555555555555555555555555555555555555555555555555555555555555555555
5555555555555555555555555555555555555555555555555555555555555555555555555555555444444444455555555555
5555555555555555555555555555555555555555555555555555555555555555555555555555544444432222344555555555
5555555555555555555555555555555555555555555555555555555555555555555555555555544444321111124455555555
5555555555555555555555555555555555555555555555555555555555555555555555555555555444321111112445555555
5555555555555555555555555555555555555555555555555555555555555555555555555555555544421111111345555555
5555555555555555555555555555555555555555555555555555555555555555555555555555555554432111111244555555
5555555555555555555555555555555555555555555555555555555555555555555555555555555555443211111244555555

1111111111111111111111344455555555555555555555555555555555555555555555555555555555555555555555555555
1111111111111111111113444455555555555555555555555555555555555555555555555555555554444444445555555555
1111111111111111111134444455555555555555555555555555555555555555555555555555544444211111344444555555
1111111111111111111134444455555555555555555555555555555555555555555555555544431111111111111144444455
1111111111111111111113444444555555555555555555555555555555555555555555444421111111111111111111244444
1111111111111111111111134444444555555555555555555555555555555555554444411111111111111111111111111344
1111111111111111111111111124444444455555555555555555555555554444444211111111111111111111111111111112
1111111111111111111111111111111134444444445555555554444444444311111111111111111111111111111111111111
1111111111111111111111111111111111111123444444444444321111111111111111111111111111111111111111111111
1111111111111111111111111111111111111111111111111111111111111111111111111111111111111111111111111111

5555555555555555555555555555555555555555555555555555555555555555555554444444444444443321111111111111
5555555555555555555555555555555555444444444444444445555555555444444444444444444444333332111111111111
5555555555555555555555555555544444444332223444444444444444444444444444444444444443333333311111111111
5555555555555444444444444444444444211111111111234444444444444444444444444444444433333333332111111111
5555555554444444444444444444444311111111111111111112334444444444444444444444444433333344443211111111
5555555444444444444444444444321111111111111111111111111111122333344444444444444443334444444431111111
5555544444444444444444444432111111111111111111111111111111111111233344444444444444444444444443111111
5554444444334444444444443321111111111111111111111111111111111111112334444444444444444444444444211111
5444444322333444444444444331111111111111111111111111111111111111111233444444444444444444444444311111
4444321111234444444444444443111111111111111111111111111111111111111233444444444444444444444444431111

3111111111111111111111111111123443321111111111111111111111111111111111111111111111111111111111111113
4321111111111111111111111134455555555554444444444444444432111111111111111111111111111111111111111123
4432111111111111111111113445555555555555555555555555555555554311111111111111111111234444433211111123
4443221111111111111111244555555555555555555555555555555555555554311111111111111244444444444332111122
4443322111111111111123445555555555555555555555555555555555555555544211111111234445555555544433211112
4444332211111111112234445555555555555555555555555555555555555555555444333334444555555555544443211111
4443332221111111223344455555555555555555555555555555555555555555555544444444455555555555544432111111
4433322211111111223344455555555555555555555555555555555555555555555554444444555555555555544431111111
4332211111111111122344455555555555555555555555555555555555555555555555444444555555555555444311111111
2211111111111111112234445555555555555555555555555555555555555555555544444444445555555444432111111111

1111111111111111111111111111111611111111111124445555555555555555555555555555555555555555555555555555
1111111111111111111111111111111111111111111134444555555555555555555555555555555555544444445555555555
1111111111111111111111144444444444444443211134444455555555555555555555555555555544444444444445555555
1111111111111111111444555555555555544444443334444445555555555555555555555555555444421111112444445555
1111111111111114445555555555555555555444444444444444455555555555555555555555544444111111111114444455
1111111111144455555555555555555555555554444444444444445555555555555555555554444431111111111111134444
1111111444555555555555555555555555555555444444444444444455555555555555544444444311111111111111111344
1144455555555555555555555555555555555555544444444444444444444445444444444444442111111111111161111114
4555555555555555555555555555555555555555544444444444444444444444444444444444421111111111111111611111
5555555555555555555555555555555555555555554444444444444444444444444444444443111111111111111111111111

1111111111111111111123344332111111111111111111111111111111111111111111111111111111111111111111111145
1111111111111113445555555555544444444444444444444444444444444444444444442111111111111111111111111124
1111111111113445555555555555555555555555555555555555555555555555555555544444211111111111111111111114
1111111111345555555555555555555555555555555555555555555555555555555555555544443211111111111111111111
1111111134555555555555555555555555555555555555555555555555555555555555555554444421111111111111111111
1111113445555555555555555555555555555555555555555555555555555555555555555555444431111111111111111111
1111244555555555555555555555555555555555555555555555555555555555555555555544444321111111111111111111
1124445555555555555555555555555555555555555555555555555555555555555555444444442111111111111111111111
3444555555555555555555555555555555555555555555555555555555555555444444444321111111111111111111111111
4445555555555555555555555555555544444444444444444444444444444444332111111111111111111111111111111111

1455555555555555555555555555555555555555555555555555555555555555555555444444444444444444444444444444
1124555555555555555555555555555555555555555555555555555555555555555444444444444444444444444444444444
1111445555555555555555555555555555555555555555555555555555555555444444322211222222233444444444444444
1111112455555555555555555555555555555555544444444444444444444444444422111111111111122222344444444444
1111111113445555555555555555555544444444322222234444444444444444443211111111111111111112223444444444
1111111111111234444444444432211111111111111111111224444444444444432111111111111111111111122234444444
1111111111111111111111111111111111111111111111111123444444444444421111111111111111111111111222344444
1111111111111111111111111111111111111111111111111123444444444444321111111111111111111111111112223344
1111111111111111111111111111111111111111111111111123444444444444321111111111111111111111111111122223
1111111111111111111111111111111111111111111111111124444444444444421111111111111111111111111111111122

4444444444444555555555555555555555555555555555555555555555544444444444444444444432111111111111111111
4444444444444444444444444444444444444444455555555444444444444444444444443211111111111111111111111111
4211111111111234444444444444443221224444444444444444311111111111111111111111111111111111111111111111
1111111111111111133444444321111111111112444444444311111111111111111111111111111111111111111111111111
1111111111111111123444443211111111111111134444431111111111161111111111111111111111111111111111111111
4211111111111124444444444442111111111111244444431111111111111611111111111111111111111111111111111111
4444443344444444444444444444443111111234444444444211111111111111111111111111111111111124444444444211
4444444444444444555555555444444444444444444444444444211111111111111111111111111112344444444444444444
5555555555555555555555555555555444444455555555554444444442211112233444444444444444444444555555555544
5555555555555555555555555555555555555555555555555555554444444444444444444444444444555555555555555555

5555555555555555555555555555555555555555555555555555555555555555555555555555555555555555555544433221
5555555555555555555555555555555555555555555555555555555555555555555555555555555555555555555544433222
5555555555555555555555555555555555555555555555555555555555555555555555555555555555555555555554433322
5555555555555555555555555555555555555555555555555555555555555555555555555555555555555555555554443322
5555555555555555555555555555555555555555555555555555555555555555555555555555555555555555555554443322
5555555555555555555555555555555555555555555555555555555555555555555544444455555555555555555555443322
5555555555555555555555555555555555555555555555555555555555555555444444444444555555555555555555443332
5555555555555555555555555555555555555555555555555555555555555444444444444444555555555555555555444332
5555555555555555555555555555555555555555555555555555555555544444333333344444455555555555555555444332
5555555555555555555555555555555555555555555555555555555555444333333333334444455555555555555555444332

5555555555555555555555555555555555555555555555555555555555555555444444444555555555555555555555554444
5555555555555555555555555555555555555555555555555555555555554421111111111234445555555555555444444444
5555555555555555555555555555555555555555555555555555555544211111111111111111134444555554444444444443
5555555555555555555555555555555555555555555555555555444111111111111111111111111234444444444443333222
5555555555555555555555555555555555555555555555444321111111111111111111111111111112344444443333222222
2445555555555555555555555555555555555555554421111111111111111111111111111111111111123333333332222221
1111345555555555555555555555555555555555421111111111111111111111111111111111111111112233333333322222
1111111445555555555555555555555555555541111111111111111111111111111111111111111111111223333333333332
1111111113455555555555555555555555554211111111111111111111111111111111111111111111111233444444444444
1111111111114445555555555555555554421111111111111111111111111111111111111111111111112344444444444444

3222111111111111111111116111111111111111111111111111111611111111111111111111111111111111111111111111
4444333333332221111111111111111111111111111111111111111111111111111111111111111222233333333333322222
4444444444443333333221111111111111111111111111111111111111111111111111222223333333333444444444443333
5554444444444444443333322111111111111111111111111111111111111111112222333333333344444444444444444444
5555555544444444444443333322211111111111111111111111111111111111222333333333444444444444444444444444
5555555555544444444444433333322111111111111111222222222211111122223333333344444444444444444444444444
5555555555555544444444444333333221111111111222222222222222222222233333333444444444444444455555555555
5555555555555555444444444443333322221111222222233333322222222222233333334444444444444455555555555555
5555555555555555544444444444333332222222222222333333322222222222233333334444444444444555555555555555
5555555555555555554444444444333333222222222222233332222222222222223333334444444444445555555555555555

5555555555555555555555555555555555555555555555555555555555555555555555555555555555555555555555555555
5544444444555555555555555555555555555555555555555555555555555555555555555555555555555555555555555444
4421111112444455555555555555555555555555555555555555555544444444455555555554444444444444444444444321
1111111111112444444555555555555555555555555555555555444421111123344444444443211111111111111111111111
1111111111111111123444444455555555555555555555555444211111111111111111111111111111111111111111111111
1111111111111111111111111234444455555555555554444111111111111111111111111111111111111111111111111111
1111111111111111111111111111111123444444444431111111111111111111111111111111111111111111111111111111
1111111111111111111111111111111111111111111111111111111111111111111111111111111111111111111111111111
1111111111111111111111111111111111111111111111111111111111111111111111111111111111111111111111111111
1111111111111111111111111111111111111111111111111111111111111111111111111111111111111111111111111111

5555555555555555555555555555555555555555555555555555555555555555555555555555555555555555555555555555
5555555555555555555555555555555555555555555555555555555555555555555555555555555555555555555555555555
5555555555555555555555555555555555555311111113455555544422222344555555555555555555555555555555555555
5555555555555555555555555555555555551111111111111111111111111111345555555555555555555555555555555555
5555555555555555555555555555555555511111111111111111111111111111114555555555555555555555555555555555
5555555555555555555555555555555555111111111111111111111111111111111455555555555555555555555555555555
5555555555555555555555555555555552111111111111111111111111111111111145555555555555555555555555555555
5555555555555555555555555555555541111111111111111111111111111111111124555555555555555555555555555555
5555555555555555555555555555555411111111111111111111111111111111111113455555555555555555555555555555
5555555555555555555555555555555111111111111111111111111111111111111111345555555555555555555555555555

4433332222222222222333333333222222111111111111111111111111111112223344555555555555555555555553111111
4333333222222333333333333333333332222222222222222222222222223333344455555555555555555555555555421111
4333333333333333333334444444433333333222222222223333333333344444445555555555555555555555555555552111
3333333333333333333444444444444433333333333333333334444444444444445555555555555555555555555555554211
3333333333333333344444444444444443333333333333334444444444444444444555555555555555555555555555555421
3333333333333333444444444444444433333333333333333444444444444433334444555555555555555555555555555531
2222333333333333334444444444433333333333333333333333333333333222222223345555555555555555555555555541
2222233333333333333333333333333333222222222222222222222222211111111111122345555555555555555555555542
2222223333333333333333333332222222222221111111111111111111111111111111111123455555555555555555555541
2222222233333333322222222222221111111111111111116111111111111111111111111111124555555555555555555531

1111111111111111111111111111111111111111111111111111111111111111111111111111111111111111111111111111
1111111111111111111111111111111111111111111111111111111111111111111111111111111111111111111111111111
1111111111111111111111111111111111111111111111111111111111111111111111111111111111111111111111111111
1111111111111111111111111111111111111111111111111111111111111111111111111111111111111111111111111111
1111111111111111111111111111111111111111111111111111111111111111111111111111111111111111111111111111
1111111111111111111111111111111111111111111111111111111111111111111111111111111111111111111111111111
1111111111111111111111111111111111111111111111111111111111111111111113444444444444444443111111111111
1111111111111111111111111111111111111112344444444444444444444455555555555555555555555555555544111111
1111111111111111111111111244444444444444445555555555555555555555555555555555555555555555555555554411
1111111111111111111111244444444445555555555555555555555555555555555555555555555555555555555555555555

5555555555555444444444444444444444444444443344444444444444444444444444444444444444444444555555555555
5555555555544444444444444444444443322211111111111222333333333344444444444444444444444444444555555555
5555555544444444444444444443322111111111111111111111111111111111122334444444443211111111244444555555
5555444444444444444444322111111111111111111111111111111111111111111111111111111111111111111134444555
4444444444444444432111111111111111111111111111111111111111111111111111111111111111111111111111144445
4444444444432211111111111111111111111111111111111111111111111111111111111111111111111111111111111144
4432211111111111111111111111111111111111111111111111111111111111111111111111111111111111111111111111
1111111111111111111111111111111111111111111111111111111111111111111111111111111111111111111111111111
1111111111111111111111111111111111111111111111111111111111111111111111111111111111111111111111111111
1111111111111111111111111111111111111111111111111111111111111111111111111111111111111111111111111111

5555555543161112555555555555555555555555211111111111345555555555555555555555554444211111111111111111
5555555411111111115555555555555555555555111111111114555555555555555555555555555555444211111111111111
5555554111111111111455555555555555555554111111111145555555555555555555555555555555555444211111111111
5555551111111111111115555555555555555554111111112455555555555555555555555555555555555555444111111111
5555531111111111111111155555555555555552111111124555555555555555555555555555555555555555554441111111
5555411111111111111111114555555555555541111111245555555555555555555555555555555555555555555444211111
5554111111111111111111111145555555555411111112455555555555555555555555555555555555555555555554441111
5552111111111111111111111111134554441111111114455555555555555555555555555555555555555555555555444111
5541111111111111111111111111111111111111111124555555555555555555555555555555555555555555555555444211
5411111111111111111111111111111111111111111114555555555555555555555555555555555555555555555555544411

5555555555555555554444432111111222233333333222222222222333333444444443333322221111111111112233444455
5555555555555555444433211111111111222222222221111111222233334444444444433333222221111111122334444455
5555555555554444443211111111111111111122111111111111122223334444444444444333322222211112222334444455
4444444444444433221111111111111111111111111111111111112222333444444444444333332222221112222334444455
1334444433222111111111111111111111111111111111111111111122233334444444433333222221111111122234444445
1111111111111111111111111111111111111111111111111111111112222333333333333222221111111111111223444445
1111111111111111111111111111111111111111111111111111111111112222222222222211111111111111111112334444
1111111111111111111111111111111222221111111111111111111111111111111111111111111111111111111111123444
1111111111111111111111111111112222222111111111111111111111111111111111111111111111111111111111111234
1111111111111111111111111111122222222111111111111111111111111111111111111111111111111111111111111123

4444444444444444444333333221111111111111111111111111111111111111111111111111111111111111111111111111
1111111111223333333333333333333333222222222222221111111111111111111111111111111111111111111111111111
1111111111111111222333333333344444444444444444444444444444444443311111111111111111111111111111111111
1111111111111111111122333334444444444444444444444444444444444444444311111111111111111111111111111111
1111111111111111111111122333344444444444444444444444444444444444444443111111111111111111233332111111
1111111111111111111111111122333444444444444444444444444444444444444444311111111111111123344444311111
1111111111111111111111111111112333444444444444444444444444444444444444321111111111111123344444421111
1111111111111111111111111111111111233334444444444444444444444444444443211111111111111112334444321111
1111111111111111111111611111111111111111223333444444444444444444444432111111111111111111112333211111
1111111111111111111111111111111111111111111111111233344444444444433111111111111111111111111111111111

1111111111111111111111111111111111111111111111111111111111111111111111111111111111111111111111111111
1111111111111111111111111111111111111111111111111111111111111111111111111111111111111111111111111111
1111111111111111111111111111111111111111111111111111111111111111111111111111111111111111111111111111
1111111111111111111111111111111111111111111111111111111111111111111111111111111111111111111111111111
1111111111111111111111111111111111111111111111111111111111111111111111111111111111111111111111111111
1111111111111111111111111111111111111111111111111111111111111111111111111111111111111111111111111111
1111111111111111611111111111111111111111111111111111111111111111111111111111111111111111111111111111
1111111111111111111111111111111111111111111111111111111111111111111111111111111611111111111111111111
1111111111111111111111111111111111111111111111111111111111111111111111111234431111111111111111111111
1111111111111111111111111111111111111611111111111111111111111111112444444444444443111111111111111111

5555544444444444444444444444444444444444433333322222211111111111111111111111111111111111111111111111
5554444444433333444444444444444444444322222222222221111111111111111111222221111111111111111111111222
5444444322222222222334444444444444432222222222211111111111111111111111222222221111111111111222222222
4444432222222222222222223344444432222211111111111111111111111111111111222222222221111112222222233343
4444322222111111111222222222222222221111111111111111111111111111111111222222222222222222222334444444
4444222211111111111111112222222222111111111111111111111111111111111111222222222222222222233444444444
4443222211111111111111111111111111111111111111111111111111111111111111122222222222222223344444444444
4443222111111111111111111111111111111111111111111111111111111111111111122222222222223334444444444444
4443222111111111111111111111111111111111111111111111111111111111111111112222222223333344444444444444
4444222211111111111111111111111111111111111111111111111111111111111111111222222222333344444444444444

1111111111111111111111111111111113444555555555555542111111111111111111111111455555555555555441111111
1111111111111111111111111111111111234445555555555411111111111111111111111114555555555555555544111111
1111111111611111111111111111111111111234444444431111111111111111111111111145555555555555555554411111
1111111111111111111111111111111111111611111111111111111111111111111111111155555555555555555555431111
1111111111111111111111111111111111111111111111111111111111111111111111111555555555555555555555541111
1111111111111111111111111111111111111111111111111111111111111111111111114555555555555555555555554111
1111111111111111111111111111111111111111111111111111111111111111111111115555555555555555555555555411
1111111111111111111111111111111111111111111111111111111111111111111111155555555555555555555555555541
1111111111111111111111111111111111111111111111111111111111111111111111655555555555555555555555555554
1111111111111111111111111111111111111111111111111111111111111111111111555555555555555555555555555554

1111111111111111111111111111113333333333444444444433332111111111111111111111111111116111111111111111
3332111111111111111112333334444444444444444444444444443333333333333333331111111111111111112333333321
4444444333333333334444444444444444444444554444444444444433333333444443333331111111111112333333333333
5554444444444444444444444555555555555555555555555544444444444444444444443333311111111233333333333333
5555555555544444455555555555555555555555555555555554444444444444444444444433332111112333333444443333
5555555555555555555555555555555555555555555555555554444444444444444444444443333211123333334444443333
5555555555555555555555555555555555555555555555555555444444444444444444444443333221223333333444433333
5555555555555555555555555555555555555555555555555555444444444444444444444443333211123333333333333333
5555555555555555555555555555555555555555555555555555444444444444444444444433333111111233333333333311
5555555555555555555555555555555555555555555555555554444444444444444444444333331111111111223333211111

1111111111111111111111111223333344444444444444444333333222222222222222333333333333333322222222222222
1111111111111111111111222333333444444444444444444433333333322222233333333333343333333332222222222222
1111111111111111111112222333333333333444444443333333332222222222222223333333333333332222221111111122
1111111111111111111111111122222222222222222222222222111111111111111111222222222222211111111111111111
1111111111111111111111111111111111111111111111111111111111111111111111111111111111111111111111111111
1111111111111111111111111111111111111111111111111111111111111111111111111111111111111111111111111111
1111111111111111111111111111111111111111111111111111111111111111111111111111111111111111111111111111
1111111111111111111111111111111111111111111111111111111111111111111111111111111111111111111111111111
1111111111111111111111111111111111111111111111111111111111111111111111111111111111111111111111111111
1111111111111111111111111111111111111111111111111111111111111111111111111111111111111111111111111111

5555555555555555555555555555555555555555555555555555555555555555555555555555555555555555555555555555
5554444444455555555555555555555555444444444444445555555555555555555555555555555555555555555555555555
4444444444444445555555555555555444444444444444444444555555555555555555554444444444444444455555555555
4333333333334444445555555555444444444443333334444444444455555554444444444444444444444444444444444444
3332222223333344444444555444444444443333333333334444444444444444444444433333333333333333333333333344
2211111111223333444444444444444444433333333333333344444444444444444333333333222222211111111111122223
1111111111122333344444444444444444433333333333333334444444444444433333322221111111111161111111111111
1111111111112233334444444444444444443333333333333344444444444444333332221111111111111111111111111111
6111111161111233334444444444444444444333333333333344444444444443333322211111111111111111111111111111
1111111111111233334444444444444444444443333333333444444444444443333322111111111111111111111111111111

1111111111111111111111111111111111111111111111111111111111111111111111111111111111111111111111111111
1111111111111111111111111111111111111111111111111111111111111111111111111111111111111111111111111111
1111111111111111111123444443322111111111111111111111111111111111111111111111111111111111111111111111
1111111111111111112444444444444433322211111111111111111111111111111111111111111111111111111111111111
1111111111111111134444444444444444444444443333332211111111111111111111111111111111111111111111111111
1111111111111123444444444444444444444444444444444444433221111111111111111111111111111111111111111111
2222211111233444444444444444444444444444444444444444444443332111111111111111111111111111111111111111
4444444444444444444444444444444444444444444444444444444444443322111111111111111111111111111111111111
4444444444444444444444444444444444444444444444444444444444443332111111111111111111111111111111111111
5555544444444444444444444444444444444444444444444444444444433221111111111111111111111111111111111111

1111111111111111111111111111111111111111111112344455554443322111111111111111111122222333333334444444
1111111111111111111111111111111111111111111112233444443332211111111111111111111112222223333333333333
1111111111111111111111111111111111111111111111223333333221111111111111111111111111222222333333333333
1111111111111111111111111111111111111111111111222233222211111111111111111111111111122222233333333333
1111111111111111111111111111111111111111111111122222222111111111111111111111111111222222233333333333
1111111111111111111111111111111111111111111111122222222111111111111111111111111111222222333333333333
1111111111111111111111111111111111111111111111122222222111111111111111111111111122222233333333334444
1111111111111111111111111111111111111111111111222233222211111111111111111111112222233333334444444444
2222222222211111111111111111111111111111111112233333333222111111111111111112222233333444444444444444
5555555544444333222111111111111111111111111222334444443332222111111111112222333334444444455555555555

5555554444444444555555555555555555555555555555555555555555555555555555555555555555555555555555555555
5544444443333444444444444444444322222344455555555555555555555555555555555555555554432222234444555555
4444432221111122223344444332211111111111124455555555555555555555555555555555554421111111111112444445
4443221111111111111122222111111111111111111123445555555555555555555555555555441111111111111111122444
4432211111111111111111111111111111111111111111113445555555555555555555555544111111111111111111111223
4422111111111111111111111111111111111111111111111112344455555555555555544421111111111111111111111122
4322111111111111111111111111111111111111111111111111111224444444444444432111111111111111111111111112
4322111111111111111111111111111111111111111111111111111111112222333322211111111111111111111111111122
4432111111111111111111111111111111111111111111111111111111111111111111111111111111111111111111111234
4442211111111111111111111111111111111111111111111111111111111111111111111111111111111111111111123444

5555555555555555555555555555555555555555555555555555555555555555555555555555555555555555555555555555
5555555555555555555555555555555555555555555555555555555555555555555555555555555554411111111111344555
5555544444444455555555555555555555555555555555544444555555555555555555555555554111111111111111111111
5544432111122444445555555555555555555555555554444322344455555555555555555554111111111111111111111111
4431111111111111234444455555555555555555555444211111111113445555555555542111111111111111111111111111
2111111111111111111112344444445555555555444411111111111111111123343211111111111111111111111111111111
1111111111111111111161111112234444444444321111111111111111111111111111111111111111111111111111111111
1111111111111111111111111111111111111111111111111111111111111111111111111111111111111111111111111111
1111111111111111111111111111111111111111111111111111111111111111111111111111111111111111111111111111
1111111111111111111111111111111111111111111111111111111111111111111111111111111111111111111111111111

5555555555555555555555555555555555555555555555555555555555555544444445555555555555555555555555555555
5555555555555555555555555555555555555555555555555555555544444311111114444555555555555555555555555555
5555555555555555555555555555555555555555555555555554444441111111111111112444455555555555555555555555
5555555555555555555555555555555555555555555555444444421111111111111111111114444444555555555555555555
5555555555555555555555555544444444444444444444444421111111111111111111111111124444444444444444444444
5555555555555555555555544211111111111344444444442111111111111111111111111111111111222222211111111111
5555555555555555555554311111111111111111244444211111111111111111111111111111111111111111111111111111
5555555555555555555421111111111111111111112222111111111111111111111111111111111111111111111111111111
5555555555555555543111111111111111111111111232211111111111111111111111111111111111111111111111111111
5555555555555554411111111111111111111111112444442111111111111111111111111111111111111111111111111111

1111111111111111111111111111111111111111111111111111111111111111111111111111111111111111111111111111
1111111111111111111111111111111111111111111111111111111111111111111111111111111111111111111111111111
1111111111111111111111111111111111111111111111111111111111111111111111111111111111111111111111111111
1111111111111111111111111111111111111111111111111111111111111111111111111111111111111111111111111111
1111111111111111111111111111111111111111111111111111111111111111111111111111111111111611161111111111
1111444444444444442111111111111111111111111111111111111111111111111111111111111111111122221111111611
1444555555555554444444111111111111111111111111112444444444444444444444444444444444444444444444444111
4555555555555555554444443111111111111111111134444444444444444444444444444444555555555555555555544444
5555555555555555555544444421111111111111124444444444555555555555555555555555555555555555555555555555
5555555555555555555554444442111111111111344444444455555555555555555555555555555555555555555555555555

5555555555555555555544432111112234444445555555555554444444444455555555555555555544444432111111111111
5555555555555555544443111111111111123444444444444444432222334444444555555554444444443211111111111111
5555555555555544444321111111111111111122344444443221111111111234444444444444444444322111111111111111
5555555555555444432211111161111111111111112222211111111111111112234444444444444433221111111111111111
5555555555544443322111111116111111111111111111111111111111111111123344444444433322211111111111111111
5555555555444433222211111111111111111111111111111111111111111111112233333333332222111111111111111161
5555555554444433333332211111111111111111111111111111111111111111112223333333332222222111222211111111
5555555554444444444444443221111111111111111111111111111661111111112233333333333332222233333333332111
5555555554444444444444444444332221111122222221111111111111111111123334444444444444444444444444444432
5555555554444444444555554444444444444444444433322111111111111112334444444444444444444444444444444444

5555555555555555555555555555555555543111111111111111111123443221111111111111111111111111111111111112
5555555555555555555555555555555555553211111111111111112455555543211111111111111111111111111111111111
4555555555555555555555555555555555554211111111111111245555555555432211111111111111111111111111111111
4444555555555555555555555555555555554311111111111234555555555555554432211111111111111111111111111111
2334444444444444555555555555555555555321111111134555555555555555555544332211111111111111111111111111
1222333333333334445555555555555555555421111113455555555555555555555555444322111111111111111111111111
1112222222222223344555555555555555555432111245555555555555555555555555555433211111111111111111111111
1111111111122222344555555555555555555543223455555555555555555555555555555544321111111111111111111111
1111111111111122234455555555555555555544334555555555555555555555555555555554432111111111111111111111
1111111111111122234455555555555555555554445555555555555555555555555555555555442111111111111111111111

1111111111111111111111111111111111111111111111111111111111111111111111111111111111111111111111111111
1111111111111111111111111111111111111111111111111111111111111111111111111111111111111111111111111111
1111111111111111111111111111111111111111111111111111111111111111111111111111111111111111111111111111
1111111111114444444411111111111111111111111111111111111111111111111111111111111111111111111111111111
1111111114445555555555444411111111111111111111111111111111111111111111111111111111111111111111111111
1111111145555555555555555555442111111111111111111111111111111111111112321111111111111111111111111111
1111112455555555555555555555555544411111111111111111111111111144444444444441111111111111111111111111
1111114555555555555555555555555555555444311111111111111444444555555555544444211111111111111111111234
1111145555555555555555555555555555555555555555444455555555555555555555555444441111111111111234444444
1111455555555555555555555555555555555555555555555555555555555555555555555554444421111112344444444444

1111111111111111111111111111111111111111111111111111111111111111111111111111111111111111111111111111
1111111111111111111111111111111111111111111111111111111111111111111111111111111111111111111111111111
1111111111111111111111111111111111111111111111111111111111111111111122334444444444444311111111111111
1111111111111111111111111111111123444444432111111111111111234444444444444444555555444444421111111111
1111111111111111111111111111123444444444444432111111112344444444444455555555555555555544444211111111
1111111111111111111111111112444444444444444444332222334444444455555555555555555555555555444431111111
1111111111111111111111111234444444444444444444444334444444445555555555555555555555555555544443111111
1111111111111111111111112444444444444444444444444444444444455555555555555555555555555555544444111111
1111111111111111111111123444444444444444444444444444444444455555555555555555555555555555544444111111
1111111111111111111111233444444444444444444444333333444444444555555555555555555555555555444443111111

5555555555555555555555555555555555555555555555555555555555555555555555555555555555555555555555555555
5555555555555555555555555555555555555555555555555555555555555555555555555555555555555555555555555555
5555555555555555555555555555555555555555555555555555555555555555555555555555555555555555555555555555
5555555555555555555555555555555555555555555555555555555555555555555555555555555555555555555555555555
5555555555555555555555555555555555555555555555555555555555555555555555555555555555555555555555555555
5555555555555555555555555555555555555555555555555555555555555555555555555555555555555555555555555555
5555555555555555555555555555555555555555555555555555555555555555555555555555555555555544444444444444
5555555555544444444444555555555555555555555555555555555555555555555555555555555544444421111111111111
5555555544444444444444444444555555555555555555555555555555555555555555555544444444311111111111111111
5555555444444444444444444444444444555555555555555555555555555555555555554444444311111111111111111111

1111111111111111111111111111111111111111111111111111111111111111111111111111111111111111111111111111
1111111111111111111111111111111111111111111111111111111111111111111111111111111111111111111111111111
1111111111111111111111111111111111111111111111111111111111111111111111111111111111111111111111111111
1111111111111111111111111111111111111111111111111111111111111111111111111111111111111111111111111111
1111111111111111111111111111111111111111111111111111111111111111111111111111111111111111111111111111
1111111111111111111111111111111111111111111111111111111111111111111111111111111111111111111111111114
1111111111111111111111111111111111111111111111111111111111111111111111111111111111111111111111114555
1111111111116111111111111111111111111111111111111111111111111111111111111111111111111111111111455555
1111111111111111111111111111111111111111111111111111111111111111111111111111111111111111111355555555
1111111111112344444443322211111111111116111111111111111111111111111111111111111111111111145555555555

1111111111111111111111111111111111111111111111111111111111111111111111111111111111111111111111111111
1111111111111111111111111111111111111111111111111111111111111111111111111111111111111111111111111111
1111111111111111111112222333222211111111111111111111111111111111111111111111111111111111111111111111
1111111111111111122333444444433322211111111111111111111111111111111111122222211111111111111111111111
1111111111111122334444444444444333221111111111111111111112222211111111222222222111111111111111111111
1111111111112334444444444444444433221111111111111111111111221111111111122222222111111111111111111111
1111111111233444444444444444444433221111111111111111111111111111111111111222221111111111111111111111
1111111123344444444444444444443332211111111111111111111111111111111111111111111111111111111111111111
1111112334444444444444444444333221111111111111111111111111111111111111111111111111111611111111111111
1111233444444444444444444333222111111111111111111111111111111111111111111111111111111111111111111111

4444444444444444444555555555555555555555555555555555555555555555555555555555555555555555555555544111
4444333333344444444445555555555555555555555555555555555555555555555555555555555555555555555555554311
4443333333333444444444455555555555555555555555555555555555555555555555555555555555555555555555554431
4433333333333334444444444555555555555555555555555555555555555555555555555555555555555555555555554441
4333322222223333344444444444555555555555555555555555555555555555555555555555555555555555555555555443
4333211111111223333344444444444445555555555555555555555555555555555555555555555555555555555555555444
4332211111111111223333444444444444444444455555555555555555555555555555555555555555555555555555555444
4332111111111111111223333334444444444444444444444444444455555555555555555555555555555555555555555444
4332111111111111111111112223333333222333333333333333333444445555555555555555555555555555555555555444
4332111111111111111111111111111111111111111111111111111112344445555555555555555555555555555555554444

1111111111111111111111111111111111111111111111111111111111111111111111111111111111111111111111111111
1111111111111111111111111111111111111111111111111111111111111111111111111111111111111111111111111111
1111111111111111111111111111111111111111111111111111111111111111111111111111111111111111111111111111
1111111111111111111111111111111111344444211111111111111111111111111111111111111111111111111111111111
1111111111111111111111111111111144444444444111111111111111111111111111111111111111111111111111111111
1111111111111111111111111111612444555555444442111111111111111111111111111111111111111111116111111111
1111111111111111111111111111134455555555554444442111111111111111223444444444444444444444432111111111
1111111111111111111111111111444555555555555544444444333333444444444444444445555555555555444444444311
1111111111111111111111111613445555555555555555444444444444444444444555555555555555555555555555555554
1111111111111111111111111114455555555555555555554444444444444555555555555555555555555555555555555555

5555555444311111111111111111111111111111111111111111111111111111111111123344444555555555555555555555
5555555444321111111111111111111111111111111111111111111111111111111112334444555555555555555555555555
5555555444332111111111111111111111111111111111111111111111111111112334444555555555555555555555555555
5555555444332111111111111111111111111111111111111111116111111112334444555555555555555555555555555555
5555555444433211111111111111111111111111111111111111111122223334444455555555555555555555555555555555
5555555444433211111111111111111111111111111111222233333333444444455555555555555555555555555555555555
5555554444333221111111111111111111111111111111223333344444444455555555555555555555555555555555555555
5555554444333221111111111111111111111111111111223334444444455555555555555555555555555555555555555555
5555544443332221111111111111111111111111111111123334444444555555555555555555555555555555555555555555
5555444443332211111111111111111111111111111111112334444445555555555555555555555555555555555555555555

5555555555555555555555555555555555555555555555544444444444211111111111111111111111111111111111111111
5555555555555555555555555555555555555544444444444444444331111111111111111111111111111111111111111111
5555555555555555555555555555555554444444444444444444332111111111111111111111111111111111111111111111
5555555555555555555555555555444444444444444333332221111111111111111111111111111111111111111111111111
5555555555555555555555544444444444444433222111111111111111111111111111111111111111111111111111111111
5555555555555444444444444444444444443322111111111111111111111111111111111111111111111111111111111111
5544444444444444444444444444444444433221111111111111111111111111111111111111111111111111111111111111
4444444444444444444444444444444444433322111111111111111111111111111111111111111116111111111111111111
4444444444444444444444444444444444444333222111111111111111111111111111111111111111111111111111111111
4444444444444444444444444444444444444444443333333333333322222222222222222223333333211111111111111111

5555555544311111111111111111111111111111111111111111111111111111111111111111111111111111111111115555
5555555544311111111111111111111111111111111111111111111111111111111111111111111111111111111112555555
5555555544311111111111111111111111111111111111111111111111111111111111111111111111111111111455555555
5555555544411111111111111111111111111111111111111111111111111111111111111111111111111111145555555555
5555555544411111111111111111111111111111111111111111111111111111111111111111111111111115555555555555
5555555544421111111111111111111111111111111111111111111111111111111111111111111111111455555555555555
5555555544431111111111111111111111111111111111111344555554411111111111111111111111145555555555555555
5555555544431111111111111111111111111111111111455555555555555411111111111111111111555555555555555555
5555555544442111111111111111111111111111111445555555555555555555411111111111111145555555555555555555
5555555544443211111111111111111111111111444555555555555555555555555411111111115555555555555555555555

1112444445555555555555555555555555555555555555555555555555555555555555555555441111111111111111111111
1111124444444555555555555555555555555555555555555555555555555555555555555555544444444211111111111111
1111111124444444444444334444555555555555555555555555555555555555555555555555555555555555555541111111
1111111111122222211111111111445555555555555555555555555555555555555555555555555555555555555555541111
1111111111111111111111111111112445555555555555555555555555555555555555555555555555555555555555555541
6111111111111111111111111111111124455555555555555555555555555555555555555555555555555555555555555555
1116111111111111111111111111111111144555555555555555555555555555555555555555555555555555555555555555
1111111111111111111111111111111111111445555555555555555555555555555555555555555555555555555555555555
1111111111111111111111111111111111111114445555555555555555555555555555555555555555555555555555555555
1111111111111111111111111111111111111611144445555555555555555555555555555555555555555555555555555555

5555555555544444321111122344444444444444444444444444444444432111111111111111111111111111111111111111
5555555555444211111111111111112334444444444444444444444433111111111111111111111111111111111111111111
5555555554431111111111111111111111112334444444444444332111111111111111111111111111111111111111111111
5555555544211111161611111111111111111111223333333322111111111111111111111111111111111111111111111111
5555555443111111111111611111111111111111111111111111111111111111111111111111111111111111111111111111
5555555441111111111111161111111111111111111111111111111111111111111111111111111111111111111111111111
5555554431111111111111111111111111111111112223333322211111111111111161111111111111111111111111111111
5555554431111111111161111111111111111123334444444444444333211111111111111111111111111111111111111111
5555554441111111111111111111111122344444444444444444444444444432111111111111111111111111111111111111
5555554443111111111111111112344444444444444444444444444444444444444311111111111111111111111111111111

4444444444443332222233333444444444444444444444444444444444444444444444444444444444444444444444555555
4444444444433322223333334444444444444444444444444444444444444444444444444444444444444444444444445555
4444444444332222222333334444444444444444444444444433333333333333333333334444444444444444444444444455
4444443332111111111223333333443333333333333332222111111111111111111111223344444444444444444444444445
3332211111111111111111122222222221111111111111111111111111111111111111111233444444444443333333344444
1111111111111111111111111111111111111111111111111111111111111111111111111112333444443322111111123444
1111111111111111111111111111111111111111111111111111111111111111111111111111112333322111111111111123
1111111111111111111111111111111111111111111111111111111111111111111111111111111111111111111111111111
1111111111111111111111111111111111111111111111111111111111111111111111111111111111111111111111111111
1111111111111111111111111111111111111111111111111111111111111111111111111111111111111111111111111111

5555544444444444444444444444444444444444444444444444444444444444444444444444444444444444444444444443
4444444444444444444444444444444444444444444444444444444444444444444444443333333333344444444444444444
4444444444443333333333333333333333333333333333333333333333333333333333333222222333344444444444444555
4444444333333322222222222222222222222222222222111122222222222233333332222222222233344444444455555555
4444333332222221111111111111111111111111111111111111111112222222222222222222222333444444445555555555
4443333322221111111111111111111111111111111111111111111122222233333333332223333344444444555555555555
4433333222221111111111111111111111111111111111111111222223333333333333333333444444444455555555555555
4443333322222222111111111111111111111111111111112222333334444444444444444444444444445555555555555555
4444433333333332222222222222222222222222222223333334444444444444444444444444444455555555555555555555
4444444444433333333333333333333333333333334444444444444444444444445555555555555555555555555555555555

1111111111111111111111111111111111111111111111111111111111111111111611111111111111111111111112444455
1111111111111111111111111111111111111111111111111111111111111111111111111111111111111111111111344455
1111111111111111111111111111111111111111111111111111111111111111111111111111111111111111111111344445
1111111111111111111111111111111111111111111111111111111111111111111111111111111111111111111111344445
1111111111111111111111111111111111111111111111111111111111111111111111111111111111111111111112344445
1111111111111111111111111111111111111111111111111111611111111111223333333333332221111111111123444445
1111111111111111111111111111111111111111111111111111111111112234444444444444444444333322222344444455
1111111111111111111111111111111111111111111111111111111123344444444444444444444444444444444444444455
5555555544431111111111111112333332211111111111112233444444444444444444444444444444444444444444444555
5555555555555544444444444455554444444444444444444444444444444444444444444444444444444444444444455555

4444444444444444555555555555555555555555555555555555555555555555555555555555555555555555555555555542
4444444444444444444445555555555555555555555555555555555555555555555555555555555555555555555555441111
4444444433333334444444444445555555555555444422244455555555555555555555555555555555555555555421111111
4444444322211122234444444444444455554444411111111111145555555555555555555555555555555555421111111111
4444444321111111122233444444444444444443111111111111111111245555555555555555555555554411111111111111
5444444321111111111222333444444444444441111111111111111111111111111244444444442111111111111111111111
5544444422111111111122233444444444444441111111111111111111111111111111111111111111111111111111111111
5555444442211111111222334444444444444442111111111111111111111111111111111111111111111111111111111111
5555544444322111122234444444445555554443111111111111111111111111111111111111111111111111111111111111
5555555444443333334444444445555555555544211111111111111111111111111111111111111111111111111111111111

1111111111111111111111111111111111111111111233333333333333322222211111111222333344444444444444444444
1111111111111111111111111111111111111111234444444444444443333333332222222233333444444444444444444444
1111111111111111111111111111111111111113445555555555544444444433333333333333334444444445544444544545
1111111111111111111111111111111111111244555555555555555444444444333333333333334444444445445555455555
1111111111111111111111111111111111113445555555555555555544444444333333333333344444444444444554554555
1111111111111111111111111111111111234455555555555555555444444444333333333333344444444444444444444444
1111111111111111111111111111111112344555555555555555544444444433333333333333334444444444444444444444
1111111111111111111111111111111123344455555555555554444444333333333333333333333444444444444444444444
1111111111111111111111111111111223344445555555554444433333333333322222223333333334444444444444444444
1111111111111111111111111111111223333444444444444333322222222222222222222222333333333444444444444444

1111134455555555555555555555444443322111111111111111112222222222221111111111111611111111111111111111
1111124445555555555555555555444443322211111111112222233333333333333222211111111111111111111111111111
1111113445555555555555555555444443332221111122222333333334444444333333322221111111111111611111111111
1111112344455555555555555554444443332222222222233333444444444444444433333222211111111111111111111111
1111111234445555555555555554444443332222222233333344444444444444444443333332221111111111111111111111
1111111123444455555555555444444433332222222333333444444444444444444444333332222111111111111111111611
1111111112344444444444444444444433332222223333334444444444444444444443333322221111111111111111111116
1111111111233444444444444444444333322222223333334444444444444444444433333222111111111111111111111611
1111111111112334444444444444443333222222223333333444444444444444443333322211111111111111161111111111
1111111111111123334444444444333322222222222333333344444444444433333322221111111111111111111111111111

5555555555555555555555555555555555555555555555554411111111111111111111111111111111111111111111111611
5555555544444455555555555555555555555555555555555442111111111111111111111111111111111111111111111111
5555554441112445555555555555555555555555555555555554411111111111111111111111111111111111111111111111
5555544111111144555555555555555555555555555555555555444111111111111111111111111111111111111113444444
5555441111111124455555555555555555555555555555555555554441111111111111111111111111111111134444444444
5554421111111114445555555555555555555555555555555555555444441111111111111111111111112444444444444444
5554411111111114445555555555555555555555555555555555555554444444211111111111123444444444444455555555
5544311111111113445555555555555555555555555555555555555555544444444444444444444444444445555555555555
5544211111111113445555555555555555555555555555555555555555555544444444444444444445555555555555555555
5544211111111114445555555555555555555555555555555555555555555555555544445555555555555555555555555555

5555555555555555554111111111111111111111111111111145555555555555555555555555555555555555555555555555
5555555555555555555211111111111111111111111111111111123444444555555555555555555555555555555555555555
5555555555555555555411111111111111111111111111111111111111111111111111112344555555555555555555555555
5555555555555555555411111111111111111111111111111111111111111111111111111111134455555555555555555555
5555555555555555555421111111111111111111111111111111111111111111111111111111111134555555555555555555
5555555555555555555421111111111111111111111111111111111111111111111111111111111111244555555555555555
5555555555555555555411111111111111111111111111111111111111111111111111111111111111112344555555555555
5555555555555555554211111111111111111111111111111111111111111111111111111111111111111112444555555555
5555555555555555431111111111111111111111111111111111111111111111111111111111111111111111112344455555
5555555555555442111111111111111111111111111111111111111111111111111111111111111111111111111111223444

1111111111111111111111111111111111111111111111111111111111111111111111111111111111111111111111111111
1111111111111111111111111111111111111111111111111111111111111111111111111111111111111111111111111111
1111111111111111111111111111111111111111111111111111111111111111111111111111111111111111111111111111
1111111111111111111111111111111111111111111111111111111111111111111111111111111111111111111111111111
1111111111111111111111111111111111111134421111111111111111111111111111111111111111111111111111111111
1111111111111111111111111111111111245555555111111111111111111111111111111111111111111111111111111111
1111111111111111111111111111111355555555555511111111111111111111111111111111111111111111111111111111
1111111111111111111111111111145555555555555541111111111111111111111111111111111111111111111111111111
1111111111122222211111111124555555555555555551111111111111111111111111111111111111111111111111111111
1111111112223333322211123455555555555555555554111111111111111111111111111111111111111111111111111111

2111111111111111111111111111111111111111111111111111111111111111111111111111111111111111111111244445
4221111111111111111111111111111111111111111111111111111111111111111111111111111111111111111111124444
4422111111111111111111111111111111111111111111111111111111111111111111111111111111111111111111112444
4432211111111111111111111111111111111111111111111111111111111111111111111111111111111111111111111244
4443322111111111111111111111111111111111111111111111111111111111111111111111111111111111111111111234
4444322211111111111111111111111111111111111111111111112222222222211111111111111111111111111111111234
4444332221111111111111111111111111111111111111111111222334444444333222211111111111111111111111111234
4444332221111111111111111111111111111111111111111111223444444444444444443322222111111111111111112244
4443322221111111111111111111111111111111111111111112234444444444444444444444444433322222211122223444
4432222111111111111111111111111111111111111111111112234444444444444444444444444444444444444444444444

5555555555555555555555555555555555555411111111111112444443211111111111111111111111111111111111111111
5555555555555555555555555555555555551111111111111112444444311111111111111111111111111111111111111111
1245555555555555555555555555555555211111111111111111344444321111111111111111111111111111111111161112
1111111455555555555555555555555531111111111111111111244444421111111111111111111111111111111111111124
1111111111145555555555555555552111111111111111111111134444421111111111111111111111111111111111111234
1111111111111145555555555554111111111111111111111111123444321111111111111111111111111111111111112344
1111111111111111111344421111111111111111111111111111112333221111111111111111111111111111111111112444
1111111111111111111111111111111111111111111111111111111122211111111111111111111111111111111611113444
1111111111111111111111111111111111111111111111111111111111111111111111111111111111111111111111123444
1111111111111111111111111111111111111111111111111111111111111111111111111111111111111111111111123444

1111111111111111111111111111111111111111111111111111111111111111111111111111111111111111111111111111
1134444444444443311111111111111111111111111111111111111111111111111111111111111111111111111111111111
4444555555544444444443211111111111111111111111111111111111111111233444444443332111111111111611111111
5555555555555554444444444443332211111111111111111111111111112344444444444444444433321111111111161111
5555555555555555554444444444444444444443333221111111111123344444444444444444444444443321111111111111
5555555555555555555554444444444444444444444444444333334444444444455555555444444444444433211111111111
5555555555555555555555555444444444444444444444444444444444444445555555555554444444444444332211111111
5555555555555555555555555545444444444444444444444444444444444555555555555555444444444444443332221111
5555555555555555555444444444444444444444444444444444444444444555555555555555544444444444444443333333
5555555555555554444444444444444444444444444444444444444444445555555555555555544444444444444444444444

4444444444333222111111111111111111111111111111111111111111111111111111111111111111111111111111111111
4444444444443333222211111111111111111111111111111111111111111111111111111111111111111111111111111111
4444444444444433333222222222111111111111111111111111111111111111111111111111111111111111111111111111
4444444444444444433333333222222221111111111111111111111111111111111111111111111111111111111111111111
4444444444444444444433333333332222211111111111111111111111111111111222233333332211111111111111111111
4444444444444444444444444333333222221111111112222211111111111111223334444444444332111111111111111111
3333344444444444444444444433333222211111111111122222111111112222333444444444444433211111111111111111
2222333333444444444444444333322221111111111111111111111111222233344444444444444443321111111111111111
1111122223333334444444433332222111111111111111111111111111122233344444444444444443322111111111111111
1111111112222333333333333222111111111111111111111111111111112223334444444444444443321111111111111111

1112444455555555555555555555555544443211111224444444444444444444444444444443322111111111111111111111
1111124444455555555555555555444444211111111111224444444444444433333322222222111111111111111111111111
1111111344444444455555544444444421111111111111112233444433222111111111111111111111111111111111111111
1111111123444444444444444444443211111111111111111222232222211111111111111111111111111111111111111111
1111111111234444444444444444432111111111111111111222333222211111111111122222222211111111111111111111
1111111111223444444444444444432211111111111111122344444443322222222222333444444443322222222222221111
1111111111223444444444444444443221111111111112344444444444444444444444444444444444444444444444444444
1111111111234444444444444444444444322222223444444444444444444444444444444444444444444445555555555555
1111111123444444444444444444444444444444444444455555555555555555555555555555555555555555555555555555
1111112344444444555555555555555554444444555555555555555555555555555555555555555555555555555555555555

5555555555555555555555555555544211111111111111111111111111111111111111111122333333221111111111111111
5555555555444444444444444444421111111111111111111111111111111111111111244444444444444444332111111111
5555555444111111111111111111111111111111111111111111111111111111111234444555555555555444444433211111
5555544311111111111111111111111111111111111111123344433221111111234444455555555555555555444444432111
5555431111111111111111111111111111111111111112444444444444433333444444555555555555555555554444444321
5544211111111111111111111111111111111111111113444444444444444444444445555555555555555555554444444432
5441111111111111111111111111111111111111111113444444444444444444444444555555555555555555554444444432
4411111111111111111111111111111111111111111111344444444444443333334444445555555555555555444444443321
3111111111111111111111111111111111111111111611123444444443221111111234444444455555444444444444322111
1111111111111111111111111111111111111111111111111112221111111111111111123444444444444444433221111111

1111111111111111111111111111111111111111111111111111111111111111111111111111111111111115555555555555
1111111111111111111111111111111111111111111111111111111111111111111111111111111111111115555555555555
1111111111111111111111111111111111111134455444311111111111111111111111111111111111111111555555555555
1111111111111111111111111111111112455555555555544111111111111111111111111111111111111111155555555555
1111111111111111111111111111345555555555555555555311111111111111111111111111111111111111114555555555
1111111111111111111111124455555555555555555555555411111111111111111111111111111111111111111145555555
1111111111111111111344555555555555555555555555555411111111111111111111111111111111111111111111145555
1111111111111124445555555555555555555555555555555521111111111111111111111111111111111111111111111145
1111112344444555555555555555555555555555555555555511111111111111111111111111111111111111111111111111
4555555555555555555555555555555555555555555555555411111111111111111111111111111111111111111111111111

5555555555555555555555555555555444444444444321111111111111111111111111111111123444444444444555555555
5555555555555555555555555555544444444444444443211111111111111111111111111223444444444444444455555555
5555555555555555555555555554444444444444444444433221111111111111111111233444444444444444444445555555
5555555555555555555555554444444444444444444444444433333222111111112233444444444444444444444444455555
5555555555555555554444444444431111111223444444444444444433322222223344444444444444333222334444444555
5555555555544444444443211111111111111111112233333444444443332222233344444444443221111111111114444455
5555544444211111111111111111111111111111111111112223333333222111122233333332211111111111111111124444
4441111111111111111111111111111611111111111111111111111111111111111111111111111111111111111111111144
1111111111111111111111111111111111161111111111111111111111111111111111111111111111111111111111111112
1111111111111111111111111111111111111111111111111111111111111111111111111111111111111111111111111111

1111111111111111111111111111111112344455555555555555555555555555555555555555555555554444321111111111
1111111111111111111111111111111123444555555555555555555555555555555555555555555555555444432111111111
1111111111111111111111111111112233444555555555555555555555555555555555555555555555555444443321111111
1111111111111112222211111111222233444555555555555555555555555555555555555555555555555444444332111111
1111111111111111111111111111222223344455555555555555555555555555555555555555555555555444444433221111
1111111111111111111111111111111111234445555555555555555555555555555555555555555555555444444433322111
1111111111111111111111111111111111112344555555555555555555555555555555555555555555554444444443332211
1111111111111111111111111111111111111134444555555555555444444444444444444455555555444444444443333211
1111111111111111111111111111111111111111234444444444332111111111111111233444444444444444444433333211
1111111111111111111111111111111111111111111111111111111111111111111111111112334444444443333333332211

1111111111111111111111111111111111111111111111111111111111111111111111111111111233444444444444444443
1111111111111111111111111111111111111111111111111111111111111111111111111111233444444445555555444444
3333333222111111111111111111111111111111111111111111111111111111111111112334444444455555555555554444
4444444444433333332222222222333333321111111111111111111111223333333334444444444555555555555555555444
4444444444444444443333333333333333333321111111111112333444444444444444444455555555555555555555555444
5555555444444444444444433334444444443333332222333344444445555555555555555555555555555555555555555544
5555555555554444444444444444444444444443333334444444455555555555555555555555555555555555555555555544
5555555555555544444444444444444444444444444444444455555555555555555555555555555555555555555555555544
5555555555555555444444444444444444444444444444455555555555555555555555555555555555555555555555555544
5555555555555555544444444444444444444444444445555555555555555555555555555555555555555555555555555544

5555444444444444444444444444444444444444444444443221111111111233444431161111111111111111111111111111
4444444444444444444444444444444444444444444444444332211112234444455554441111111111111111111111111111
4444444443333333444444444444444444444444444444444433322334444455555555554411111111111111111111111111
3333222222222222223333334444444444444444444444444443333444444555555555555544111111111111111111111111
1111111111111111111222223333333334444444444444444444444444445555555555555555421111111111111111111111
1111111111111111111111122222233333334444444444444444444444455555555555555555544111111111111111111111
1111111111111111111111111112222222333344444444444444444444455555555555555555555441111111111111111111
1111111611111111111111111111111122222333334444443333444444455555555555555555555554411111111111111111
1111111111111111111111111111111111122222333333333333344444555555555555555555555555443111111111111111
1111111111111111111111111111111111111112222222222222334444455555555555555555555555554421111111111111

5555555444322222222222332222222222111112221111111111111111111111111111111111111111111111111111111111
5555554432211111122222333332222222222222222222222211111111111111111112222222222222222222222222111111
5555544221111111111222233322222222333333444443332222111111111111111222233333333333333333333444433222
5554432111111111111122222222222223333444444444433222111111111111111222233444444444444444444444444444
5544211111111111111111112222222222233344444444433221111111111111111122223334444444444444444444444444
4432111111111111111111111111111222222333444443322211111111111111111111122223333333334444444444444444
4211111111111111111111111111111111122222233322221111111111111111111111111112222222222233344444444444
1111111111111111111111111111111111111111222221111111111111111111111111111111111111111122223344444444
1111111111111111111111111111111111111111111111111111111111111111111111111111111111111111111223344444
1111111111111111111111111111111111111111111111111111111111111111111111111111111111111111111111122222

5555555555555554444332222222222333334444444444444333222222211111111111111111122222234445555555555555
5555555555555554443222222222222233334444444444444433322222222111111111111111111111222234445555555555
5555555555555544332222222222222223334444444444444443332222222211111111111111111111111112234455555555
5555555555555443222211111112222222333444444444444444332222222111111111111111111111111111112345555555
5555555555554432221111111111122222233344444444444443332222221111111111111111111111111111111123455555
5555555555544322211111111111111222222334444444444443332222211111111111111111111111111111111111234555
5555555555544322111111111111111112222233344444444333322222111111111111111111111111111111111111112455
5555555555443221111111111111111111222222333333333332222211111111111111111111111111111111111111111124
5555555554432211111111111111111111112222223333332222222111111111111111111111111111111111111111111111
5555555544322111111111111111111111111122222222222222111111111111111111111111111111111111111111111111

5411111111111111111111111111111111111111111111111111111111111111111111111111111111111111111111111133
5511111111111111111111111111111111111111111111111111111111111111111111111111111111111111111111111334
5541111111111111111111111111111111111111111111111111111111111111111111111111111111111111111111113344
5551111111111111111111111111111111111134444444444433111111111111111111111111111111111111111111133344
5554111111111111111111111111111111114555555555555554443311111111111111111111111111111111111111333444
5555211111111111111111111111111111455555555555555555554444333322222333333333221111111111111113334444
5555411111111111111111111111111135555555555555555555555554444444444433333333333331111111111123333444
5555531111111111111111111111111455555555555555555555555555554444444444444444433333321111111333344444
5555541111111111111111111111114555555555555555555555555555555555544444444444444333333221223333444444
5555554111111111111111111111145555555555555555555555555555555555555554444444444443333333333333444445

1111111111111111111122234444444444444444444444444444444444444555555555555555555555555555555555544444
1111111111111111111111122222233333333332222222111111111111223444445555555555544444444444444444322111
1111111111111111111111111111111111111111111111111111111111111122344444444444443322222222222111111111
1161111111111111111111111111111111111111111111111111111111111111122334444432221111111111111111111111
1111111111111111111111111111111111111111111111111111111111111611111122222221111111111111111111111111
1111111111111111111111111111111111111111111111111111111111111111111111222111111111111111111111111111
1111111111111111111111111111111611111111111111111111111111111111111111121111111111111111111111111111
1111111111111111111111111111111111111111111111111111111111111111111112222221111111111111111161111111
2111111111111111111111111111111111111111111111111111111111111111111122233222221111111111111111111111
2222222111111111111111111111116111111111111111111111111111111111112234444444433222221111111111111111

1111111111111111111111111111111111111111111111111111111111111111111111111111111111111111111111111111
1111111111111111111111111111111111111111111111111111111111111661111111111111111111111111111111111111
1111111111111111111111111111111111111111111111111111111111144444444211111111111111111111111111111111
1111111111111111111111111111111111111111111111111111111444555555555554444111111111111111111111111111
1111111111111111111111111111111111111111111111111111144455555555555555555544311111111111111111111111
1111111111111111111111111111111111111111111111111124445555555555555555555555544411111111111111111111
1111111111111111111111111111111111111111111111234444455555555555555555555555555554444111111111111161
1111111111111111111111111111111111111113444444444444555555555555555555555555555555555444444444444444
1111111111111111111111111111111111111124444444444445555555555555555555555555555555555555555555555555
1111111111111111111111111111111111111124444444444445555555555555555555555555555555555555555555555555

5444443333322211111111111111111111111111111111111111111111111111111111111111111111111111111111111111
4443333222111111111111611111111111111111111111111111111111111111111111111111111111111111111111111111
3333221111111111111111111111111111111111111111111111111111111111111111111111111111111111111111111111
3221111111611111111111111111111111111111111111111111111111111111111111111111111111111111111111111111
1111111111111111111111111111111111111111111111111111111111111111111111111111111111111111111111111111
1111111111111111111111111111111111111111111111111111111111111111111111111111111111111111111111111111
1111111111111111111111111111111111111111111111111111111111111111111111111111111111111111111111111111
1111111111111111111111111111111111111111111111111111111111111111111111111111111111111222222111111111
1111111111111111111111111111111111111111111111111111111111111111111111111111111111123333333322222111
1111111111111111111111111111111111111111111111111111111111111111111111111111111111234444444433333322

4444443333222211111111111111111111111111111111111111111111111111111111111111111111111111111111111111
4444443333222221111111111111111111111111111111111111111111111111111111111111111111111111111111111111
4444443333222221111111111111111111111111111111111111111111111111111111111111111111111111111111111111
4444443332222222111111111111111111111111111111111111111111111111111111111111111111111111111111111111
4444433332222221111111111111111111111111111111111111111111111111111111111111111111111111111111111111
4444433322222211111111111111111111111111111111111122222222222211111111111111111111111111111111111111
4444333222221111111111111111111111111111111222233344444444444443322111111111111111111111111111122233
4443332222211111111111111111111111112222223333444444445555555444444321111111111111111111111223344444
4433322221111111111111111111111222222223334444444455555555555555544443221111111111111111122344444555
4333222211111111111111111111111222222333444444455555555555555555555444332111111111111111233444455555

5555555555555555555555555555544311111111111111111111111111111111111111111111111111111111111111111111
5555555555555555555555555555555443111111111111111111111111111111111111111111111111111111111111111111
5555555555555555555555555555555554441111111111111111111111111111111111111111111111111111111111111111
4555555555555555555555555555555555544431111111111111111111111111111111111111111111111111111111111111
4455555555555555555555555555555555555444421111111111111111111111111111112333211111111111111111111111
4445555555555555555555555555555555555554444321111111111111111111113344444444444443311111111111111111
4444455555555555555555555555555555555555554444331111111111111133444444444555444444444321111111111111
4444444555555555555555555555555555555555555544444433332333344444444555555555555555444444321111111111
4444444455555555555555555555555555555555555555544444444444444445555555555555555555555444444311111111
4444444444555555555555555555555555555555555555555544444444455555555555555555555555555555444444321111

3222211111111111111111111111111111111111111112222222222222211111111111111111111111111111111111111124
2222211111111111111111111111111111111222222222222222222222222221111111111111111111111111111111111112
2222211111111111111111111111111122222222222334444444444444332222222111111111111111111111111111111112
2222221111111111111111111111122222222233444444444444444444444432222221111111111111111111111111111111
2222221111111111111111111222222222334444444445555555555554444444322222211111111111111111111111111111
2222222211111111111112222222222344444444455555555555555555554444443222221111111111111111111111111111
2222222222222222222222222222344444444455555555555555555555555544444332222111111111111111111111111111
2222222222222222222222223344444444455555555555555555555555555554444432222111111111111111111111111111
2222222222222222222333444444444455555555555555555555555555555555444443222211111111111111111111111111
2222222222222233344444444444455555555555555555555555555555555555544444222211111111111111111111111111

4444444444444444444555555555555555555555555555555555555555555555555555555555555555555555555555555555
3444444444444444444445555555555555555555555555555555555555555555555555555555555555555555555555555555
3344444444433222222444455555555555555555555555555555555555555555555555555555555555555555555555555555
3334444443322222222234444555555555555555555555555555555555555555555555555555555555555555555555555555
3333443333222222222223444445555555555555555555555555555555555555555555555555555555555555555555555555
3334433332222222222223444444455555555555555555555555555555555555555555555555555555555555555555555555
4444444333322222222233444444444455555555555555555555555555555555555555555555555555555555555555555555
4444444444333333334444444444444444455555555555555555555555544444444445555555555555555555555555555555
4444444444444444444444444444444444444455555555555555555544444444444444455555555555555555555555555555
4444444444444444444444444444444444444444555555555555544444444444444444444555555555555544444455555555

5555555544444444444444444444444444444211111111111111111111111111111111111111111111111111111111111111
5555554444433222222344444444444444444432111111111111111111111111111111111111111111111111111111111111
5555444432111111111234444444444444444443211111111116111111111111111111111111111111111111111111111111
5544431111111111111112344444444444444443211111111111161111111111161111111234444444444443211111111111
4442111111111111111111134444444444444432111111111111611111111111611111112444444444444444444421111111
4111111111111111111111112344444444444321111111111111111111111111111111112344444555555554444444311111
1111111111111111111111111123444444431111111111111111111111111111111161111134444455555555444444431111
1111111111111111111111111111112221111111111111111111111111111111111111111111344444555544444444421111
1111111111111111111111111111111111111111111111111111111111111111111111111111112444444444444432111111
1111111111111111111111111111111111111111111111111111111111111111111111111111111111223332211111111111

1111111111111111111111112223443222111111111111111111111111111111111111111111111111111111111111111111
1111111111111111111223444455555544432111111111111111111111111111111111111111111111111111111111111111
1111111111111122244444555555555555544432221111111111111111111111111111111111111111111111111111111111
1111111112223444445555555555555555555544444433334444444444444444444444444444444443222111111111111111
1111112223444445555555555555555555555555544444444445555555555555555555555555555554444432111111111111
1111222344445555555555555555555555555555555555555555555555555555555555555555555555555544422111111111
1122234444455555555555555555555555555555555555555555555555555555555555555555555555555555444321111111
2222344445555555555555555555555555555555555555555555555555555555555555555555555555555555555443211111
2223444445555555555555555555555555555555555555555555555555555555555555555555555555555555555544432111
2234444445555555555555555555555555555555555555555555555555555555555555555555555555555555555555444221

1111111111111111134445555555555555555555555555555555555555555555555555555555555444444444444445555555
1111111111111112444555555555555555555555555555555555555555555555555555555555555444444444444444555555
1111111111111144455555555555555555555555555555555555555555555555555555555555555444444444444444455555
1111111111112444555555555555555555555555555555555555555555555555555555555555554444444444444444445555
1111111111134445555555555555555555555555555555555555555555555555555555555555554444444444444444444555
1111111111444555555555555555555555555555555555555555555555555555555555555555544444444333334444444555
1111111134445555555555555555555555555555555555555555555555555555555555555555444444443322223344444455
1111111444455555555555555555555555555555555555555555555555555555555555555554444444432111111234444445
1111134445555555555555555555555555555555555555555555555555555555555555555544444444321111111112344444
1112444455555555555555555555555555555555555555555555555555555555555555544444444433111111111111234444

1111111111111111111111344555555555555555555555555555555555555555555555555555555555555555555555555555
1111111111111111111124444555555555555555555555555555555555555555555555555555555555555555555555555555
1111111111111111111344445555555555555555555555555555555555555555555555555555555555555555555555555555
1111111123332211123444445555555555555555555555555555555555555555555544444444455555555555555555555555
1111111133333222234444445555555555555555555555555555554444444444444444444444444445555555555555555555
1111111122322222234444445555555555555555555555555544442111111111111111112334444444445555555555555555
1111111111111111233444445555555555555555555555554442111111111111111111111112344444444445555555555555
1111111111111111123444444555555555555555555555444111111111111111111111111111123444444444445555555555
1111111111111111112344444455555555555555555544431111111111111111111111111111112334444444444444444555
1111111111111111111234444445555555555555554444211111111111111111111111111111111233444444444444444444

1455555555555555555555555555555555555555555555555555555555555555555544444444444444444555555555555555
1555555555555555555555555555555555555555555555555555555555555555544444322111111112234444455555555555
4555555555555555555555555555555555555555555555555555555555555554444321111111111111111234444444445555
4555555555555555555555555555555555555555555555555555555555555544442111111111111111111111234444444444
4555555555555555555555555555555555555555555555555555555555555444431111111111111111111111112223333444
5555555555555555555555555555555555555555555555555555555555555444431111111111111111111111111111111223
5555555555555555555555555555555555555555555555555555555555555544442111111111111111111111111111111111
5555555555555555555555555555555555555555555555555555555555555554444321111111111111111111111111111111
5555555555555555555555555555555555555555555555555555555555555555544443221111111111111112222222111111
5555555555555555555555555555555555555555555555555555555555555555555444444432222222233344444433322222

4444444443211111111111111111111112444444444445555555555555555555555555555555555555555555555555555555
4444444421111111111111111111111111112344444444444455555555555555555555555555555555555555555555555555
4444444211111111111111111111111111111123444444444444444455555555555555544444444455555555555555555555
4444443211111111111111111111111111111112344444444444444444444444444444444444444444455555555555555555
4444443211111111111111111611111111111112444444444444444444444444444444444444444444444555555555555555
4444444321111111111166111111111111111234444444444444444444444444444444444444444444444555555555555555
4444444442111111111111111111111111123444444444444455555555555555555444444444444444444555555555555555
4444444444421111111111111111111234444444444455555555555555555555555555554444444444444555555555555555
5555544444444432111111111223444444444445555555555555555555555555555555555555554444555555555555555555
5555555554444444444444444444444445555555555555555555555555555555555555555555555555555555555555555555

5555555555555555555555555555555555555555555555555555555555555555555555555555555555555555555555555555
5555555555555555555555555555555555555555555555555555555555555555555555555555555555555555555555555555
5555444444455555555555555555555555555555555555555555555555555555555555555555555555555555555555555555
5544444344444455555555555555555555555555555555555555555555555555555555555555555555555555555555555555
4443321112334444455555555555555544443211111234444555555555555555555554444444444455555555555555555555
4432111111122344444455555555444431111111111111111112344444444444433211111111111133444445555555555555
4431111111111233444444444444432111111111111111111111111111111111111111111111111111111233344444444444
4421111111111123344444444443211111111111111111111111111111111111111111111111111111111111111111111111
4432111111111223334444444432111111111111111111111111111111111111111111111111111111111111111111111111
4443221111122333344444444321111111111111111111111111111111111111111111111111111111111111111111111111

4444444444444455555555555555555554444444444444444444444444444444445555555555555555555555555555555555
5555555555555555555555555555555554444444444444444444444444444444444555555555555555555555555555555555
5555555555555555555555555555555554444444444444444444444444444444444445555555555555555555555555555555
5555555555555555555555555555555554444444444444444444444444444444444444555555555555555555555555555555
5555555555555555555555555555555544444444443344444444444444444444444444455555555555555555555555555555
5555555555555555555555555555555544444444321122344444444444444444444444444555555555555555555555555555
5555555555555555555555555555555444444444211111123344444444444443344444444445555555555555555555555555
5555555555555555555555555555555444444443111111111123344444444332122344444444455555555555555555555555
5555555555555555555555555555544444444431111111111111112233332211111123444444444455555555555555555555
5555555555555555555555555554444444444421111111111111111111111111111111134444444444445555555555555555

5555555555555555555444332111111111111111111111223444455555555555555555555555544444433332222111111111
5555555555555555555555544432111111111111111233344445555555555555555555555554444443333222111111111111
5555555555555555555555555544433222222223333444444555555555555555555555555544444433332211111111111111
5555555555555555555555555555544444344444444444555555555555555555555555554444444333221111111111111111
5555555555555555555555555555555544444444555555555555555555555555555555444444433332211111111111111111
5555555555555555555555555555555555555555555555555555555555555555555544444444333322111111111111111111
5555555555555555555555555555555555555555555555555555555555555555554444444433332221111111111111111111
5555555555555555555555555555555555555555555555555555555555555555444444443333322111111111111111111111
5555555555555555555555555555555555555555555555555555555555555544444444333332221111161111111111111111
5555555555555555555555555555555555555555555555555555555555554444444433333222111111111111111111111111

1111111111111111111111111122444444444444444444444444444332222111111111111111111111111111111111111111
1111111111111111111111111111111112222233444444444432222111111111111111111111111111111111111111111111
1111111111111111111111111111111111111111122223333222111111111111111111111111111111111111111111111111
1111111111111111111111111111111111111111111222222222111111111111111111111111111111111111111111111111
1111111111111111111111111111111111111111111222333332222222221111111111111111111111111111111111111111
1111111111111111111111111111111111111111122344444444444444444433222211111111111111111111111111111111
1111111111111111111111111111111111111223444444444444444444444444444444432221111111111111111112234444
1111111111111111111111111111112223444444444444445555555555544444444444444444444444433444444444444444
1111111111111111111111112244444444444444555555555555555555555555555555555444444444444444444444555555
1111111111111111111234444444444555555555555555555555555555555555555555555555555555555555555555555555

5555555555555554444444444444444444444444444444444444444444444332211111111111111111111111111111111111
5555555555555444444444444433333333333333344444444444444444432211111111111111111111111111111111111111
5555555555544444444433322222111111111111122333444444444443322111111111111111111111111111111111111111
5555555555544444433222111111111111111111111122333444444333221111111111111111111111111111111111111111
5555555555444444332221111111111111111111111112223334444333221111111111112233334433322111111111111111
5555555555444444433221111111111111111111111112233334444433322111111112233444444444444444443211161111
5555555555544444443322211111111111111111111222333444444444333222222233444444444555555555554444442111
5555555555554444444443333222222222111122222333444444444444444444344444444445555555555555555555555544
5555555555555544444444444444444333333333444444444444444444444444444444445555555555555555555555555555
5555555555555555444444444444444444444444444444444444444444444444444445555555555555555555555555555555

1111111111111111111111111111111111111111111111111111111611111111111111111111111111111111111111111111
1111111111111111111111111111111111111111111111111611111111111111111111111111111111111111111111111111
1111111111111111111111111161111161111111111111111111111111111111111111111111111111111111123344444444
1111111111111111111116111111111111111111111111111111111111111111111111111111111111111112344444444444
1111111111111111111111111111111111111111111111111111111111111111111111111111111111111234444444444444
1111111111111111111111111111111111111111111111111111111122233333332221111111111111123444444444444545
1111111111116111111111111111111111111111111111111111223344444444444433321111111112344444444445555555
1111111111111111111111111111111111111111111111111123344444444444444444443322122334444444445555555555
1111111111111122333333332221111111111111111111111233444444444444444444444444444444444444555555555555
1111111124444444444444443321111111111111111111112334444444444444444444444444444444444455555555555555

1144444444455555555555555555555555555555555555555555555555555555555554444444111111111111111111111111
4444444444455555555555555555555555555555555555555555555555555555555555544444444211111111111111111111
4444444444455555555555555555555555555555555555555555555555555555555555555444444444432111111233432111
4444444444444555555555555555555555555555555555555555555555555555555555555555444444444444444444444444
4444444444444445555555555555555555555555555555555555555555555555555555555555554444444444445555555555
4444444444444444555555555555555555555555555555555555555555555555555555555555555554444555555555555555
4444444322244444444555555555555555555555555555555555555555555555555555555555555555555555555555555555
4444441111111124444445555555555555555555555555555555555555555555555555555555555555555555555555555555
4444211111111111124444445555555555555555555555555555555555555555555555555555555555555555555555555555
4442111111111111111114444445555555555555555555555555555555555555555555555555555555555555555555555555

5555554444443333444455555555555555555555555555555555555555555555555555555555555555555555555555555555
5554444432222222234445555555555555555555555555555555555555555555555555555555555555555555555555555555
5544443222222222224445555555555555555555555555555555555555555555555555555555555555555555555555555555
4444432222111122224444555555555555555555555555555555555555555555555555555555555555555555555555555555
4444322222111122224444445555555555555555555555555555555555555555555555555555555555555555555555555555
4443322222222222234444444555555555555555555555555544442224445555555555555555555555555555555555555555
4443322222222222344444444444555555555555555555444322111111234455555555555555555555555555555555555555
4444332222222233444444444444444444455544444444221111111111112445555555555555555555555555555555555555
4444444333333444444444444444444444444444432221111111111111111244555555555555555555555555555555555555
4444444444444444444444444444444443332222211111111111111111111234455555555555555555555555555555555555

1111111113444444444444444444555555555555555555555555555555555555555555555555555555555555555555555555
1111111112344444444444444444444444555555555555555555555555555555555555555555555555555555555555555555
1111111111233443332222222344444444444444444555555555555555555555555555555555555555555555555555555555
1111111111122221111111111111234444444444444444444444444444444444444444444444444444444445555555555555
1111111111122111111111111111112234444444444444444444444444444444444444444444444444444444444455555555
1111111112222211111111111111111123344444444444444444444444444444444444444444444444444444444444455555
1111123444444332111111111111111223344444444444444444444444444444444444444444444444444444444444555555
2344444444444444432211111111223344444444444444444444444444444444444444444444444444444444444444555555
4444444444444444444444444444444444444444444444444444444444444444444444444444444444444444444555555555
5555555555444444444444444444444444444444444444444444444444444445555555555555555555555555555555555555

5555555555555555555555555554444433222333444444555555555555555544444444433222222221111111111111111111
5555555555555555555544444322211111111111122223444444444444444444433322222222222211111111111111111111
5555555555554444432222211111111161111111111111222334444444433322222222222222222211111111111111111111
5555555544322221111111111111111111111111111111112222222222222222222222222222222211111111111111111111
5555544322111111111111111111111111111111111111111122222222222222222222222222222222111111111111111111
5554422111111611111111111111111111111111111111111112222222222222222222222222222222211111111111111111
5544211111111111111111111111111111111111111111111112222222222222222222223334443332222211111111111111
5542211111111111111111111111111111111111111111111122222222222222222333444444444444322222211111111111
5442111111111111111111111111111111111111111111112222333444444444444444444444444444444332222221111111
5442111111161111111111111111111111111111111112222344444444444444444444555555555555444444443332222211

1111111111111111111111111111111111111111111111111111111111111111111111111111111111111111111111111111
1111111111111111111111111111111111111111111111111111111111111111111111111111111111111111111111111111
1111111111111111111111111111111111111111112233333332211111111111111111111111111111111111111111111111
1111111111111111111111111111111111111111123444444444444444444421111111111111111111111111111111111111
1111111111111111111111111111111111111111134444445555555555555555444311111111111111111111111111111111
1111111111111111111111111111111111111111244444555555555555555555555554444311111111111111111111111111
1111111111111111111111111111111111111111344445555555555555555555555555555555544444444444444444443321
1111111111111111111111111111111111111111344455555555555555555555555555555555555555555555555555555555
1111111111111111111111111111111111111111444555555555555555555555555555555555555555555555555555555555
1111111111111111111111111111111111111112444555555555555555555555555555555555555555555555555555555555

5555555555444444444444444444444444444444444444444444444444444444444444444444444444444421111111111111
5555554444444444444444444444444444444444444444444444444444444444444444444444444444444443111111111111
5544444444444444444432111111122333333333332222223333444444444444444444444444444444444444411111111111
4444444444444444444321111111111111111111111111111111111122233344444444444444444444444444443111111111
4444444444444444444321111111111111111111111111111111111111111122234444444444444444444444444431111111
4444444444444444444432111111111111111111111111111111111111111111223444444444444444444444444444311111
4444444444444444444444332111111111111111111111111111111111111122334444444444444444555555555544444111
4444444444444444444444444443322211111111111111111111111111222334444444444444444555555555555555544441
4444444444444444444444444444444444433322111111111111223334444444444444444444445555555555555555555544
4444444444444444444444444444444444444444444444444444444444444444444444444455555555555555555555555555

1111111111111111111111111111111112233333322222211111122222233344444444444455555555555555555555555555
1111111111111111111111111111111233444444333222211111111122222233344444444444555555555555555555555555
1111111111111111111111111111123444444444443322221111111111122222333344444444445555555555555555555555
1111111111111611111111111122344444444444444333222111111111122222233334444444444555555555555555555555
1111111111234444444444444444444444444444444443322222111111122222223333444444444455555555555555555555
1111344555555555555555444444444445554444444444333222222222222222223333344444444445555555555555555555
4455555555555555555555555554455555555554444444443333322222222222233333344444444444555555555555555555
5555555555555555555555555555555555555555544444444444333333333333333333444444444444455555555555555555
5555555555555555555555555555555555555555555444444444444444444333334444444444444444455555555555555555
5555555555555555555555555555555555555555555554444444444444444444444444444444444444455555555555555555

5555555554444444444444444444544444444444444455555555555555555544444444444444444444444444433211111111
5555554444433222222233344444444444333333333344444444444444443333332222222111112222233333332211161111
5555444433211111111111223333333322211111111111122222211111111111111111111111111111223333333211111111
5554443321111111111111122233322211111111111111111111111111111111111111111111111111223344443322111111
5544443211111111111111122233322211111111111111111111111111111111111111116111111112334444444443321111
5544433211111111111111223333333221111111111111111111611111111111111111111111111234444444444444443211
5544443221111111112223344444444433221111111111111111111111111111111611111111233444445555555555544442
5554444433332233334444444444444444443332222111111111111111111111111111112334444455555555555555555554
5555444444444444444445555555555555444444444444433333222211111111122233444444555555555555555555555555
5555555555555555555555555555555555555555555544444444444444444444444444455555555555555555555555555555

5555555555555555555555555555555555555555555555555555555444444444444444444443333333333222111111111111
5555555555555555555555555555555555555555555555555555544444444444444444444444444444444444444433211111
5555555555555555555555555555555555555555555555555444444444444444444444444444444444444444444444444211
5555555555555555555555555555555555555555555544444444444444444444444444444444444444444444444444444443
5555555555555555555555555555555555555555444444444444444444444444444444444444444444444444444444444444
5555555555555555555555555555555555554444444444444444444444444444444444444444444444444444444444444444
5555555555444444555555555555555444444444444444444444444444444444444444444444444444444444444444444444
5554444444444444444444444444444444444444444444444444444444444444444444444444444444444444444444444444
4444321111111111123444444444444444444444444444444444444444444444444444444444444444444444444444445555
1111111111111111111111233444444444444444444444444444444444444444444444444444444444444444444444455555

1111233333444444444444444444444444443333333222111111111111111112221111111111111111111111111111111111
1112233334444444444444444444444444333333332211111111111111111112222111111111111111611111111111111111
1112333334444444444444444444444443333333322211111111111111111222222222111111111111111111111111111111
1123333344444444444444444444444433333333322211111111111111122233333333222111111111111111111111111111
2233334444444444444444444444444443333333333222111111111222333333333333333322111111111111111111111111
3333444444444444444444444444444444333333333333222222233333333334444444433333332222222221111111111111
3344444444444444444444444444444444444333333333333333333333444444444444444444333333333333333333221111
4444444444444444444444444444444444444444444444444444444444444444444444444444444444444444444444433332
4444444444555555555555554444444444444444444444444444444444444444444444444444444444444444444444444444
4444555555555555555555555555444444444444444444444444444445555555555555555555555555555555555555554444

1111455555555555555555555555555521111111111111111111111111111111111111111111116111111111111111111233
1111144555555555555555555555554111111111111111111111111111111111111111111111111111111111111111123333
1111113455555555555555555555411111111111111111111111111111111111111111111111111111111111111111233344
1111111344555555555555554431111111111111111111111111111111111111111111111111111111111111111112333444
1111116133444444544444432111111111111111111111111111111111111111111111111111111111111111111123334444
1111111111333444443332111111111111111111111111111111111111111111111111111111111111111111111223334444
1111111111112233322111111111111111111111111111111111111111111111111111111111111111111111112233344444
1111111111111111111111111111111111111111111111111111111111111111111111111111111111111111122333444445
1111111111111111111111111111111111111111111111111111111111111111111111111111122222222222223334444455
1111111611112222222111111111111111111111111111111111111111111111111111111122233333333333333344444555

5555555555555555555555555555555555555555555555555555555555555555555555555555555555554443222234455555
5555555555555555555555555555555555555555555555555555555555555555555555555555555544211111111111111245
4555555555555555555555555555555555555555555555555555555555555555555555555555543211111111111111111111
4445555555555555555555555555555555555555555555555555555555555555555555555544211111111111111111111111
2344455555555555555555555555555555555555555555555555444444444455555555544321111111111111111111111111
1123445555555555555555555555555555555555555555555554433222233344444444321111111111111111111111111111
1112344455555555555555555555555555555555555555555544321111111122222221111111111111111111111111111111
1111123445555555555555555555555555555555555555555442111111111111111111111111111111111111111111111111
1111112344555555555555555555555555555555555555554431111111111111111111111111111111111111111111111111
1111111234455555555555555555555555555555555555544321111111111111111111111111111111111111111111111111

1111111111111111111111111111111111111111111111111111111111111111111111111111111111111111111111111111
1111111111112221111111111111111111111111111111111111111111111111111111111111111111111111111111111111
1111111244455544421111111111111111111111111111111111111111111111111111111111111111111111111111111111
1111244555555555544321111111111111111111111111111111111111111111111111111111111111111111111111111111
1244555555555555554443211111111111111111111111111111111111111111111111111111111111111111111111111111
4555555555555555554444443211111111111111111111111111111111111111111111111111111111111111111111111111
5555555555555555544444444332111111111111111111111111111111111111111111111111111111111111111111111111
5555555555555555444444444432211111111111111111111111111111111111111111111111111111111111111111111122
5555555555555555444333333222211111111111111111111111111111111111111111111111111111111111111122234444
5555555555555554421111111111111111111111111111111111112222222222222221111111111111111122233444444444

1111111111111111111111111111111111111111111111111111111111111111111111111111111111111111145555555555
1111111111111111111111111111111111111111111111111111111111111111111111111111111111111111455555555555
1111111111111111111111111111111111111111111111111111111111111111111111111111111111111125555555555555
1111111111111111111111111111111111111111111111111111111111111111111222221111111111111455555555555555
1111111111111111111111111111111111111111111111111111222222222222223344443322111111114455555555555555
1111111111111111111111111111111111111111111111111122222222222333344444444443221111244555555555555555
1111111111111111111111111111111111111111111111111222222222222233344444444444221112345555555555555555
1111111111111111111111111111111111111111111111111111122222222222233444444443221112445555555555555555
1111111111116111111111111111111111111111111111111111111111111111122222333222111112445555555555555555
1111111111111111111111111111111111111111111111111111111111111111111111111111111111345555555555555555

1111111111111111111111111111111111111111111111111111111111111111111111111611111111111134444555555555
1111111111111111111111111111111111111111111111111111111111111113444311111111111111111134444555555555
1111111111111111111111111111111111111111111111111111111111112444444444311111111111111134444455555555
1111111111111111111111111111111111111111111111111111111111144455555444442111111111111124444455555555
1111111111111111144445554444211111111111111111111111111113445555555544444321111111111123444445555555
1111111111111114455555555555544211111111111111111111111144455555555544444332222222111112344445555555
1111111111111345555555555555555443111111111111111111111444555555555544444433333322111111244444555555
1111111111113455555555555555555554411111111111111111124445555555555544444333333321111111124444455555
1111111111114555555555555555555555443111111111111111244445555555555444443322222211111111113444455555
1111111111144555555555555555555555544311111111111111444445555555555444442111111111111111111344445555

5555555555555555441111111111111111111111111111111111111111111111111111111111112333333344444444455555
5555555555555555441111111111111111111111111111111111111111611111112333333444444444444444444444445555
5555555555555555443111111111111111111111111111111111161111111123444444444444444444444433444444444555
5555555555555555444211111111111111111111111111111111111111112344444444444444444444443333333444444445
5555555555555555444411111111111111111111111111111111111111133444444444444444444444433211111133444444
5555555555555555444443111111111611111111111111233211111111234444444444444444444443321111111111123444
5555555555555555444444331111111111111111111333444332111111233444444444444444443321111111111111111113
5555555555555554444444444333321111111112334444444333111111112333444444443333311111111111111111111111
5555555555555544444444444444444443333334444444444331111111111111111111111111111111111111111111111111
5555555555554444444444444444444444444444444444433211111111111111111111111111111111111111111111111111

1111111111111111111111111111111111111111111111112233444445555555555555555555554444431111111111111111
1111111111111111111111111111111111111111111111111122334444444445555555444444444332111111111111111111
1111111111111111111111111111111112222232222221111111122333444444444444444333322111111111111111111111
1111111111111111111111111111122233333333333221111111111111222222222111111111111111111111111111111111
1111111111223333332222212222333444444444433221111111111111111111111111111111111111111111111111111111
1111111123344444444333333333444444444444433221111111111111111111111111111111111111111111111111111111
1111111234444444444444333444444444444444433221111111111111111111111111111111111111111111111111111111
1111112344444444444444444444444444444444433211111111111111111111111111111111111111111111111111111111
1111113444444444444444444444444444444444433211111111111111111111111111111111111111111111111111111111
1111123444444444444444444444444444444444432211111111111111111111111111111111111111111111111111111111

1111111111111111111111111111111111111111111111111111111111111111111111111111111111111111111111111111
1111111111111111111111111111111111111111111111111111111111111111111111111111111111111111111111111111
1111111111111111111111111111111111111111111111111111111111111111111111111111111111111111111111111111
1111111111111111111111111111111111111111111111111111111111111111244455544311111111111111111111111111
1111111111111111111111111111111111111111111111111111111111111244555555555542111111111111111111111111
1111111111111111111111111111111111111111111111111111111111144555555555555554411111111111111111111111
1111111111111111111111111111111111111111111111111111111124455555555555555555542111111111111111111111
1111111111111111111111111111111111111111111111111111124455555555555555555555554431111111111111111111
1111111111111111111111111111111111111111111111111244455555555555555555555555555544444444444444421111
2344444444444444443332222211111111111111111124444455555555555555555555555555555555555555555555554442

1111144445555555555555555555555555555555555555554444444421111111234444444444444311111111111111111111
1111144444455555555555555555555555555555555544444444421111111111111111111221111111111111111111111111
1111114444444444444444444444554445544444444444444442111111111111111111111111111111111111111111111111
1111112444444444444444444444444444444444444444444321111111111111111111111111111111161111111111111111
1111111244444444444444444444444444444444444444444211111111111111111111111111111111111111111111111111
1111111113444444444444444444444444444444444444443211111111111111111111111111111111111111111111111111
1111111111122233333333334444444444444444444444444431111111111111111111111111111111111111111111111111
1111111111111111111111122334444444444444444444444444211111111111111111111111111111111111111111111111
1111111111111111111111111233444444444444444444444444443111111111111111111111111111116111111111111111
1111611111111111111111111234444444444444444444444444444443111111111111111111111111111111111111111111

5555555555555555544431111111111111111111111111111111111111111111111111111111111114455555555555555555
5555555555555555444442111111111111111111111111111221111111111111111111111111111244455555555555555555
5555555555555555444442111111111111111111111124444455444441111111111111111111112444555555555555555555
5555555555555554444443211111111111111111112444555555555554442111111111111111244444555555555555555555
5555555555555444444442211111111111111111134455555555555555554444211111111123444445555555555555555555
5555555555544444444322111111111111111111244455555555555555555554444433233444444444555555555555555555
5555555555444444432211111111111111111111244455555555555555555555544444444444444444455555555555555555
5555555544444422211111111111111111111111244455555555555555555555554444444444444444444555555555555555
5555554444422111111111111111111111111111144455555555555555555555555444444444444444444445555555555555
5554444432111111111111111111111111111111124445555555555555555555555444444322111111112444455555555555

1111111111111111111222233322222111111111111111111111111111111111111111111111111111111111111111111111
1111111111111111223444444444444322211111111111111111111111111111111111111111111111111111111111111111
1111111111111222344444444444444444332222111111111111111111111111111121111111111111111111111111111111
1111111111122344444455555555544444444332222222222222222222222222223333332222221111111111111111111111
1111111112223444444555555555555444444444333222222222222333333334444444444443322221111111111111111111
1111111222344444445555555555555544444444433333333333333333334444444444444444433222211111111111111111
1111122233444444455555555555555544444444433333333333333333333344444444444444443322221111111111111111
1112222334444444455555555555555444444443332222222222222222222233334444444444333322222111111111111111
2222223344444444445555555555554444444332222222221111111111222222222222233322222222221111111111111111
2222233344444444444444555444444444432222111111111111111111111111111111222222221111111111111111111111

5555555555555444443221111111111111111111111111111111111111111111111111111111111111111111111111111111
5555555555555444432222111111111111111111111111111111111111111111111111111111111111111111111111111111
5555555555554444432222222222222222211111111111111111111111111111111161111111111111111111111111111111
5555555555544444322222222222222222221111111111111111111111111111111111111111111111111111111111111111
5555555555544444222222222222222222221111111111111111111111111111111111111111111111111111111611111111
5555555555444443222211111222222222221111111111111111111111111111111111111111111111111111111111111111
5555555554444432221111111111222222111111111111111111111111111111111111111111111111111111111111111111
5555555544444322211111111111111111111111111111111111111111111111222222222222223333334444444444444322
5555555544443221111111111111111111111111111111111111111111111222222233344444444444444444444444444444
5555555444432211111111111111111111111111111111111111111111112222334444444444444444444445555555555555

5555555555555555555555555555555555555555555555555555555544444433344444444444444444444442111111111111
4444555555555555555555555555555555555554444555555555444444211111111123444444444444444431111111111111
1111111234444444455555555555444444444444444444444444444311111111111111123444444444444431111111111111
1111111111111111334444444444444332111111111112334444331111111111111111111234444444444432111111111111
1111111111111111111111111111111111111111111111111111111111111111111111111123344444444443211111111111
1111111111111111111111111111111111111111111111111111111111111111111111111133444444444444331111111111
1111111111111111111111111111111111111111111111111111111111111111111111111334444444444444444311111111
1111111111111111111111111111111111111111111111111111111111111111111111133444444444444444444443111111
1111111111111111111111111111111111111111111111111112211111111111111123444444444444444444444444442111
1111111111111111111111111111111111111111111111123344444333321112334444444444455555555555555555444421

3333333333333333444444444444444444444444444444444444444444444444444444444444444444444444444444444444
2222222222222223333333444444444444444444444444444444444444444444444444444334444444444444444444444444
2222222222211222222233333333333333333333333333333334444444444433333333322222233333333444444444444444
2222222111111111122222233333333222222222222222222233333333333333222222221112222222233333333444444443
3322222111111111122222223333222222222111111111222222222233332222222221111111122222222223333334444443
4333322222221222222223333333332222222211111111222222222333333333222222222222222222222222333333344443
4443333333222223333333333333333333322222222222222333333333333333333333333333333333333333333333444444
4444444443333333444444444444444444333333333333333334444444444444444444444444444444444444344444444444
4444444444444444444444444444444444444444444444444444444444444444444444444444444444444444444444444444
5554444444444444444444444444444444444444444444444444444444444444444444444444444444444444444444444444

5555555555555555555555555555555555555555555555555555555555555555555555555555555555555555555555555555
5555555555555555555555555555555555555555555555555555555555555555555555555555555555555555555555555555
5555555555555555555555555555555555555555555555555555555555555555555555555555555555555555555555555555
5555555555555555554444444444444445555544444444445555555555555555555555555555555555555555555555555555
5555555555444444444443333333444444444444444444444444444444555555555554444444444445555555555555555555
4444444444444433333222222222333344444433333333333333344444444444444444444444444444444555555555555555
4333333333332222222221111222223333333333322222222222233333344444444444333333333333444445555555555555
2222222222222222111111111122223333333333222222222222222233333333333333333332222233334444555555555555
1111111111111111111111112222233344444433332222222222222223333333333333333332222223333444455555555555
1111111111111111112222222233344444444444443333333233333333333444444444333333333333333444445555555555

5555555555555555555555555555555555555555555555555555555555555555555555555555555555555555555555555555
5555555555555555555555555555555555555555555555555555444444444444444555555555555555555555555555555555
5555555555555555555555555555555555555555544444444443333222222222233444445555555555555555555555555555
5555555544444444455555555555555555554444444332211111111111111111111111244455555555555555555555555555
5554421111111111123444555555555554444433211111111111111111111111111111112444555555555555555555555555
4311111111111111111113444555554444443211111111111111111111111111111111111134455555555555555555555555
1111111111111111111161124444444444321111111111111111111111111111111111111113445555555555555555555555
1111111111111111111111111234444332211111111111111111111111111111111111111112344555555555555555555555
1111111111111111111111111112233221111111111111111111111111111111111111111111244455555555555555555555
1111111111111111111111111111111111111111111111111111111111111111111111111111234455555555555555555555

1111111111111111111222222222222222222211111111111111111111111111111111122233344444444444455555555555
1111111111111222333333333333333333333222111111111111111111111111111111112233334444444444444445555555
1111111111223334444444444444444443333322211111111111111111111111111111112223334444444444444444445555
1111111123344444444444444444444444333332221111111111111111111111111111111222333444444444444444444445
1111112334444444444444444444444444333332221111111111111111111111111111111122333344444444444444444444
1111123444444444444444444444444444333322211111111111111111111111111111111112233334444444444444444444
1112334444444444444444444444444443333222111111111111111111111111111111111111223333344444433333333344
1123344444445555554444444444444433332221111111111111111111111111111111111111122333333333333333222333
1234444444455555544444444444444333322111111111111111111111111111111111111111112223333333332222211222
2344444444555554444444444444443332221111111111111111111111111111111111111111111122222222221111111111

5555555555555555555555555555555555555555555544444444444444444444444444445555555554444444444445555555
5555555555555555555555555555555554444444444444444444444444433222234444444444444444211111111111134455
4444444444445555555555555544444444444444444444444444432221111111111112344444444411111111111111111111
4444444444444444444444444444444444444444444444444443221111111111111111123444431111111111111111111111
4444444444444444444444444444444444444444444444444432211111111111111111112222111111111111111111111111
2222344444444444444444444444444444444444444444444432221111111111111111112221111111111111111111111111
1111112244444444444444444444444444444444444444444444432221111111111111222221111111111111111111111111
1111111123444444444444444444444444444444444444444444444444432222222334444431111111111111111111111111
1111111112344444444444444444444444444444444444444444444444444444444444444443111111111111111111111111
1111111111244444444444444444444444444444444444444444444444444444444444444444211111111111111111111111

5555555554444444444444444444444444444444444444444444444445555555555555555555555555555555555555555555
5555554444444444444444444444444444444444444444444444444444444444444455555555555555555555555555555555
5555444444443333333444444444444444444444444444444444444444444444444444444444444444555555555555555555
5554444432111111111111222333334444444444444444444444444444444444444444444444444444444444444444444444
5544442111111111111111111111111122222223333333333333334444444444444444444444444444444444444444444444
4444311111111111111111111111111111111111111111122222223333444444444444444444444444444444444444444444
4442111111111111111111111111111111111111111111111111122223334444444444443333333333444444444444444332
4421111111111111111111111111111111111111111111111111112223333333333333333222222222222222222222211111
4211111116611111161111111111111111111111111111111111112223333333333333222211111111111111111111111111
2111111111111111111111111111111111111111111111111111112233333443333332222111111111111111111111111111

1111111111111111111111111111111111112222222222221111111111111111111111111111111111111111111111111111
1111111111111111111111111111111222223333333333322211111111111111111111111111111111111111111111111222
1111111111111111111111111122222233333333333333332222111111111111111111111111111111111111111111122233
1111111111111111222222222222333333333444444433333222111111111111111111111111111111111111111111223333
1111111111111222233333333333333333344444444433333222111111111111111111111111111111111111111112233334
1111111111222333333333333333333333344444443333332221111111111111111111111111111111111111111122333344
1111111112233333333333333333333333333333333333222211111111111111111111111111111111111111111222333444
1111111222333333444443333333333333333333333322221111111111111111111111111111111111111111112223333444
1111112223333333444333333333333333332222222221111111111111111111111111111111111111111111122223333344
1111112223333333333333333322222222222221111111111111111111111111111111111111112211111111122222333334

5555555555555555555555555555555555555555555555555555555555555555555555554444555555555555555555555555
5555555555555555555555555555555555555555555555555555555555555555555544211111124455555555555555555555
5555555555555544444444444444455555555555555555555555555555555555544111111111111134555555555555555555
5555555555444442111111111111244445555555555555555555555555555444111111111111111611444555555555555555
5555555444421111111111611111111124444455555555555555555544442111111111111111111111134445555555555555
5555444431111111111111111111111111112444444444444444443211111611111111111111111111113444444444444444
5544443111111111111111111111111111111111111111111111111111111111111111111111111111112344444444432111
5444421111111111111111111111111111111111111111111111111111111111111111111111111111112344433221111116
4444211111111111116111111111111111111111111111111111111111111111111111111111111111244444432111111111
4444211111111111111111111111111111111111111111111111111111111111111111111111111134444444443211111111

5555554444444444444444444555555555555555555555555555555555555555555555555555555555555555555555555555
5555555544444444444444444555555555555555555555555555555555555555555555555555555555555555555555555555
5555555544444444444444444555555555555555555555555555555555555555555555555555555555555555555555555555
5555555544444444444444444455555555555555555555555555555555555555555555555555555555555555555555555555
5555555444444422112344444444555555555555555555555555555555555555555555555555555555555555555555555555
5555544444441111111111244444445555555555555555555555555555555555555555555555555555555555555555555555
5555444444111111111111111244444445555555555555555555555555555555555555555555555555555555555555555555
5544444311111111111111111111244444445555555555555555555555555555555555555555555555555555555555555555
4444431111111111111111111111111144444444444444444444445555555555555555555555555555555555555555555555
4442111111111111111111111111111111113444444444444444444444445555555555555555555555555555555555555555

5555555555555555555444444444433333222211222222333333333333333333344444444444444433333332211111111111
5555555555555555555444444444433333222222222233333333333333333334444444444444444444433333333211111111
5555555555555555555444444444433332222222222333333333333333333444444444444444444444444443333332211111
5555555555555555555444444444433332222222223333333433333333334444444444444444444444444444443333322111
5555555555555555554444444444333322221122233333444444444333344444444444444444444444444444444433333221
5555555555555555554444444444333322211122233334444444444444444444444444444444444444444444444444333332
5555555555555555554444444443333322111112233334444444444444444444444444444444444444444444444444433333
5555555555555555544444444443333221111112233334444444444444444444444444444444444443333444444444443333
5555555555555555544444444433332221111112233344444444444444333333444444333333333333333333333334333333
5555555555555555444444444333322211111111233334444444444443333333333333333333333333333333333333333333

1111111111111111111111111111111111111111111111111111111111111111111111111111111111111111111111111114
1111111111111116111111111111111111111111111111111111111111111111111111111111111111111111111111111114
1111111111111111111111111111111111611111111111111111112333111111111111111111111111111111111111111114
1111111111111111223333333321111111111111111111111111344444444311611111111111111111111111111111111113
1111111111222333344444444333211111111111111111111113444445554444311111111111111111111111111111111111
1222223333344444444444444443321111111111111111111113444555555555443111111111111111111111111111111111
3333444444444444444444444443321111111111111111111113444555555555554421111111111111111111111111111111
4444444444444444444444444443321111111111111111111112444555555555555443111111111111111111111111111111
4444444444444444444444444443321111111111111111111111344555555555555544411111111111111111111111111111
4444444444444444444444444433211111111116111111111111244455555555555554431111111111111111111111111111

5555555555544444444444444443333333444444444444444444444444444444444444444443333221111111111111111111
5555555555544444444444444333333333344444444444444444444444444444444444444443333221111111111111111111
5555555555544444444444443333333333334444444444444444444444444444444444444443333221111111111111111111
5555555555544444444444433322222233333444444444444444444444444444444444444443333222111111111111111111
5555555555544444444444332222222223333344444444444444444444444444444444444433333222111111111111111111
5555555555544444444443322111111222333334444444444444444444444444444444433333333221111111111111111111
5555555555554444444433221111111122233333444444444444444444444443333333333333332221111111111111111111
5555555555554444444433211111111112223333344444444444444444443333333333333333332221111111111111111111
5555555555554444444332211111111112222333333444444444444443333333333333333333222211111111111111111111
5555555555555444444332211111111111222233333334444444443333333333222222222222222111111111111111111111

5555555444444444445555555555555555555555555555555555555555555555555555555555555555555555551111111111
5555544444444444444444444444555555555555555555555555555555555555555555555555555555555555551111111111
5555544444444444444444444444444444445555555555555555555555555555555555555555555555555555541111111111
5555544444444444444444444444444444444444444444555555555555555555555555555555555555555555511111111111
5555544444444444444444444444444444444444444444444444555555555555555555555555555555555555411111111111
5555544444444444444444444444444444444444444444444444444444555555555555555555555555555555111111111111
5555544444444444444444444433333333322222222221122222334444444444444444455555555555555552111111111111
5555544444444444444444333322222221111111111111111111111111111111111111112445555555555541111111111111
5555554444444444444433322222111111111111111111111111111111111111111111111111445555555111111111111111
5555555444444444444332222111111111111111111111111611111111111111111111111111111444411111111111111111

1111111111111111111111111111111111111111111111111111111111111111111111111111111111111111111111111134
1111111111111111111111111111111111111111111111111111111111111111111111111111111111111111111111111344
1111111111111111111111111111111111111111111111111111111111111111111111111111111111111111111111111444
1111111111111111111111111111111111111111111111111111111111111111111111111111111111111111111111112444
1111111111111111111111111111111111111111111111111111111111111111111111111111111111111111111111111444
1111111111111111111111111111111111111111111111111111111111111111111111111111111111111111111111111244
1111111111111111111111111111111111111134444444444444311111111111111111111111111111111111111111111124
1111111111111111111111111111111111444444444444444444442111111111111111111111111111111111111111111113
1111111111111111111111111111111144444444455555444444444111111111111111111111111111111111111111111111
1111111111111111111111111111111444444455555555554444444111111111111111111111111111111111111111111111

1111111111111111111111111111111111111111111111111111111111111111111111111111111111111111111111111111
1111111111111111111111111111111111111111111111111111111111111111111122222211111111111111111111111111
1111111111111111111111111111111111111111111111111111111111111111223333333332221111111111111111111111
1111111111111111111111111111111111111111111111111111111111111223334444444433322222222222222111111111
1111111111111111111111111111111111111111111111111111111122223334444444444444333322222233222221111111
1111111111111111111111111111111111111111111111122222233333344444444444444444433333333333333322211111
1111111111111111111111111111111111111222222233333334444444444444455555554444444333333333333333222211
1111111111111111111111112222222222233333333444444444444444444455555555555444444433333333333333333222
1111111111111111112222333333333333344444444444444444444445555555555555555544444444333444444444443333
1111111111111222333334444444444444444444444444444555555555555555555555555544444444444444444444444444

5555554442111111111111111111111111111111111111111111111111111111111111111111111124444555555555555555
5555544441111111111111111111111111111111111111111111111111111111111111111111111144444555555555555555
5555444421111111111111111111111111111111111111111111111111111111111111111111111144444555555555555555
5554444411111111111111111111111111111111111111111111111111111111111111111111111144444555555555555555
5544444211111111111111111111111111111111111111111111111111111111111111111111111124444455555555555555
4444443111111111111111111111111111111111111111111111111111111111111111111111111111444444555555555555
4444431111111111111111111111111111111111111111111111111111111111111111111111111111124444455555555555
4443211111111111111111111111111111111111111111111111111111111111111111111111111111111244444555555555
2211111111111111111111111111111111111111111111111111111111111111111111111111111111111111344444555555
1111111111111111111111111111111111111111111111111111111111111111111111111111111111111111111444445555

1111111111111111111111111111111111111111111111111111111111111111111111111111111244444555544444321111
1111111111111111111111111111111111111111111111111111111111111111111111111111111134444444443111111111
1111111111111111111111111111111111111111111111111111111111111111111111111111111233444442111111111111
1111111111111111111111111111111111111111111111111111111111111111111111122222333444444321111111111111
1111111111111111111111111111111111111111111111111111111111111111113444444444444444444321111111111111
1111111111111111111111111111111111111111111111111111111111111112444445555555444444444431111111111111
1111111111111111111111111111111111111111111111111111111111111344455555555555555555544444111111111111
4332222111111111111111111111111111111111111111111111111123444455555555555555555555555544421111111111
4444444444444444322111111111111111111111111111111234444444455555555555555555555555555555444111111111
5555555555554444444444322111111111111111234444444455555555555555555555555555555555555555554441111111

5444444444444444444444444444444443333333322221111111111111111111111111111111111111111111111111111111
4444444444444444444444444444443333333333222211111111111111111111222222222222111111111111111111111111
4444444444444444444444444433333333333322221111111111111111112222222222222222222111111111111111111111
4444433333333333333333333333333333322221111111111111111111122222222233333333222211111111111111111111
4443333333333333333333333333333222211111111111111111111111112222222233333333322211111111111111111111
4433333222223333333333333322222111111111111111111111111111111122222222333332222211111111611111111111
4333222111112222222222221111111111111111111111111111111111111111122222222222221111111111111111111111
3332111111111111111111111111111111111611111111111111111111111111111111111111111111111611111111111111
3321111111111111111111111111116111111111111111111111111111111111111111111111111111111111111111111111
3211111111111111111111111111111111111111111111111111111111116111111111111111111111111111111111111111

1111122344444444444444444444445555555555555555555555555544444444444444444444444443322111111111111111
1111111112233333322221112223344444445555555555544444444444444444444444333333333333332221111111111111
1111111111111111111111111111112344444444444444444444433332222222222222222233333333333322211111111111
1111111111111111111111111111111122344444444444433322221111111111111111222222333334444433322111111111
1111111111111111111111111111111112223334433333222211111111111111111111112222233344444444444332111111
1111111111111111111111111111111111223333333322221111111111111111111111112222334444444444444444432111
1111111111111111111111111111111112233333333322221111111111111111111111122233344444444444444444444432
1611111111222221111111111111112233444444444433322211111111111111111122223334444444444455555555554444
1111111223444443332221111222334444444444444444443332222222222222222233344444444444455555555555555555
1111234444444444444444444444444444444444444444444444444333333333444444444444444455555555555555555555

1111111111111111111111111111111111111111111111111111111111111145555555554422111111111112222222222344
1111111111111111111111111111111111111111111111111111111111111155555555544322111111122222233444444444
1112244444442111111111111111111111111111111111111111111111111145555555442211111111222224444444444555
2445555555555443211111111111111111111111111111111111111111111145555554421111111111122234444444555555
5555555555555555443211111111111111111111111111111111111111111124454442111111111111122234444455555555
5555555555555555555544442211111111111111111111111111111111111112222211111111111111112224444455555555
5555555555555555555555555555444211111111111111111111111111111111111111111111111111111223444455555555
5555555555555555555555555555555554411111111111111111111111111111111111111111111111111122344455555555
5555555555555555555555555555555555554111111111111111111111111111111111111111111111111112234445555555
5555555555555555555555555555555555555531111111111111111111111111111111111111111111111111223444555555

1111111111111111111111111111111111111111111111611111111111111111111111112222333333444444444444444443
1111111111111111111111111111111111111111111111111111111222222222222222222223333333333332222221111111
1111111111111116111111122222221111111111111111111222333333333333333333333333333322222211111111111111
1111111111111111111112233333333322222222112222223334444444444444444443333333332222111111111111111111
1111111111111111111123334444444333333333333333344444444444444444444444443333222211111111111111111111
1111111111111111111223344444444444444333333444444444444444444444444444443332221111111111111111111111
1111111111111111111223444444444444444444444444444444444444444444444444443322211111111111111111111111
1111111111111111111223344444444444444444444444444444444444444444444444433322111111111111111111111111
1111111111111111111122334444444444444444444444444444444444444444444444433211111111111111111111111111
1111111111111111111111223333444444444444444444444444444444444444444444322111111111111111111111111111

5555555555555555555555555555555555555555555555555555555555555555555555555555555555555555555555555555
5555555555555555555555555555555555555555555555555555555555555555555555555555555555555555555555555555
5555555555555555555555555555555555555555555555555555555555555555555555555555555555555555555555555555
5555555555555555555555555555555555555555555555555555555555555555555555555555555555555555555555555555
5555555555555544444444555555555555555555555555555555555555555555555555555555555555555555555555555555
5555555555544444444444444444444444455555555555555555555555555555555555555555555555555555555555555555
5555555555444444433444444444444444444445555555555555555555555555555555555555555555555555555555555555
5555555544444332111111122222222233334444445555555555555555555555555555555555555555555555555555555555
5555555444432111111111111111111111111234444445555555555555555555555555555555555555555555555555555555
5555554444311111111111111111111111111111134444445555555555555555555555555555555555555555555555555555

5555555555555555555555555555555555555554444444444444444444444444444444444444444444444444444444444444
5555555455555555555555555555554444444443222222222233334443333222222223344444444444444444444433222222
4444333333444444444444444444444322111111111111111111111111111111111111112222334444444443332222111111
1111111111111112222222222221111111111111111111111111111111111111111111111112222233333322222211111111
1111111111111111111111111111111111111111111111111111111111111111111111111111222222333322222221111111
1111111111111111111111111111111111111111111111111111111111111111111111111112222333444443333222222222
1111111111111111111111111111111111111111111111111111111111111111111111122223444444444444444444444444
1111111111111111111111111111111111111111111111111111111111111111112222344444444444444444444444444444
1111111111111111111111111111111111111111111111111111111112222334444444444444555555555555555555555555
1111111111111111111111111111111111111111111111111122344444444444444555555555555555555555555555555555

4444444444444444444444432234444444444444444444444444455555555555555555555555555555555555555555555555
4444444444444444444431111111111111111222334444444444444444444445555555555555555555555555555555555555
1111112344444444433211111111111111111111111111111111234444444444444455555555555555555555555555555555
1111111111111122233322211111111111111111111111111111111112444444444444455555555555555555555555555555
1111111111111123444444444444322111111111111111111111111111344444444444444555555555555555555555555555
6111111111112444444444444444444444443221111111111111111234444444444445555555555555555555555555555555
1111111111344444444444444444444444444444444444444444444444444444445555555555555555555555555555555555
1111111244444444455555555555555555554444444444444444444444455555555555555555555555555555555555555555
1111344444445555555555555555555555555555555555555555555555555555555555555555555555555555555555555555
2444444455555555555555555555555555555555555555555555555555555555555555555555555555555555555555555555

1111111111111111111111111111111111111111111111111111111111111111111111111111111111111111111111111111
4444444444432111111124444444211111111111111111111111111111111111111111111111111111111111111111111111
5555555555444444444444444444444444432111111111111111111111111111111111111111111111111111111111111111
5555555555555544444444455555555544444444442111111111111111111111111111111111111111111111111111111111
5555555555555554444444445555555555544444444444421111111111111111111111111111111111111111111111111111
5555555555555544443234444444555554444444444444444321111111111111111221111161111111111111111111111111
5555555555555544311111124444444444444444444444442211111111111111111222111111111111111111111111111111
5555555555554441111111111111111111111111111111111111111111111111111111111161111111111111111111111111
5555555555544211111111111111111111666111111111611111111111111111111111111111111111111111111111111111
5555555554421111111111111111111111111111111111111111111111111111111111111111111111111111111111111111

5555555555555411111111111111111111111111111111111111111111111111111111111111111111111111133444444444
5555555555555541111111111111111111111111111111111111111111111111111111111111111111111344444444444444
5555555555555554411111111111111111111111111111111111111111111111111111111111111234444455555555554444
5555555555555555544211111111111111111445555555554431111111111111113444444444445555555555555555555544
5555555555555555555544421111111344555555555555555555555555555555555555555555555555555555555555555555
5555555555555555555555555555555555555555555555555555555555555555555555555555555555555555555555555555
5555555555555555555555555555555555555555555555555555555555555555555555555555555555555555555555555555
5555555555555555555555555555555555555555555555555555555555555555555555555555555555555555555555555555
5555555555555555555555555555555555555555555555555555555555555555555555555555555555555555555555555555
5555555555555555555555555555555555555555555555555555555555555555555555555555555555555555555555555555

1111111111222221111111111111111111111111111111111111111111111111111111111111111111111111111111111111
1111244444444444444442111111111111111111111111111111111111111111111111111111111111111111111111111111
1444455555555555554444444432111111111111111111111611111111111111111111111111111111111111111111111111
4555555555555555555555444444444322111111111111111111111111111111111116111111111111111111111111111111
5555555555555555555555555444444444443211111111111111111111111111111111111111111111111111111111111111
5555555555555555555555555555444444444443221111111111111111111111111111111111111111111111111111111111
5555555555555555555555555555554444444444442221111111111111111111111111111111111111111111111111111111
5555555555555555555555555555555444444444444322221111111111111111111111111111111111111111111111111111
5555555555555555555555555555555544444444444432222211111111111111111111111111111111111111111111111111
5555555555555555555555555555555554444444444432221111111111111111111111111111111111111111111111111111

4444445555544444444444444444443211111111111111111111111111111111111111111111111111111111111111111111
4444444444444444444444444322111111111111111111111111111111111111111111111111111111111111111111111111
4444444444444444444443322111111111111111111111111111111111111111111111111111111111111111111112221111
4444444444444444444322111111111111111111111111111111111111111111111111111111111111111111244444444441
4444444444444444443222111111111111111111111111111111111111111111111111111111111111111444455555555554
4444444444444444444432221111111111111111111111111111111111111111111111111111111111444455555555555555
5555555444444444444444433222222222222222233332222111111111111111111111111111113444555555555555555555
5555555555444444444444444444444444444444444444444444443211111111111111112344445555555555555555555555
5555555555555554444444444444444444444444444444444444444444444444444444444555555555555555555555555555
5555555555555555555555444444444444444444445555555555555555555555555555555555555555555555555555555555

1111111111111111111111111111111111111111111111111111111111111111111111111111111111111111111111111111
1111111111111111111111111111111111111111111111111111111111111111111111111111111111111111111111111111
1111111111111111111111111111111111111111111111111111111111111111111111111111111111111111111111111111
1111111111111111111111111111111111111111111111111111111111111111111111111111111111111111111111111111
1111112344444444444443322211111111111111111111111111111112334444443211111111111111111111111111111111
1113444444444444444444444444444333222222222222223344444444444444444443211111111111111111111111111111
3444444444444444444444444444444444444444444444444444444444444444444444442111111111111111111111111111
4444455555555555554444444444444444444444444444444444444444444444444444444442111111111111111111111111
4555555555555555555555555555555555555555555555555555555555555555555544444444442111111111111111111111
5555555555555555555555555555555555555555555555555555555555555555555555554444444432111111111111111111

1111111111111111111111111111111111111111111111111111111111111111111111111111111111111111111111111111
1111111111111111111111111111111111111111111111111111111111111111111111111111111111111111111111111111
1111111111111111111111111111111111111111111111111111111111111111111111111111111111111111111111111111
1111111111111111111111111111111111113344444433333222111111111111111111111111111111111111111111111111
1111111111111111111111111111111134444555555554444444444444444444444444444444444444444433322211111112
1111111111111111111111111111134445555555555555555555555555555555555555555555555555544444444444444444
1111111111111111111111111134455555555555555555555555555555555555555555555555555555555555554444444444
1111111111111111111111244455555555555555555555555555555555555555555555555555555555555555555555555555
1111111111111111111134455555555555555555555555555555555555555555555555555555555555555555555555555555
1111111111111111113455555555555555555555555555555555555555555555555555555555555555555555555555555555

1111111111111111111111111111111111111111111111111111111111111111111111345555555555555555555555555555
1111111111111111111111111111111111111111111111111111111111111111111112445555555555555555555555555555
1111111111111111111111111111111111111111111111111111111234443322111224445555555555555555555555555555
1111111111111111111111111111111111111111111111111112444555554444443334445555555555555555555555555555
1111111111111111111111111111111111111111111111111445555555555554444444445555555555555555555555555555
3111111111111111111111111111111111111111111111344555555555555555444433444555555555555555555555555555
4442111111111111111111111111111111111111111244555555555555555555444322234455555555555555555555555555
5554431111111111111111111111111111111111134455555555555555555555444211113445555555555555555555555555
5555544411161111111111111111111111111124445555555555555555555555443111111344555555555555555555555555
5555555444211111111111111111111111124445555555555555555555555555442111111134455555555555555555555555

1111111111111111111111111111111111112444444444555555555555555555555555555555555555555555555555555555
1111111111111111111111111111111111111244444444444444555555555555555555555555555555555555555555555444
1111111111111111111111111111111111111123444444444444444444444444455555555555555444444444444444444444
1111111111111111111111111111111111111111234444444444444444444444444444444444444444444444444444444444
1111111111111111111111111111111111111111123344444444444444444444444444444444444444444444444444444444
1111111111111111111111111111111111111111122333333333333333333333333333333333333333333333444444444444
1111111111111111111111111111111111111111223333333333222222222222222222222222222222222223334444444444
1111111111111123444444443332222111222233444444444444333332222222222222222222222222223334444444444444
1111111111134444444444444444444444444444444444444444444444444333333333333333333444444444444444444444
1111111134444445555555544444444444444444444444444444444444444444444444444444444444444444444444444444

5555555555555555555555555555555555555555555555555555555555555555555555555555555555555555555555555555
5555555555555555555555555555555555555555555555555555555555555555555555555555555555555555555555555555
4445555555555555555555555555555555555555555555555555555555555555555555555555555555555555555555555555
1111111244445555555555555555555555555555555555555555555555555555555555555555555555555555555555555555
1111111111161111124444444444444444444445555555555555555555555555555555555555555555555554444444444555
1111111111111111111111111111111111111111344455555555555555555555555555555555555555555444111111111344
1111111111111111111111111111111111111111111144455555555555555555555555555555555555544111111111111111
1111111111111111111111111111111111111111111111344555555555555555555555555555555544411111111111111111
1111111111111111111111111111111111111111111111114445555555555555555555555555554441111111111111111111
1111111111111111111111111111111111111111111111111144445555555555555555555544441111111111111111111111

1111111111111111111111111111111111111111111111111111111111111111111111111111111111111111111111111234
1111111111111111111111111111111111111111111111111111111111111111111111111111111111111111111111111123
1111111111111111111111111111111111111111111111111111111111111111111111111111111111111112233222222222
1111111111111111111111111111111111111111111111111111111111111111111111111111111111112344444444443334
1111111111111111111111111111111111111111111111111111111111111111111111111111111112444455555554444444
1111111111111111111111111111111111111111111111111111111111111111111111111111124444555555555555555544
1111111111111111111111111111111111111111111111111111112222222222222234444444555555555555555555555555
1111111111111111111111111111111111111111111111114445555555555555555555555555555555555555555555555555
1111111111111111111111111111111111111111111445555555555555555555555555555555555555555555555555555555
1161111122222221111111111111111111111244555555555555555555555555555555555555555555555555555555555555

6111112344444555555555555555555555555555555555555555555555555555555555555555555555555555555555555555
1111111111344444555555555555444444555555555555555555555555555555555555555555555555555555555555555555
1111111111111344444444444444444444444445555555555555555555555555555555555555555555555555555555555555
1111111111111112344444443311111111112344444555555555555555555555555555555555555555555555555555555555
1111111111111111111111111111111111111111344444555555555555555555555555555555555544444555555555555555
1111111111111111111111111111111111111111111344444445555555555555555555555544444444444444445555555555
1111111111111111111111111111111111111111111111234444444444444444444444444444444333334444444444444444
1111111111111111111111111111111111111111111111111111233444444444444433332211111111111133444444444444
1111111111111111111111111111111111111111111111111111111111111111111111111111111111111111111112222222
1111111111111111111111111111111111111111111111111111111611111111111611111111111111111111111111111111

5555555555555555555444444444555555555555555555555555555444444444455555554444443211111111111111111111
5555555555555555443222223344444455555555555555555555555544444445555555555554444332111111111111111111
5555555555555554211111111123444445555555555555555555555544444445555555555555444443221111111111111111
5555555555555542111111111112234444555555555555555555555444444445555555555555544444432211111111111111
5555555555555421111111111111223444555555555555555555555444444444555555555555554444444322211111111111
5555555555555411111111111111123444455555555555555555544444444444455555555555555444444443332211111111
5555555555554311111111111111112344445555555555555555444444444444445555555555555444444444444332211111
5555555555554211111111111111112344445555555555555554444444444444444455555555555544444444444444332111
5555555555554211111111111111112234444555555555555544444444444444444444455555555444444444444444443211
5555555555544211111111111111111234444445555555554444444433333334444444444444444444444444444444444431

1111113444555555555555555554444444444433222111111111122233444444455555555555555555555555555554443111
1111113444455555555555555544444444444443322222111111222223344444444455555555555555555555555443111111
1111113444445555555555555444444444444444444332222222222233344444444444555555555555555555444211111111
1111123444444555555555555554444444444444444444444433333444444444444444445555555555555544442111111111
1111123444444455555555555555555555544444444444444444444444444444444444444555555555555444311111111111
1111123444444455555555555555555555555555555544444444444444444444444444444555555555544444211111111111
1111123444444455555555555555555555555555555555555555554444444444444444455555555555544443111111111111
1111124444444555555555555555555555555555555555555555555555555554445555555555555555544442111111111111
1111134444445555555555555555555555555555555555555555555555555555555555555555555555554443111111111111
1111234444455555555555555555555555555555555555555555555555555555555555555555555555555444111111111111

5555555555555555555555555555555555544444444444433333444444444444444444444444321111111111111111111111
5555555555555555555444444444444444444444444322111111111234444444444444444443211111111111111111111111
5555555444444444444444444444444444444444432111111111111111233444444444444432211111111111111111111111
5554444444444444444444444444444444444432211111111111111111112233444444443322111111111111111111111111
5444444444444444444444444444444444443221111111111111111111111122333333332221111111111111111111111111
4444444444444444444444444444444443322111111111111111111111111111222222222211111111111111111111111111
4444444444444444444444444444444333221111111111111111111111111111122222222111111111111111111111111111
4444444444444444444444444444443333221111111111111111111111111111111222221111111111111111111111111111
4444444444444444444444444444444433322111111111111111111111111111111222222211111111111112222111111111
4444444444444444444444444444444444332211111111111111111111111111112222222222222222222333444432111111

1111111111111111111116111111111111111111111122444444444444444444444444443333333444445555555555555555
1111111111111111111111111111111111111111111123444444444444444444444433222111111223444455555555555555
1111111111111111111111111111222222111111111223444444444444444444433222111111111111234445555555555555
1111111111111111111111222223333333322222222234444444444444444443322211111111111111123444555555555555
1111111111111111111223344444444444444433333344444444444444444433322111111111111111112344455555555555
1111111111111111223444444444444444444444444444444444444444444433222111111111111111112344455555555555
1111111111111223444444444455555555544444444444444444444444444443322111111111111111112244455555555555
1111111111123444444555555555555555555555555555555555444444444444332221111111111111112344455555555555
1111111123444445555555555555555555555555555555555555555544444444443322111111111111122344455555555555
1111112344445555555555555555555555555555555555555555555555554444444443222111111112234444455555555555

1111122333322221111111111111111111112222222222222222222221111111111111111111111111111111111111233444
1112233333333222111111111111111111122222222222222222222111111111111111111111111111111111111111112344
1123334444433322111111111111111112222222222222222222211111111111111111111111111111111111111111111234
1223444444443322211111111111111122222222222222222222211111111111111111111111111111111111111111111123
1234444444443322211111111111112222222223333222222222211111111111111111111111111111111111111111111122
2334444444433322111111111111122222223333333332222222211111111111111111111111111111111111111111111112
2334444444433222111111111111222222333333333333222222221111111111111111111111111111111111111111111112
2334444444333221111111111111222223333333333333332222222111111111111111111111111111111111111111111112
2333444433332211111111111112222233333333333333333222222211111111111111111111111111111111111111111112
2233333333222111111111111112222333333333333333333322222222111111111111111111111111111111111111111122

1111111111111111111111111111111111112223344455555555555555555555555555555554433222212222334455555555
1111111111111111111111111111111111112223344455555555555555555555555555555443211111111111223445555555
1111111111111111111111111111111111122223344445555555555555555555555555554321111111111111122445555555
1111111111111111111111111111111111112223344444555555555555555555555555542111111111111111112344555555
1111111111111111111111111111111111112222333444445555555555555555555554321111111111111111111234555555
2222222211111111111111111111111111111222223333444444555555555555555542111111111111111111111124555555
2222222221111111111111111111111111111111222222233334444444455554444211111111111111111111111123455555
2222222222111111111111111111111111111111111111122222222222223222211111111111111111111111111112455555
3322222221111111111111111111111111111111111111111111111111111111111111111111111111111111111112345555
3322222211111111111111111111111111111111111111111111111111111111111111111111111111111111111111245555

1111111111111111111111111111111111111111111223444444432222111111111111111111111111111111111111111111
1111111111111111111111111111111111111111111122233333222211111111111111111111111111111111111111111111
1111111111111111111111111111111111111111111112222222221111111111111111111111111111111111111111111111
1111111111111111111111111111111111111111111111122222211111111111111111111111111111111111111111111112
1111111111111111111111111111111111111111111111111211111111111111111111111111111111111111111111122223
1111111111111111111111111111111111111111111111111111111111111111111111111111111111111111111112223444
1111111111111111111111111111111111111111111111111111111111111111111111111111111111111111111223344444
1111111111111111111111111111111111111111111111111111111111111111111111111111111111111111122344444455
1111111111111111111111111111111111111111111111112222221111111111111111111111111111111111224444455555
1111111111111111111111111111111111111111111111122222222211111111111111111111111111111122344445555555

5555555555555555444443211111111111111111223344444444444444444444444444444444444444444444444444444444
5555555555555444442111111111116111111111111111233344444444444444444444444444444444444444444433321111
5555555555444432111111111111111111111111111111111122333344444444444444444444444444444333322111111111
5555555444432111111111111111111111111111111111111111122333344444444444444333333333322221111111111111
5555444432111111111111111111111111111111111111111111112233334444444444433333332222211111111111111111
5544442111111111111111111111111111111111111111111111112233344444444444443333322221111111111111111111
5444211111111111111111111111111111111111111111111111223344444444444444444443332221111111111111111111
4431111111111111111111111161111111111111111111111122334444444444444444444444433322111111111111111111
4211111111111111111111111111111111111111111111123344444444444444444444444444444433211111111111111111
3111111111111111222222221111111111111111112233444444444444445555555444444444444444332111111111111111

1111111112222211111122334445555555555555555555555555555555555555555555555555555555555555555555555555
1111111123333222111122234444555555555555555555555555555555555555555555555555555555555555555555555555
1111111234443322211112223444445555555555555555555555555555555555555555555555555555555555555555555555
1111111234444322211111222344444555555555555555555555555555555555555555555555555555555555555555555555
1111112344444322211111122233444445555555555555555555555555555555555555555555555555555555555555554444
1111112334444322211111111222334444444555555555555555555555555555555555555555555555555555554444433222
1111112234443322211111111122223344444444444444444444444444444444444444444444444444444444443221111111
1111111233333322211111111111122223333444444444444433333332222222222222223333333333333322211111111111
1111111223333222211111111111111112222222222222222222111111111111111111111111111111111111111111111111
1111111122222222111111111111111111111111111111111111111111111111111111111111111111111111111111111111

5555555555555555555555555555555555554444455555555555555555555555555555555555555555555555555555555555
5555555555555555555555555555555444444333344444455555555555555555555555555555555555555555555555555555
5555555555555555555555555555544433211111111123344445555555555555555555555555555555555555555555555555
5555555555555555555555555555443211111111111111113344445555555555555555555555555555555555555555555555
5555555555555555555555555554431111111111111111111113344445555555555555555555555555555555555555555555
5555555555555555555555555544311111111111111111111111133444445555555555555555555555555555555555555555
5555555555555555555555555443111111111111111111111111111334444445555555555555555555555555555555555555
5555555555555555555555555443111111111111111111111111111123344444445555555555555555555555555555555555
5555555555555555555555554431111111111111111111111111111111334444444445555555555555555555555555555555
5555555555555555555555554431111111111111111111111111111111233444444444555555555555555555555555555555

5555555444432111111111111111111111111111111111111111111111111111111111111111111111111111111112444445
5555555444421111111122233444444432211111111111111111111111111111111111111111111111111111112444445555
5555554444211111111223444444444444444321111111111111111111111111111111111111111111111123444444555555
5555544421111111111123444444444444444444332221111111111111111223344444444444444444444444444455555555
5554442111111111111111224444444444444444444443332222222334444444444444444444444444444444444555555555
5544311111111111111111111122344444444444444444444434444444444444444444444444444444444444455555555555
5441111111111111111111111111111111111111122223333334444444444444444444444444444444444444555555555555
4111111111111111111111111111111111111111111111111122234444444444444444444444444444444444555555555555
1111111111111111111111111111111111111111111111111111112234444444444444444444444444444444455555555555
1111111111111111111111111111111111111111111111111111111111234444444444444444444444444444455555555555

5555555555555555555555555555555555555555555555555555555555555555555555555555555555555555555555555555
5555555555555555555555555555555555555555555555555555555555555555555555555555555555555555555555555555
5555555555555555555555555555555555555555555555555555555555555555555555555555555444455555555555555555
5555521111155555555555555555555555555555555555555555555544444445555555554444444444444444455555555555
5551111111111555555555555555555555555555555555555555554444444444444444444444433333333344444455555555
5311111111111145555555555555555555555555555555555555544433333344444444433333222222222222334444555555
1111111111111111555555555555555555555555555555555555443322222233333333322221111111111111222334444555
1111111111111111125555555555555555555555555555555544332211111122222222111111111111111111111223344445
1111111111111111111645555555555555555555555555555443221111111111111111111111111111111111111111223444
1111111111111111111111112344555555555555555555544322111111611111111111111111111111111111111111112233

1111111111111111111111111111112333333332111111111111111445555555555555555555555555555555555555555555
1111111111111111111111111111111111111111111111111111111111345555555555555555555555555555555555555555
1111111111111111111111111111111111111111111111111111111111111134455555555555555555555555555555555555
1111111111111111111111111111111111111111111111111111111111111111111113444555555555555555555555555555
1111111111111111111111111111111111111111111111111111111111111111111111111111144555555555555555555555
1111111111111111111111111111111111111111111111111111111111111111111111111111111124555555555555555555
1111111111111111111111111111123333333311111111111111111111111111111111111111111111145555555555555555
1111111111111111111111111234444444444444311111111111111111111111111111111111111111114555555555555555
1111111111111111111112344444455555555554444311111111111111111111111111111111111111111455555555555555
1111111111111111123444445555555555555555555444211111111111111111111111111111111111111455555555555555

1111234444443333222221111112222222222222211111111111111111111222222221111111111111122233344444455555
1113444444444443333222222222223333333322211111111111111111112222222221111111111111111222333344444555
1124445555444444443333333333333344443333221111111111111111222222222221111111111111111122223334444445
1124445555544444444444444444444444444443322111111111111122222333332222111111111111111112222333444444
1123445555555444444444444444444444444444332221111112222223333333333322221111111111111112222333344444
1123444555555555544444444555555555555444443322222222333334444444444333222111111111111122223333444444
1113344455555555555555555555555555555554444333333333444444444444444444332221111111111222333334444444
1112344445555555555555555555555555555555544444444444444555555555555444443332222112222233334444444455
1112344445555555555555555555555555555555555554445555555555555555555555444443333222333334444444445555
1112344455555555555555555555555555555555555555555555555555555555555555555544444444444444444555555555

1111111111111233444555555555555555555555555555554444444444444444444444444444332111111111111111111111
1111111111111112234444555555555555555555555544444444443333333444444444444444443321111111111111111111
1111111111111111112334444455555555555555444444443333333333333444444444455554444433211161111111111111
1111111111111111111123334444444444444444444443333333333333333444444445555555544444332111111111111111
1111111111111111111112233344444444444444443333332222233333334444444455555555555444443322111111111111
1111111111111111111111122333334444444443333332222222233333344444444555555555555554444433322221111111
1111111111111111111111112223333333333333333322222222333333444444445555555555555555444444443333332222
1111111111111111111111111222333333333333333322222223333344444444455555555555555555555444444444444444
1111111111111111111111111222333333333333333333333333334444444444555555555555555555555555544444444444
1111111111111111111111112223333334444443333333333334444444444455555555555555555555555555555555555555

1112444444444455555555555555555555555555555544444444444444444444444444444444444444444455555555555555
1111234444444444444444444445555555555554444444444433221111111123344444444444322111123444455555555555
1111123444444444444444444444444444444444444444432111111111111111112222221111111111111112444555555555
1111112334444444444444444444444444444444444443211111111111111111111111111111111111111111124445555555
1111111223333333333444444444444444444444444432211111111111111111111111111111111111111111111444555555
1111111222233332222233333344444444444444444433211111111111111111111111111111111111111111111144455555
1111112223333222222222233333444444444444444444322111111111111111111111111111111111111111111114455555
1111223333333333332233333344444444444444444444444332222222222333333221111111111111111111111113445555
1123344444444444443344444444444444444444444444444444444444444444444443211111111111111111111112445555
2344444444444444444444444444444444444444444444444444444444444444444444442111111111111111111112445555

4444444555555555555555555555555555555555555555555555555555555555555555555555555555555555555555555555
4444444555555555555555555555555555555555555555555555555555555555555555555555555555555555555555555555
4444444555555555555555555555555555555555555555555555555555555555555555555555555555555555555555555555
4444444555555555555555555555555555555555555555555555555555555555555555555555555555555555555555555555
2444444455555555555555555555555555555555555555555555555555555555544444444455555555555555555555555555
1244444444555555555555555555555555555555555555555555555555554444444444444444555555555555555555555555
1123444444455555555555555555555555555555555555555555555444444444432111111124445555555555555555555555
1111234444444445555555555555555555555555555555555554444444443211111111111111244555555555555555555555
1111111244444444444555555555555555555555555444444444444432111111111111111111114455555555555555555555
1611111111234444444444444444444444444444444444444432211111111111111111111111111445555555555555555555

5555555555555555555555555444445555555555555555555555555555555554444441111111111111111111111111111111
5555555555555555555555441111111444455555555555555555555555544444311111111111111111111111111111111111
5555555555555555555544111111111111444444444444455554444444444111111161111111111111111111111111111111
5555555555555555554411111111111111111111344444444444444442111111111111111111111111111111111111111111
5555555555555555441111111111111111111111111111111111111111111111111111111111111111111111111111111111
5555555555555554411111111111111111111111111111111111111111111111111111111111111111111111111111161111
5555555555555544111111111111111111111111111111111111111111111111111111111111116111111111111111111111
5555555555555441111111111111111111111111111111111111111111111111111111111111111111111123343211111161
5555555555554411111111111111111111111111116111111111111111111111116166111111111111244444444444421111
5555555555544111111111111111111111111111111111111111111111111111111111111111112444444444444444444411

1111111111111111111111111111111111111111111111111111111111111111111111111111111111111111111111111111
1111111111111111111111111111111111111111111111111111111111111111111111111111111111111111111111111111
1111111112222211111111111111111111111111111111111111111111111111111111111111111111111111111161111111
1111112344444444432211111111111111111111111111111111111111111111111111111111111111111111111111111111
1111124444444444444443211111111111111111111661111111611111111111111112233333333322222211111111111111
1111134444444444444444432111111111111111111111111111111111111111123444444444444444444444444443221111
1111134444444444444444443221111111111111111111111111111111111111244444444444444444444444444444444321
1111113444444444444444444321111111111111111111111111111111111112344444444444444444444444444444444444
1111111244444444444444433211111111111111111111111111111111111112344444444444444444444444444444444444
1111111112234444444433221111111111111111111111111111111111111111234444444444444444444444444444444444

1111111111111111111111111111111122233333333333322222222334455555555555555555555555555555555555555555
1111111111111122221111111111111223333334433333322211111223344555555555555555555555555555555555555555
1111111111123333333222211111222333334444444433332221111122334455555555555555555555555555555555555555
1111111112334444443333322222233334444444444444333222111112233444555555555555555555555555555555555555
1111111233444444444444333333334444444555554444433322221122233344444444555555555555555555555555555555
1111112344555555555444444444444445555555555554444333322222233333333333333444555555555555555555555555
1111133455555555555555544444455555555555555555544443333333333333333322222223344555555555555555555555
1111344555555555555555555555555555555555555555555444443333333333332211111111112344555555555555555555
1123445555555555555555555555555555555555555555555555444444444433332111111111116123445555555555555555
1234555555555555555555555555555555555555555555555555555444444443332111111111111111123445555555555555

5555555555555555555555555555555555555555555555555555555555555555555555555554443311111111111133344444
5555555555555555555555555555555555555555555555555555555555555555555555555554431111111111111112333444
5555555555555555555555555555555555555555555555555555555555555555555555555544321111111111111111133344
5555555555555555555555555555555555555555555555555555555555555555555555555544311111111111111111123344
5555555555555555555555555555555555555554444444555555555555555555555555555443311111111111111111123334
5555555555555555554444444455555555544444433334444555555555555555555555555443333333321111111111133334
5555555555555554444444444444444444444332111111113445555555555555555555555443333333333321111112333344
5555555555554444444444444444444444331111111111111114455555555555555555554443333444444333333333333344
5555555554444444444444443333333331111111111111111111134555555555555555554444344444444444333333334444
5555554444444444433333333221111111111111111111111111111345555555555555544444444444444444444444444444

5555555555555555555555555555555555555555555555555555555555555555555555555555555555555544111111111111
5555555555555555555555555555555555555555555555555555555555555555555555555555554444432211111111111111
5555554444444444444444444444444444455555555554444444444555555555555555555544421111111111111111111111
5444444444444444444444444444444444444444444444443222223444445555555555444421111111111111111111111111
4444443322222211111111111111111111111111111111111111111112344444444444432111111111111111111111111111
4432211111111111111111111111111111111111111111111111111111112344444443211111111111111111111111111111
3211111111111111111111111111111111111111111111111111111111111122333322111111111111111111111111111111
2111111111111111111111111111111111111111111111111111111111111112223222111111111111111111111111111111
1111111111111111111111111111111111111111111111111111111111111122334432211111111111111111111111111111
1111111111111111111111111111111111111111111111111111111111111234444444443221111111111111111111111111

5544111111111111111111111111111111111111111111111111113444444444455555555555555555555555555555555555
5544311161111111111111111111111111111111111111111111344444444444444455555555555555555555555555555555
5544431111111111111111111111111111111111111111111123444444444444444444444444555555555555555555555555
5554444311111111111111123334444332111111111111113344444444444444444444444444444455555555555555555555
5554444443211111112334444444444444444332211122334444444444444444444444444444444444455555555555555555
5554444444443333444444444444444444444444333333444444444444444444444444444444444444444444555555555555
5544444444444444444444444444444444444444443334444444444444444444444443322111112334444444444444444455
5544444444444444444444444444444444444444333333334444444444444444332111111111111111113344444444444444
5444444444444444444444444444444444443332111111112233333333333211111111111111111111111111111111111111
4444443333221111112223333333333321111111111111111111111111111111111111111111111111111111111111111111

1111111111111111111111111111111111111111111111111111111111111111111111111111111211111111111111111111
1111111111111111111111111111111111111111111111111111111111111111111111112234444444433222222222111111
1111111111111111111111111111111111111111111111111111111111111111111112344445555555444444444333222222
1111111111111111111111111111111111111111111111111111111111111111112244455555555555555554444444444333
1111111111111111111111111111111111111111111111111111111111111111224445555555555555555555555444444444
1111111111111111111111111111111111111111111111111111111111111112344555555555555555555555555555544444
1111111111111111111111111111111111111111111111111111111111111123445555555555555555555555555555554444
1111111111111111111111111111111111111111111111111111111111111224445555555555555555555555555555555444
1111111111111111111111111111111111111111111111111111111111111224445555555555555555555555555555554444
1111111111111111111111111111111111111111111111111111111111111123445555555555555555555555555555544444

5555555555555555555555555555555544444443211111111111111111111111111111111111111111111111111144555555
5555555555555555555555555555544444444432111111111111111111111111111111111111111111111111124455555555
5555555555555555555555555544444444444321111111111111111111111111111111111111111111111124455555555555
5555555555555555555555544444444444444332111111111111111111111111111112344433211112244455555555555555
5555555555555555555554444444444444444444321111111111111111111111124444444444444444455555555555555555
5555555555555555555544444444444444444444443211111111111111111112444455555555555555555555555555555555
5555555555555555555444444444444444444444444442111111111111111344455555555555555555555555555555555555
5555555555555555555444444444445555555555554444432111111111244445555555555555555555555555555555555555
5555555555555555555554444555555555555555555555444444333444445555555555555555555555555555555555555555
5555555555555555555555555555555555555555555555555544444445555555555555555555555555555555555555555555

1111111111111111111111111111221111111111111122223333344443333332222211111111222222222222222222223334
1111111111111111111111112222222222221111222222333344444444444333332222222222333333333333333333333444
1111111111111111111111122233333222222222222223333444444444444443333333333333334444444444444444444444
1111111111111111111111222233333222222222222223333444444444444444333333333344444444444444444444444445
1111111111111111111111122233332222221111122222333344444444444444333333333444444444444444444444444455
1111111111111111111111112222222221111111111122223333444444444333333333333444444444444444444444444555
1111111111111111111111111111111111111111111111122223333333333333332333333344444444444444444444444555
1111111111111111111111111111111111111111111111111112222222222222222222233334444444444444444444444455
1111111111111111111111111111111111111111111111111111111111111111111111122233334444444444444444444445
1111111111111111111111111111111111111111111111111111111111111111111111111122223333333333333344444444

1111111111111112333332211111111234444444444444455555555555555555555555555555555555555555555555555555
1111111111111111111111111111111111111111111111111114455555555555555555555555555555555555555555544111
1111111111111111111111111111111111111111111111111111111455555555555555555555555555555555443111111111
1111111111111111111111111111111111111111111111111111111114455555555555555555555544311111111111111111
1111111111111111111111111111111111111111111111111111111111114555555555555544211111111111111111111111
1111111111111111111111111111111111111111111111111111111111111144455554441111111111111111111111111111
1111111111111111111111111111111111111111111111111111111111111111111111111111111111111111111111111111
1111111111111111111111111111111111111111111111111111111111111111111111111111111111111111111111111111
1111111111112211111111111111111111111111111111111111111111111111111111111111111111111111111111111111
1111111244444444321111111111111111111111111111111111111111111111111111111111111111111111111111111111

1111111111444555555555555555555555555555555555555555555555555444444444444444444443333322211111111111
1111111113445555555555555555555555555555555555555554444444444444444444444444444444444444333332111111
1111111114445555555555555555555555555555555555544444444444444444444444444444444444444444444443332111
1111111114445555555555555555555555555555555444444444444444444444444444444444444444444444444444443321
1111111124444555555555554444444444444444444444444444444444444444444444444444444333344444444444444332
1111111114444444444444444444444444444444444444444444444444444444444444443333322222233334444444444332
1111111113444444444444444444444444444444444444444433333333333333332221111111111111111122333333333322
1111116111234444444433322111122233334444443333221111111111111111111111111111111111111111111112221111
1111111111111111111111111111111111111111111111111111111111111111111111111111111111111111111111111111
1111111111111111111111116161111111111111111111111111111111111111111111111111111111116111111111111111

1111111111111111111111111111111111111111111111111111111111111111111111123334444443333211111111111111
1111111111111122221111111111111111111111111111111111111111111111111111133344444444433321111111111111
1111111111112333333321111111111111111111111111111111111111111111111111233444444444444333211111111111
1111111111233444444333211111111111111111111111111111111111111111111111334444444444444444333211111111
1111111123344444444443332111111111111111111111111111111111111111111112344444444444444444444333211111
1111111233444444444444333211111111111111111111111111111111111111111123344444555555554444444444333321
1111113344444444444444443321111111111111111111111111111111111111111233444455555555555555554444444443
1111233444444444444444444332111111111111111111111111111111111111112344444555555555555555555555544444
1123344444444555544444444433321111111111111111111112222111111112233444455555555555555555555555555555
3334444444555555554444444443332111111111111111122333333333333333444445555555555555555555555555555555

5555555555555555554444443332211112223333333332221111223444555555555555555555555555555555555555555555
5555555555555555555444443332211112223333333332211111112234455555555555555555555555555555555555555555
5555555555555555555444443332211111222333333221111111111112334445555555555555555555555555555555555555
5555555555555555555444443322111111112222222111111111111111111223333334444445555555555555555555555555
5555555555555555554444433211111111111111111111111111111111111111111111112234455555555555555555555555
5555555555555555444443332111111111111111111111111111111111111111111111111111344555555555555555555555
5555555555554444444433221111111111111111111111111111111111111111111111111111113455555555555555555555
5555444444444444433321111111111111111111111111111111111111111111111111111111111234555555555555555555
4444444444433333322111111111111111111111111111111111111111111111111111111111111112445555555555555555
3333333322222211111111111111111111111111111111111111111111111111111111111111111111134455555555555555

5555555555554111111111111111111111111111111111455555555555555555555555555555544444444445555555555555
5555555555542111111111111111111111111111111111245555555555555555555555555544444332222344445555555555
5555555555441111111111111111111111111111111111145555555555555555555555544444322211111223444555555555
4444555544421111111111111111111111111111111111134555555555555555555544444432211111111112244445555555
4444444444411111111111111111111111111111111111113444555555555544444444432221111111111111224444555555
2344444444211111111111111111111111111111111111111244444444444444443322221111111111111111122444445555
2234444444211111111111111111111111111111111111111112222222222222222211111111111111111111122344444555
1234444444211111111111111111111111111111111111111111111111111111111111111111111111111111222334444455
1234444444211111111111111111111111111111111111111111111111111111111111111111111111111112222334444445
1234444444311111111111111111111111111111111111111111111111111111111111111111111111122222223344444444

5555555555555555555555554421111111111111111111111111113431111111111111111111111111111111111111111114
5555555555555555555555555554443111111111111111111113445554441111111111111111111111111111111111145555
5555555555555555555555555555555444311111111111111144455555554211111111111111111111111111111145555555
5555555555555555555555555555555555444431111111112444555555555441111111111111111111111111114555555555
5555555555555555555555555555555555554444432111123444555555555544111111111111111111111111355555555555
5555555555555555555555555555555555555544444332234444555555555554411111111111111111111114555555555555
5555555555555555555555555555555555555554444433223444455555555555441111111111111111111145555555555555
5555555555555555555555555555555555555555444432111234445555555555444111111111111111111555555555555555
5555555555555555555555555555555555555555444421111113444555555555544111111111111111135555555555555555
5555555555555555555555555555555555555555444311111111134444555555444311111111111111455555555555555555

1111111111111111111111111111111111111111111111111111111111111111111111111111111111111111111111111111
1111111111111111111111111111111111111111111111111111111111111111111111111111111111111111111111111111
1111111111111111111111111111111111123444444432111111111111111111111111111111111111111111111111111111
1111111111111111111111111111111112444444444444444321111111111111111111111111111111111111111111111111
1111111111111111111111111111111244444445555444444444442221111111111223444443221111111111111111111111
1111111112211111111111111111112344444455555554444444444443322222234444444444443211111111111111111111
1111111223321111111111111111111244444444555544444444444444433333344444444444444422111111111111111111
1111111233221111111111111111111112444444444444444444444433222222234444444444444322111111111111111112
1111111121111111111111111111111111112244444444444432222111111111112223444444432221111111111111112223
1111111111111111111111111111111111111111111111111111111111111111111111111111111111111111111111111224

1111111111111111111111111111111111111111111111111144444555555555555555555444444444455555555555555544
1111111111111111111111111111111111111111111111111111244444445555555444444443223444444444444444444444
1111111111111111111111111111111111111111111111111111111344444444444444211111111111112344444444444322
1111111111111111111111111111111111111111111111111111111111344444444211111111111111111111122211111111
1111111111111111111111111111111111111111111111111111111111112333211111111111111111111111111111111111
1111111111111111111111116111111111111111111111111111111111111121111111111111111161111111111111111111
1161111111111111111111111111111111111111111111111111111111111222111111111111116111111111111111111111
4421111111111111111111111111111111111111111111111111111111124444432111111111111111111112333444444433
5544444444332221111111111111111111111111111111111111111134444444444443111111111111234444444444444444
5555555544444444444444443322111111111111111111111111344444444444444444444444444444444444444444444444

1111111111111111111111111111112344444444444332211111111111111111111111111111111111111111111111111111
1111111111111111111111111111244444444444444444443322211111111111111111111222333344433221111111111111
1111111111111111111111111134444445555444444444444444433322221111112222334444444444444444443211111111
1124444444444444444444444444445555555555444444444444444444443333334444444444444555555555554444311111
4455555555555555544444444444555555555555555444444444444444444444444444444445555555555555555555544411
5555555555555555555555555555555555555555555555544444444444444444444444445555555555555555555555555554
5555555555555555555555555555555555555555555555555554444444444444444455555555555555555555555555555555
5555555555555555555555555555555555555555555555555555555555555555555555555555555555555555555555555555
5555555555555555555555555555555555555555555555555555555555555555555555555555555555555555555555555555
5555555555555555555555555555555555555555555555555555555555555555555555555555555555555555555555555555

1111111111124444445555555555555555555555555555555555555555555555554444444444444444444455555555555555
1161111111111344444555555555555555555555555555555555555555555555555444444444444444444555555555555555
1111111111111124444455555555555555555555555555555555555555555555555444444444444444444555555555555555
1111111111111112444445555555555555555555555555555555555555555555444444444444444444444555555555555555
1111111111111111144444555555555555555555555555555555555555555544444444444444444444444455555555555555
1111111111111111114444445555555555544444444555555555555555554444444444444444444444444445555555555555
1111111111111111111344444445554444444444444444555555555555444444444444433221111111124444555555555555
1111111111111111111124444444444444444444444444444455554444444443211111111111111111111144455555555555
1111111111111111111111244444444444444333344444444444444444442111111111111111161111111111444555555555
1111111111111111111111111234443321111111111111234444444431111111161111111111111111111111114455555555

4443222111111111111611111111111111111111111111111111111111111111111111111111111112233444445555555555
4444443332222111111111111111111161111111111111111111111111111111111111111111111122233444444555555555
5444444444433332222221111111111111111112233344433322222222222222222222221111112222233344444455555555
5554444444444444444333322222111112222334444444444444333333333333333332222222222222223344444445555555
5555444444444444444444444433333333344444444444444444444444444444444433332222222222222333444444455555
5555444444444444444444444444444444444444444444444444444444444444444444333222222222222223334444444555
5555444444444444444444444444444444444444444444444444444444444444444444333222222211122222223344444445
5555444444444444444444444444444444444444444444444444444444444444444443332222211111111111122223334444
5544444444444444444444444444444444444444444444444444444444444444444433322221111111111111111111222334
5444444444444444444444444444444444444444444444444444444444444444433332222111111111111111111111111112

1111111111111111111111111111111111111111111111111111111111111111111111111111111111111111111134445555
1111111111111111111116111111111111111111111111111111111111111111111111111111111111111111123444455555
1111111111111111111111111111111222222222222211111111111111111111111111111112222222223333444444555555
1111111111111111122222222333334444444444444443332211111111111111111111123344444444444444444445555555
1111111111111223334444444444444444444444444444444332211111111111111112334444444444444444444445555555
1111111111112334444444444444444444444444444444444433322111111111111122344444444444444444444445555555
1111111111112334444444444444444444444444444444444433222111111111111112334444444444444444444444555555
1111111111112233444444444444444444444444444444433322111111111111111111122334444444444444444444455555
1111111111111122233333332222233333333333333222211111111111111111111111111112222222222222233444445555
1111111111111111111111111111111111111111111111111111111111111111111111111111111111111111111123344455

5555555555555555555555555555555555555555555555555555555555555555555555555555555555555555555555555555
5555555555555555555555555555555555555555555555555555555555555555555555555555555555555555544444445555
5555555555555555555555555555555555555555555555555555555555555555544444444444444444444444444433333444
5555555555555555555444444444444444445555555555555555544444444444444444444444444444444431111111111111
5555555555555554444444444444444444444444444444444444444444444444444444444444444444311111111111111111
5555555555554444444444433333344444444444444444444444444444444444444444444444444321111111111111111111
5555555555444444444443221111223344444444444444444444444444444444444444444444433111111111111111111111
5555555554444444444332111111223344444444444444444444444444444444444444444444432111111111111111111111
4555555444444444444332211122333444444444444444444444444444444444444444444444431111116111111111111111
4455554444444444444433333334444444444444444444444444444444444444444444444444442111111111111111111111

1111111111111111111111111111111124444444444444111111111111111111111111111111111111111111111111111111
1111111111344444443211111234444444445555555544444411111111111111111111111111111111111111111111111111
1111344444444444444444444444444555555555555555554444411111111111111111111111111111111111111111111111
4444444555555555544444444445555555555555555555555554444431111111111111111111111111111111111111111111
5555555555555555555555555555555555555555555555555555554444441111111111111111111111111111111111111111
5555555555555555555555555555555555555555555555555555555554444442111111111111111111111111111111111111
5555555555555555555555555555555555555555555555555555555555554444444111111111111111111111111111111111
5555555555555555555555555555555555555555555555555555555555555554444444421111111111111111111111111111
5555555555555555555555555555555555555555555555555555555555555555555444444444444444444444444444442111
5555555555555555555555555555555555555555555555555555555555555555555555554444444555555555555555555544

1111111111111111111111111111111111111111111111111111111111111111111111111111111111111111111111111111
1111111111111111111111111111111111111111111111111111111111111111111111111111111111111111111111611111
1111111111111111111111111111111122222211111111111111111111111111111111111111122233333322211111111111
1111111111111111111111111124444444444444432111111111111111111111111111111122234444444444432211111111
1111111111111111111111134444444444444444444432111111111111111111111111111223444444444444444432111111
1111111111111111111144444555555555555544444444321111111111111111111111122344444444444444444444421111
1111111111111111244445555555555555555555444444443221111111111111111112223444444444444444444444444211
1111111111112444445555555555555555555555554444444432222111111111112222344444444444455555555444444431
1111111114444555555555555555555555555555555444444444332222222222222344444444444455555555555555444444
1116114445555555555555555555555555555555555544444444444433333333444444444444445555555555555555554444

5555555444444555555555555555555555555555555555555555555555555555555555555555555555555555555555555555
5555544444444444555555555555555555555555555555555555555555555555555555555555555555555555555555555555
5555444444444444444555555555555555555555555555555555555555555555555555555555555555555555555555444444
5555444444444444444445555555555555555555555555555555555555555555555555555555555444443332211111111111
5555444444444444444444444444444444444444444555555555555555555555555555555444432111111111111111111111
5555544444444444444444444444444444444444444444444555555555555555555544444211111111111111111111111111
5555544444444444444444444444444443333333333344444444445555555544444443111111111111111111111111111111
5555555444444444444444444444444333222111112223334444444444444444432111111111111111111111111111111111
5555555544444444444444444444433322211111111111122333344444443322111111111111111111111111111111111111
5555555555544444444444444444433322111111111111111122223332221111111111111111111111111111111111111111

5555555555555555555555555555555555544432111111111111111111111122233333333333333221111111111111133445
5555555555555555555555555555555555544443311111111111111122333444444444444444444333322111111111233445
5555555555555555555555555555555555554444332111111111112233444444444444444444444444333322211112334445
5555555555555555555555555555555555554444433211111111122333444444444444444444444444443333322222334445
5555555555555555555555555555555555544444433211111111112233344444444444444444444444444433333333334445
5555555555555555544444444444444444444444333211111111111112233344444444444444444444444443333333334445
5555555555544444443333333334444444444443321111111111111111111223333333333333344444444443333333334444
5555444444433322111111111112233334444333211111111111111111111111111111111112233333333333333333334444
4444332211111111111111111111111122222211111111111111111111111111111111111111111122333333332223333444
2111111111111111111111111111111111111111111111111111111111111111111111111111111111111222211112233344

5555555555555555555555555555555555555555555555555555555555555555555444431111111111111111111111111111
5555555555444444444444444444455555555555444444444455555555555555544444331111111111111111111111111111
5555444444333222222222233344444444444444444444444444444444444444444444321111111111111111111111111111
4443321111111111111111111111223333344444444444444444444444444444444444321111111111111111111111111111
3111111111111111111111111111111111122222233333344444444444444444444444332111111111111111111111111111
1111111111111111111111111111111111111111112223334444444444444444444444333211111111111111111111111111
1111111111111111111111111111111111111111111223334444444444444444444444433321111111111111111111111111
1111111111111111111111111111111111111111112233344444444444444444444444444333221111111111111111111111
1111111111111111111111111111111111111111122333444444444444444444444444444443333221111111111111111111
1111111111111111111111111111111111111111233344444444444444444444444444444444443332211111111111111111


