1111111111111111111111111111111111111111111111111111111111111111111111111111111111111111111111111111
1111111111111111111111111111111111111111111111111111111111111111111111111111111111111111111111111121
1111111111111111111111111111111111111611111111111111111111111111111111111111111111111111111122333444
1111111111111111111111111111161111111111111111111111111111111111111111111111111111111111122334444444
1111111111111111111111111111111112223333344444443333333222222211111111111111111111111223334444444445
1111111111111111111111112223334444444444444444444444444444444444333333333222222333333444444444555555
1111111111111112344444444444444444555555555555555544444444444444444444444444444444444444444455555555
1111111111113444555555555555555555555555555555555555555555555555444444444444444444444444555555555555
1111111113445555555555555555555555555555555555555555555555555555555555555555555555555555555555555555
1111111445555555555555555555555555555555555555555555555555555555555555555555555555555555555555555555

1111123445555555555555555555555555555555555555555555444433333333333444444444444444444443322111111111
1111111223444555555555555555555555555555555555555444332222211222222223333333444444444333222111111111
1111111111223344444444444444555555555555555555444332221111111111111111222222333333333332222111111111
1111111116111222222222222223344444444444444444433221111111111111111111111112222222333222222111161111
1111111111111111111111111111122333444444444333322211111111111111111111111111112222222222222111111111
1111111111111111111111111111111122222233333332221111111111111111111111111111111112222222222211111111
1111111111111111111111111111111111112222222222221111111111111111111111111611111111222222222222111111
1111111111111111111111111111111111111112222222221111111111111111111111111161111111122222222222222111
1111111111111111111111111111111111111112222222221111111111111111111111111161111111122222223333332222
1111111111111111111111111111111111111112222222222211111111111111111111111111111111222223333333333333

1111111111111111111111111111111111111111111111111111111111111111111113445555555555555555555555555555
1111111111111111111111111111111111111116111111111111111111111111111113444555555555555555555555555555
1111111111111111111111111111111111111345555554431111111111111111111124444455555555555555555555555555
1111111111111111111111111111111111145555555555555421111111111111111124444445555555555555555555555555
1111111111111111111111111111111135555555555555555554311111111111112344444444445555555555555555555555
4411111111111111111111111111114555555555555555555555444111111111234444444444444444455555555555555555
5554421111111111111111111112455555555555555555555555554444222344444444444444444444444455555555555555
5555555544111111111111113455555555555555555555555555555544444444444444444444444433344444455555555555
5555555555555544444445555555555555555555555555555555555555555444444444444444443211111124444555555555
5555555555555555555555555555555555555555555555555555555555555555555555444444432111111111124455555555

4444444555555555555555555555555555555555555555555555555555555555555555555555555555555555555555555555
1111111344455555555555555544444444444444444444444555555555555555555555555555555555555555555555555555
1111111111344444554444444444444444444444444444444444445555555555555555555555555555555555555555555555
1111111111113444444444443322111111111111111111222334444444455555555555544444444444444445555555555555
1111111111111123444433221111111111111111111111111112234444444444444444443211111111111111244445555555
1111111111111111222222111111111111111111111111111111122233444444444322111111111111111111111111244445
1111111111111111122221111111111111111111111111111111112223333333221111111111111111111111111111111111
1111111111111111122222221111111111112222333333332222223333333322211111111111111111111111111111111111
1111111111111111233444433333333334444444444444444444444444444333211111111111111111111111111111111111
1111111111111112444444444444444444444444444444444444444444444444321111111111111111111111111111111111

5555555555555555555555555555555555555555555544444444444444444443333221111111111111111234444445555555
5555555555555555555555555555555555544444444444444444444443332222111111111111111111111111344444555555
5555555555555554444444444444444444444444444444444333322222111111111111111111111111111111123444445555
5555555555444444444444444444444444444444433322222111111111111111111111111111111111111111111344444555
5555444444444443221111111112223333333222211111111111111111111111111111111111111111111111111134444455
4444444444333211111111111111111112221111111111111111111111111111111111111111111111111111111113444445
4432111111111111111111111111111111111111111111111111112222222222111111111111111111111111111112444445
1111111111111111111111111111111222222222222222222222333334444333332211111111111111111111111112344444
1111111111111111111111111112233344444444444444444444444444444444444433211111111111111111111112344444
1111111111111111111112233444444444444444444444444444444444444444444444433211111111111111111112344444

5555555555555555555555555555555555555555555555555555555555555555555555555555555555555555555555555555
5555555555555555555555555555555555555555555555555555555555555555555555555555555555555555555555555555
5555555555555555555555555555555555555555555555555555555555555555555555555555555555555555555555555555
5555555555555555555555555555555555555555555555555555555555555555555555555555555555555555555555555555
5554444445555555555555555555555555555555555555555555555555555555555555555555555555555555555555555555
4443323344444555555555555555555555555555555555555555555555555555555555555555555555555555555555555555
2111111112344445555555555555555555555555555555555555555555555555555555555555555555555555555555555555
1111111111123444555555555555555555555555555555555555555555555555555555555555555555555555555555555555
1111111111112344455555555555555555555555555555555555555555555555555555555555555555555555555555555555
1111111111111344455555555555555555555555555555555555555555555555555555555555555555555555555555555555

5544443222111111111111111111111111111111111111111111111111111111111111111111111112334444444432111111
5544432222111111111111111111111111111111111122233322111111111111111111122344444444555555555555444421
5444432222222222111111111111111111111233444444444444443221111112234444444445555555555555555555555554
5444322222222222222211111111111222344444444444444444444443322344444445555555555555555555555555555555
4444322222222333333222222222223344444444444555555554444444444444445555555555555555555555555555555555
4444322112222333333333333333344444444444555555555555444444444444455555555555555555555555555555555555
4443221111222333333333333333444444444445555555555555444444444444555555555555555555555555555555555555
4443211111122223333333333333444444444445555555555554444444444444555555555555555555555555555555555555
4432111111111222222333333333444444444444555555555544444444444444555555555555555555555555555555555555
4321111111111111222222222223334444444444444555444444444444444444555555555555555555555555555555555555

1111111111111111111111111111111111111111111111111111111111111111111111111111111111111111111111111112
1111111111111111111111111111111111161111111111111112222333333333332222111111111111111111111111111113
1111111111111111111111111111111111111111111112333333333333333333333333332211111111111111111111111134
1111111111111111111111111111111111111111113334444444444444444444444444333333211111111111111111111344
1111111111111111111111111111111111111123334444444444444444444444444444444433332211111111111111123444
1111111111111111111111111111111222333344444444444444444444444444444444444444433332111111111111334444
1111111111111111113334444444444444444444444444444444444444444444444444444444444433332111111233444444
1111111111111134444444444444444444444444444444444444444444444444444444444444444444433333333344444445
1111111111134444444444444444444444444444444444444444444444444444444444444444444444444444444444444455
1111111124444444555555555555444444444444444444444444444444444444444444444444444444444444444444444555

1111111111111111111111111111111111111111111111111111111111111111111111111111111111111111111111111111
1111111111111111111111111111111111111111111111111111111111111111111111111122222221111111111111111111
1111111111111111111111111111111111111111111111111111111111111111111111122222222222211111111111111111
1111111111111111111111111111111111111111111111111111111111111111111122222222333322221111111111111111
1111111111111111111111111111111222222111111111111111111111111111222222222333333333222211111111111111
1111111111111111111111111112222222222221111111111111111122222222222222333334444443332221111111111111
2111111111111111111111122222333344433322211111111111222222222222222333334444444444433222111111111111
3322111111111111111222233344444444444433222211112222222223333333333344444444444444443322211111111111
4443322222222222222333444444444455444444332222222222333333344444444444444444444444444433222111111111
5544444333333334444444445555555555555544444333333333444444444444444444444445555544444443322211111111

5555555555555555555555555555555555555555555555555555555555555555555555555555555555555555555555555555
5555555555555555555555555555555555555555555555555555555555555555555555555555555555555555555555555555
5555555555555555555555555555555544444311123444455555555555555555555555555555555555555555555555555555
5555555555555555555555555555444411111111111111144445555555555555555555555555555555555555555555555555
5555555555555555555555554444211111111111111111111114444555555555555555555555555555555555555555555555
5555555555555555555555444111111111111111111111111111113444444444444444444444444444555555555555555555
5555555555555555555544411111111111111111111111111111111111244444444444444444444444444444444444444444
5555555555555555554441111111111111111111111111111111111111111111111111111123344444444444444444444444
5555555555555555544111111111111111111111111111111111111111111111111111111111111111111111111111111111
5555555555555555441111111111111111111111111111111111111111111111111111111111111111111111111111111111

5555555544311111134444455555555555555555555555555555555555555555555555555555555555555555555555555555
5555554411111111111134444455555555555555555555555555555555555555555555555554444444444444555555555555
5555542111111111111111344444455555555555555555444444444444444444444444444444444444444444444555555555
5554311111111111111111113444444444445444444444444444444444444444444444444444444444333444444445555555
5441111111111111111111111133444444444444444444444444333333334444444444444443333322111123344444555555
4311111111111111111111111111233444444444444333322111111111111122333333333322111111111111133444445555
1111111111111111111111111111111233333333321111111111111111111111111111111111111111111111111344444555
1111111111111111111111111111111111111111111111111111111111111111111111111111111111111111111123444455
1111111111111111111111111111111111111111111111111111111111111111111111111111111111111111111111344445
1111111111111111111111111111111111111111111111111111111111111111111111111111111111111111111111134444

5555555555555555555555555555555555555555555555555555555555555555555411111111111111111111111111111111
5555555555555555555555544444444444455555555555555555555555555555555441111111111111111111111111111111
5555555555555555555444432222122223444455555555555555555555555555555544111111111111111111111111111111
5555555555555554444432111111111111234444555555555555555555555555555554421111111111111111111111111111
5555555555444444442211111111111111123444455555555555555555555555555555544111111111111111111111111111
5555554444444444321111111111111111123444455555555555555555555555555555555441111111111111111111111111
5555444444444432221111111111111111234444555555555555555555555555555555555554211111111111111111111111
5554444444444333222211111111111223444455555555555555555555555555555555555555441111111111111111111111
5554444444444444444332222222234444445555555555555555555555555555555555555555554211111111111111111111
5554444444444444444444444444444455555555555555555555555555555555555555555555555421111111111111111111

1111111112222211112233344444444444444444444444444444444444444444445555555555555555555555555555555555
1111111122221111111111123334444444444444444444444444444444444444444444445555554444444444444444444555
1111112333211111111111111112223333333333333333333333344333333344444444444444444444444444433344444444
1111133443321111111111111111111111111111111111111122222222222233334444444444444433322211111111111223
1111344444321111111111111111111111111111111111111111111111111122233344444444333221111111111111111111
1113444444431111111111111111111111111111111111111111111111111112223333343333321111111111111111111111
1134444444432111111111111111111111111111111111111111111111111112233333333332211111111111111111111111
1444555544443211111111111111111111111111111111111111111111112222333333333332111111111111111111111111
4455555555444432111111111111111111111111111111111111111122223333334444443332111111111111111111111111
4555555555544444333222222221111111111111111111111112223333334444444444444433211111111111111111111111

1111111111133445555555555555555555555555555555444433111111111111111111111111111111111111111111111111
1111111234445555555555555555555555555555555555555555443211111111111111111111111111122333332211111111
1111234445555555555555555555555555555555555555555555555443211111111111111111111223334444444333211111
1233445555555555555555555555555555555555555555555555555554432111111111111111123334444444444444332111
3344555555555555555555555555555555555555555555555555555555443321111111111112333444444444444444433211
4445555555555555555555555555555555555555555555555555555555544332111111111223344444444555544444433321
4455555555555555555555555555555555555555555555555555555555554433221111122233344444444454444444433321
4555555555555555555555555555555555555555555555555555555555544433221111112233334444444444444444333211
5555555555555555555555555555555555555555555555555555555555544432211111111122333344444444444433322111
5555555555555555555555555555555555555555555555555555555555444321111111111111122333333333333332211111

5555555555555555555555555555555555555555555555555555555555555554444444443332221111111112222211111111
5555555555555544444444445555555555555555555555555555555555554444444444443332222111112223333332211111
5555555555544432222233444445555555555555555555555555555544444444444444433322222111222233444443321111
5555555544432111111112234444455555555555555555555555444444444444443333332222211111122233444444432111
5555544321111111111111123444444455555555555555544444444444333333322222222111111111112233444444433211
5544321111111111111111112334444444444444444444444443333222222111111111111111111111111223344444432211
3211111111111111111111111223344444444444444444332222111111111111111111111111111111111112233333332111
1111111111111111111111111122233334444433333222111111111111111111111111111111111111111111122222221111
1111111111111111111111111111222222222222111111111111111111111111111111111111111111111111111111111111
1111111111111111111111111111111111111111111111111111111111111111111111111111111111111111111111111111

1111123444444444444444444444455555555555555555555555555555555555555555555555555555544111111111111111
1111123444444443221111111344444555555555555555555555555555555555555555555555555544411111111111111111
1111123444443221111111111113444444555555555555555555555555555555544444444444444441111111111111111111
1111233444332111111111111111344444444455555555555555555555554444444444444444444111111111111111111111
1112344444321111111111111111124444444444444455555555544444444444443222222333211111111111111111111111
1234444444321111111111111111112344444444444444444444444444444443211111111111111111111111111111111111
4444444444432111111111111111111223344444444444444444444444444322111111111111111111111111111111111111
4444444444442211111111111111111122233444444444444444444444444432111111111111111111111111111111111111
4444444444444321111111111111111222233344444444444444444444444444433222333322111111111111111111111111
4444444444444443211111111111222333444444444444444444444444444444444444444444421111111111111111111111

5555555555555555555555555555555544444332222221111111112223333333333333333332222222111111111111111111
5555555555555555555555555555555444444332222221111111122223333332223333333332222222221111111111111111
5555555555555555555555555555555444443332222222111111122233333222222222233222222222222111111111111111
5555555555555555555555555555554444443332222222211111222333332222222222222222222222222111111111111111
5555555555555555555555555555554444443332222222221112222333322221111222222222222221111111111111111111
5555555555555555555555555555444444433322222222222122222232222111111111111111111111111111111111111111
5555555555555555555555555554444444332222222222221122222222211111111111111111111111111111111111111111
5555555555555555555555555544444433222222222222111111222221111111111111111111111111111111111111111111
5555555555555555555555555444433222222222222111111111111111111111111111111111111111111111111111111111
5555555555555555555555544443322222111111111111111111111111111111111111111111111111111111111111111111

1111444455555555555555555555555555555555555555555555555555555555555555555555555555555555555555555555
1113444455555555555555555555555555555555555555555555555555555555555555555555555555555555555555555555
1124444455555555555555555555555555555555555544444444455555555555555555555555555555555544444555555555
1134444445555555555555555555555555555555444444444444444444444444445454444444444444444444444444555555
1134444444455555555555555555555555555444444444444444444444444444444444444444444444444444444444445555
1234444444444555555555555555555555444444444444444444444444444444444444444444444444444444444444445555
1334444444444444455555555555555544444444444433333334444444444444444444444444444444444444444444444555
1333334444444444444444445544444444444443333222222233333333444444444444444444444444444444444444444555
1233222223333444444444444444444444443321111111111111223333333444444444444444444444444444444444444555
2221111111111112333444444444444333211111111111111111122333334444444444444444444444444444444444445555

5431111111111111111111111111111111111111111111111111111111111111111111111134444444444444444444444444
5544111111111111344444444441111111111111111111111111111111111111111111113444444455555555555544444444
5554442111111344445555555544444111111111111111161111112221111111111111144444455555555555555555444444
5555544444444444555555555555544444111111111111111134444444444211111111444444555555555555555555544444
5555554444444445555555555555555544443111111111113444444444444442111112444444555555555555555555544444
5555555444444455555555555555555554444441111111244444444444444444211113444444555555555555555555544444
5555555544444455555555555555555555444444321123444444444444444444211112444444455555555555555555444444
5555555544444455555555555555555555444444432223444444444444444443111111244444444555555555555544444443
5555555544444444555555555555555554444444321111344444444444444421111111113444444444555555544444444421
5555555444444444445555555555555544444442111111112444444444442111111111111144444444444444444444443111

5555555555555555555555555555555555555555555555555555555555555555555555555555555555555555555555555555
5555555555555555555555555555555555555555555555555555555555555555555555555555555555555555555555555555
5555555555555555555555555555555555555555555555555555555555555555555555555555555555555555555555555555
5555555555555555555555555555555555555555555555555555555555555555555555555555555555544431112344445555
5555555555555544445555555555555555555555555555555555555555555555555555555555555543111111111111111244
5555555544444333334444455555555555555555555555555555555555555555555555555555542111111111111111111111
5554444321111111111112444555555555555555555555555555555555555555555555555442111111111111111111111111
4432111111111111111111113444555555555555555555555555555555555555555555441111111111111111111111111111
1111111111111111111111111123444555555555555555555555555555555555554431111111111111111111111111111111
1111111111111111111111111111123444444555555555555555555555555444311111111111111111111111111111111111

1111111111111111111344445555555555555555555555555555555555555555555555544443222223444445555555555555
1111111111111111111234444555555555555555555555555555555555555555555444432111111111112344445555555555
1111111111111111111123444444555555555555555555555555555555555555444432111111111111111112444455555555
1111111111111111111122344444444455555555555555555555555555555444432111111111111111111111124445555555
1111111111111111111112234444444444444455555555555555555544444432111111111111111111111111111344555555
1111111111111111111122233444444444444444444444444444444444322111111111111111111111111111111124445555
1111112221111111111122233333333333444444444444444444433221111111111111111111111111111111111112444555
1111234433222211122222333333333222222222223333222222111111111111111111111111111111111111111111144555
1124444444443332223333333333322222221111111111111111111111111111111111111111111111111111111111114455
1244444444444444444444444433332222111111111111111111111111111111111111111111111111111111111111112445

5555555555555555555544432211111111223344444444445555555555555554444444444433333222221111111111111111
5555555555555555554432111111111111122334444444445555555555555555544444444444444444433333332233333344
5555555555555555443211111111111111111233444444444555555555555555554444444444444444444444444444444444
5555555555555554421111111111111111111122344444444455555555555555554444444444444444444444444444444444
5555555555555544211111111111111111111112233444444444555555555555444444444444444444444444444444444444
5555555555555442111111111111111111111111122233444444444455554444444444443333333333333333333333444444
5555555555544311111111111111111111111111111112223344444444444444443322221111111111111111111112222334
5555555555442111111111111111111111111111111111111122333444444332211111111111111111111111111111111111
5555555544311111111111111111111111111111111111111111111111111111111111111111111111111111111111111111
5555544421111111111111111111111111111111111111111111111111111111111111111111111111111111111111111111

5555555555555555555555544444333333333333333334444444444555555555555555555555555555555444431111111111
5555555555555555555555555544444444444444333333344444444444444445555555555555555555554444421111111111
5555555555555555555555555555554444444444433222223344444444444444444445555555555555444444431111111111
5555555555555555555555555555555555444444443222222223344444444444444444444555555544444444432111111111
5555555555555555555555555555555555544444443222222222223344444444444444444444444444444444442111111111
5555555555555555555555555555555555554444443221111112222233344444444444444444444444444444443211111111
5555555555555555555555555555555555554444443221111111122222333444444444444444444444444444444422111111
5555555555555555555555555555555555544444432211111111111222233344444444444444444444444444444443211111
5555555555555555555555555555555555444444322111111111111122223334444444444444444444444444444444432111
5555555555555555555555555555555544444443221111111111111112223334444444444444444455555555544444444311

4444443333333333322211111111111111111111111111111111111111223334444444444444444444444444433333221111
3333333333333333332211111111111111111111111111111111111111223333444444444444444444444443333332211111
1111111222333333333221111111111111111111111111111111111111223333444444444444444444444433333322111111
1111111112233333333322111111111111111111111111111111111111223334444444444444444444444433333322111111
1111111112333344433332211111111111111111111111111111111112233344444444444444444444444443333322111111
1111111112333444444333221111111111111111111111111111111122333444444444444444444444444444333332211111
1111111112334444444433322111111111111111111111111111112233334444444445555444444444444444443333322111
1111111112334444444443332211111111111111111111111112223333444444455555555555555544444444444433333222
1111111112334444444444333321111111111111111111222223333344444455555555555555555555555544444444433333
1111111112344444444444443332211111111111222222233333344444445555555555555555555555555555554444444443

1111111111111111111111111111111111111111111111111111111111111111111111111111111111111111111111111111
1111111111111111111111111111111111111111111111111111111111111111111116111111111111111111111111111111
1111111111111111111111111111111111111111111111111111111111111111111111111111111111111111111111111111
1111111111111111111111111111111111116111111111111111111111111111111111111111111111111111161111111111
1111111111111111111111111123333333322111111111111111111111111111111111111111111111111111111111111111
1111111111111111111234444444444444444444444444444444444444444333211111161111111111111111111122221111
1111111111111113444455555555555555555555555555555555555555555544444432111111111111111123344444444444
1111111111234445555555555555555555555555555555555555555555555555555554444443333333444444455555555555
1111112444555555555555555555555555555555555555555555555555555555555555555555555555555555555555555555
1134455555555555555555555555555555555555555555555555555555555555555555555555555555555555555555555555

5555555554444443211111112344444455555555555555555555555555555555544211111111111111111111111111111111
5555555555444444432111112344444445555555555555555555555555555555544411111111111111111111111111111111
5555555555444444443322222344444444555555555555555555555555555555544411111111111111111111111111111111
5555555555544444444433333344444444455555555555555555555555555555444431111111111111111111111111111111
5555555555554444444444333344444444445555555555555555555555554444444441111111111111111111111111111111
5555555555555444444444444444444444444555555555555555554444444444444442111111111111111111111111111111
5555555555555544444444444444444444444555555555555555444444444444444443211111111111111111111111111111
5555555555555544444444444444444444444455555555555544444444444444444443321111111234444444444311111111
5555555555555554444444444444444444444445555555554444444444333333444443333334444444455555555555444111
5555555555555555444444444444444444444444555555544444444432111111122233334444444555555555555555555544

4411111111111111111111111111111111145555555555555555555555555555555555555555555555555555555555555555
5555411111111111111111111111111111145555555555555555555555555555555555555555555555555555555555555555
5555555411111111111111111111111111345555555555555555555555555555555555555555555555555555555555555555
5555555555421111111111111111111111445555555555555555555555555555555555555555555555555555555555555555
5555555555555441111111111111111114445555555555555555555555555555555555555555555555555555555555555555
5555555555555555544421111111112444455555555555555555555555555555555555555555555555555555555555555555
5555555555555555555555544444444445555555555555555555555444444444455555555555555555555555555555555555
5555555555555555555555555555555555555555555555555444444443222244444445555555555555555555555555555555
5555555555555555555555555555555555555555555555444444211111111111112444455555555555555555555555555555
5555555555555555555555555555555555555555555444444211111111111111111112444455555555555555555555555555

5555555555555555555555555555555555555555555554444455555555555555555555555555555555555555555444111111
5555555555555555555555555555555555555555544444444444555555555555555555555555555555555555555555441111
5555555555555555555555555555555555555544444444444444455555555555555555555555555555555555555555554411
5555555555555555555555555555555555544444431111244444445555555555555555555555555555555555555555555442
5555555555555555444444444444555444444442111111112444444555555555555555555555555555555555555555555554
5555555555554444444444444444444444444211111111111244444555555555555555555555555555555555555555555555
5555555554444432223444444444444444431111111111111124444455555555555555555555555555555555555555555555
5555555444211111111124444444444444211111111111111111444444555555555555555555555555555555555555555555
5555544411111111111113444444444441111111111111111111134444455555555555555555555555555555555555555555
5554441111111111111111444444444421111111111111111111112444444455555555555555555555555555555555555555

1111111111111111122222222233344444445544444444444555555555555555555555555555555555555554444443332211
1111111111111112222222222333444445555555555555555555555555555555555555555555555555555555554444444333
1111111111111222222222233334444555555555555555555555555555555555555555555555555555555555555555554444
1111111111122222222223333344445555555555555555555555555555555555555555555555555555555555555555555555
1111111112222222223333334444455555555555555555555555555555555555555555555555555555555555555555555555
1111111122222233333333444445555555555555555555555555555555555555555555555555555555555555555555555555
1111112222333333333444444455555555555555555555555555555555555555555555555555555555555555555555555555
1111122233333344444444445555555555555555555555555555555555555555555555555555555555555555555555555555
1112223333444444444445555555555555555555555555555555555555555555555555555555555555555555555555555555
1222334444444444455555555555555555555555555555555555555555555555555555555555555555555555555555555555

5555555555554443111111111111111111111111111111444455555555555555555555555555555555555544444444444444
5555555555444411111111111111111111111111161111113444455555555555555555555555555544444432111123444444
5555555544442111111111111111111111111111611111111111444444555555555555555444444311111111111111111111
5555555444411111111111111111111161111111111111111111111124444444444444443111111111111111111111111111
5555554444111111111111111111111111111111111111111111111111111111111111111111111111111111111111111111
5555544442111111111111111111111113444432111111111111111111111111161111111111111111111111116111111111
5555444442111111111111111112344444444444444311111111111111111111111111111111111111111111111111111111
5555444443111111111111134444444455555555444444432111111111111111111111111111111111111111111111122221
5555444444432111123444444445555555555555555544444444321111111111111111111111111111111161111124444444
5555544444444444444444455555555555555555555555555444444431111111111111111111111111111111114444444444

1111111111111111111111111111111111111111111111111111111111111111111111111111111111111111111111111111
1111111111111111111111111111111111111111111111111111111111111111111111111111111111111111111111111111
1111111111111111111111111111111111111111111111111111344444443211111111111111111111111111111111111111
1111111111111111111111111111111111111111111111113444444444444444444444444111111161111111111111111111
1111111111111111111111111111111111111111111111144444445555555555555444444444441111111111111111111111
1111111111111111111111111111111111111111611111444445555555555555555555555544444443111111111111111111
1111111111111116111111111111111111111111111112444445555555555555555555555555444444443111111111111111
1111111111111111111111111611166116111111111112444444555555555555555555555555554444444441111111111111
1111111111111111111111111111111111111111111111344444455555555555555555555555554444444444311111111111
1111111111111111111111111111111111111111111111124444444445555555555555555555544444444444421111111111

5555555555555555555555555555555555555555555555555555555555555555555555555555555555555555555555555555
5555555555555555555555555555555555555555555555555555555555555555555555555555555555555555555555555555
5555555555555555555555555555555555555555555555555555555555555555555555555555555555555555555555555555
5555555555555555555555555555555555555555555555555555555555555555555555555555555555555555555555555555
5555555555555555555555555544444444444444445555555555555555555555555555555555555555555555555555555555
5555555555555555555555444444111111111111144444555555555555555555555555555555555555555555555555555555
5555555555555555555444441111111111111111111114444555555555555555555555555555555555555555555555555555
5555555555555555444441111111111111111111111111114444555555555555555555555555555555555555555555555555
5555555555555544441111111111111111111111111111111113444455555555555555555555555555555555555555555555
5555555555554443111111111111111111111111111111111111111444445555555555555555554444444444444444555555

5555555555555555511111111111111111112334444444321111111111111111111111111111111111111111111111111111
5555555555555555541111111111111111244445555554444311111111111111111111111111111111111111111111111111
5555555555555555553111111111111134444555555555554443211111111234444443211111111111111111111111111111
5555555555555555555421111111112344455555555555555444432222234445555555544444444443321111111111111111
5555555555555555555544332222334444555555555555555544443333444455555555555555555555444311111111111111
5555555555555555555555444444444445555555555555555544444334444555555555555555555555554432111111111111
5555555555555555555555554444444445555555555555555444444334444555555555555555555555555443211111111111
5555555555555555555555555544444444455555555555554444433333344555555555555555555555555544311111111111
5555555555555555555555555554444444444444555444444433221112234455555555555555555555555544311111111111
5555555555555555555555555554444444444444444444433211111111113445555555555555555555555544311111111111

5555444321111111111111611111111111111111111111111111111111111111133444445555555555555555555555555555
5554444332111111111111111334443311111111111111111111111111111123344444455555555555555555555555555555
5544443333221111111111234444444444321111111111111111222222233334444444455555555555555555555555555555
4444433333333211111123444444444444443211111111112333333333344444444444445555555555555555555555555555
4433211122233222111234444445555544444432111111233444444444444444444444444555555555555555555555555555
3211111111122221112234444445555554444433211112333444444444444444444444444444444444455555555555555444
1111111111111111111133444445555544444443211112233444444444444444444444444444444444444444444444444321
1111111111111111111113344444444444444432111111123333333333334444444444444444444433333332221111111111
1111111111111111111111234444444444444321111111111112222222333333444444444433321111111111111111111111
1111111111111116111111113344444444433111111111111111111111111112233333322111111116111111111111111111

1111111111111111111111111111111111111111111111111161111161111111116111111111111111111111111111111111
1111111111111111111111111111111111111111111111111111111111611111111111111111111111111111111111111111
1111111111111111111111111111111111111111111111111111111111161111116111111111111111111111111111111111
1111111111111111111111111111111111111111111111111111111111111611161111111111111111111111111111111111
1111111111111111112111111111111111111111111161111111111111111111111111111111111111111111111111111111
1111111111123333444433332111111111111111116111111111111111111111111111111111112222222221111111111111
1111111233444444444444443332111111111111111111111111111111111111111111111122222333333333322211111111
1111233444455555555554444443321111111111111111111111111111111111111111112223333333333333333332211111
1234444555555555555555554444333211111111111111111111111111111111111111223333333334444444443333321111
4444555555555555555555555544443332211111111111112222222222111111222223333334444444444444444444333211

1111111111111111111111111111111133444444444444444444445555555555555555555555555555555555555555555555
1111111111111111111111111113344444444444444444444444555555555555555555555555555555555555555555555555
1111111111111111112233334444444444444444444444444444555555555555555555555555555555555555555555555555
1111111111111123344444444444444444444444444444444444455555555555555555555555555555555555555555555555
1111111111111334444444444444444444444444444444444444445555555555555555555555555555555554444444555555
1111111111112344444444444444444444444444444444444444444445555555555555555555555555444444444444444445
1111111111111334444444444444444444444444444433333344444444444455555555555555544444443111111111111344
1111111111111123344444444444444444444333111111111111112344444444444444444444444311111111111111111111
1111111111111111111122222222211111111111111111111111111111111111233333321111111111111111111111111111
1111111111111111111111111111111111111111111111111111111111111111111111111111111111111111111111111111

5555555555555555555555555555555555555555555555555555555555555555555555555544411111111111111111111111
5555555555555555555555555555555555555555444444445555555555555555555555554442111111111111111111111111
5555555555555555555555555555555555444444432212234444444455555555555544444311111111111111111111111111
5555555555555555555555555555554444442111111111111111134444444444444444421111611111111111111111111111
5555555555555555555555555554444443111111111111116111111112344444444321111111111111111111111111111111
5555555555555555555555555444444311111111111111111116111111111111111111111111111111111111111111111111
5555555555555555555555544444443111111111111111111111611111111111111111111111111111111111111111111111
5555555555555555555555444444443111111161111111111111111111111111111111111111111111111111111111111111
5555555555555555555555544444444321111111111111111611111111112233333332222111111111111111111111111111
5555555555555555555555555444444444211111111111111111111133444444444444444444443111111111111111111111

1111111111111111111111111111111111111111111111111111111111111111111111111111111111111111111113444455
1111111111111111111111111111111111111111111111111111111111111111111111111111111111111111112344445555
1111111111111111111111111111111111111111111111111111111111111111111111111111111111112233344444455555
1111111111111111111111111111111111111111111111111111111111111111111111123334444444444444444445555555
1111111111111111111111111111111111111111111111111111111111111111111234444444444444444444444455555555
1111111111111111111111111111111111111111111111111111111111111111123444444444444444444444444555555555
1111111111233333322222223333321111111111111111111111111111111111334444444444444444444444445555555555
1111124455555555555555555554444421111111111111111111111111111111234444444444444444444444444555555555
1124555555555555555555555555554443111111111111111111111111111111113344444444444444444444444445555555
4455555555555555555555555555555444111111111111111111111111111111111112334444444444444444444444455555

1111111111111111111111111111111111111122233444444444445555555555444444444444433334444444444444455555
1111111111111111111112233444444444444444444444445555555555555555555554444444444444444444444555555555
1111111111111111223444444444444444444444444455555555555555555555555555544444444444444444555555555555
1112233444333344444444444444444444444445555555555555555555555555555555544444444444444445555555555555
1234444444444444444444444455555555555555555555555555555555555555555555444444444444444444555555555555
2344444444444444444444444444444444444444555555555555555555555555555444444444444444444444444555555555
2344444444444444444444444444444444444444444444445555555555555544444444444333222223334444444444455555
1233444444443333334444444444444444444444444444444444444444444444444322111111111111111112334444444444
1111222222111111111112222222222222222222222222223333333333322211111111111111111111111111111111223344
1111111111111111111111111111111111111111111111111111111111111111111111111111111111111111111111111111

5555555555555555555555555555555555555555555555555555555555555444444444444444444444444444444444444444
5555555555555555555555555555555555555555555555555555555544444444432222222222223333444444444444444444
5555555555555555555555555555555555555555555555544444444444444432222222222222222222233444444444444444
5555555555555555555555555555555555555555555544444444444444432222211111111112222222222234444444444444
5555555555555555555555555555555555555555444444433333333332222221111111111111122222222223444444444444
5555555555555555555555555555555555554444444443222222222222222221111111111111112222222223344444444444
5555555555555555555555555555554444444444444322222222222222222221111111111111112222222222344444444444
4555555555555555555555555444444444444444443222222222222222222222111111111111222222222223344444444444
4444555555555555555555444444444444444444443322222222223333222222222111111222222222222223444444444444
4444445555555555445444444444444444444444444332222233344444433222222222222222222222222233444444444445

1111111111111111111111111111111111111111111111111111111113344444445555555555555555555555555555554111
1111111111111111111111111111111111111111111111111111123444444455555555555555555555555555555555555541
1111111111111111111111111111111111111111111111111234444444455555555555555555555555555555555555555555
1111111111111111111111111111111111111111111233444444444555555555555555555555555555555555555555555555
1111111111111111111123333344444443334444444444444445555555555555555555555555555555555555555555555555
1111111111111123344444444444444444444444444444455555555555555555555555555555555555555555555555555555
1111111123334444444444444444444444444444445555555555555555555555555555555555555555555555555555555555
3444444444444444444555555555555555555555555555555555555555555555555555555555555555555555555555555555
4444444444444445555555555555555555555555555555555555555555555555555555555555555555555555555555555555
5555555555555555555555555555555555555555555555555555555555555555555555555555555555555555555555555555

5555555555554111111111111111111111111111111111124444444422111111111111611111111111111111111111111222
5555555555555441111111111111111111111111111111444444444444421111111111111111116611111111111111111222
5555555555555554311111111111111111111111111124445555555544444321111111111111111111111111111111122222
5555555555555555543111111111111111111111111344555555555555444444322222111111111111111111111112222222
5555555555555555555441111111111111111111113445555555555555544444444443322111111111111111111222222222
5555555555555555555554431111111111111111244455555555555555555444444444443222111111111112222233333322
5555555555555555555555544442111111111124444555555555555555555554444444444433222222222222333344443332
5555555555555555555555555544444433334444445555555555555555555555544444444444443333333444444444444432
5555555555555555555555555555554444444444555555555555555555555555555544444444444444444444444444444433
5555555555555555555555555555555555555555555555555555555555555555555555544444444444444444444444444443

1111111111111111111111111111111111111111124444444444444433222234444444442111111111111111111244555555
1111111111111111111111111111111111111124444444444444443211111111123444431111111111111111114455555555
1111111111111111111111111111111111124444444444444444442111111111112344421111111111111111144555555555
4444444443111111111111111111111134444444444444444444443111111111112344431111111111111111445555555555
5555555555554444441111111112444444444444444444444444444311111111123444443111111111111114455555555555
5555555555555555544444444444444444455555555544444444444432111112344444444211111111111144555555555555
5555555555555555555555555555555555555555555555444444444444444444444444444421111111111344555555555555
5555555555555555555555555555555555555555555555554444444444444444444444444443111111114445555555555555
5555555555555555555555555555555555555555555555555544444444444444444444444444421111244455555555555555
5555555555555555555555555555555555555555555555555555544444444444444454444444444444445555555555555555

1111111111111111111111111111111111111116111111111111111111111111111111111111111111111111111111111111
1111111111111111111111111111111111111111111111111111111111111111111111111111111111111111111111111111
1111111111111111111111111111111111111111111111111111111111111111111111111111111111111111111111111111
1111111111111111111111111111111111111111111111111111111111111111111111111111111111111111111111111111
1111111111116111111111112211111111111111111111161111111111111111111111111111111611111111111111111111
1111111111111111112234444444322211111111111111111111111111111111111111111111111111344444444444444432
1111111111111112344444444444444443222111111111111111116111111111111111111111244444445555555555555555
1111111111111244444444444444444444444432221111111111111111111111111111113444444555555555555555555555
1111111111144444444444444444444444444444444443221111111111111111111244444445555555555555555555555555
1111111114444444555555555555544444444444444444444444433222222344444444455555555555555555555555555555

5555555555555555555555411111111111111111111111111111111111111111111111111111111111111111111111111111
5555555555555555555555411111111111111111111111111111111111111111111111111111111111111111111111111111
5555555555555555555554411111111111111111111111111111111111111111111111111111111111111111111111111111
5555555555555555555554411111111111111111111111111111111111111111111111111111111111111111111111111111
5555555555555555555554411111111111111111111111111111111111134444443111111161112344443321111111111111
5555555555555555555544421111111111111111111111111111111124455555555444321123444455555444443111111111
5544334444555555555544431111111111111111111111111111112445555555555544444444445555555555544443211111
3111111124444555555444432111111111111111111111111111244455555555555554444444455555555555554444432111
1111111111344444554444443211111116111111111111111123444555555555555544444444445555555555555444443211
1111111111124444444444444433211111111111111111112344444555555555555444432234444555555555555444443221

1111111111111111111111111122223333333333333222222233333333333322222211111111111111111111111111111111
1111111111111111111111111112222333333333333333333333333344443333333322221111111111161111111111111111
1111111111111111111111111112222233333333322222233333334444444444433333322221111111111111111111111111
1111111111111111111111111111222222222222222222222233333444444444444333332222111111111111111116111111
1111111111111111111111111111122222222222222222222222233333334444333333322221111111111111111111611111
1111111111111111111111111111111112111111111111111112222222333333333222222111111111111111111111111111
1111111111111111111111111111111111111111111111111111111111122222222211111111111111111111111111111161
1111111111111111111111111111111111111111111111111111111111111111111111111111111111111111111111111111
1111111111111111111111111111111111111111611111111111111111111111111111111111111111111111111111111111
1111111111111111111111111111111111111111111111111111111111111111111111111111111111111111111111111111

1111111111111111111111111111111111111111111111111111111111111111111111111111111111111111111111111111
3444444444441111111111111111111111111111111111111111111111111111111111111111111111111111111111111111
4555555554444441111111111111111111111111111112222222221111111111111111234444444444321111111111111111
5555555555554444411111111111111111111123444444444444444444444443344444444444444444444432111111111111
5555555555555544444111111111111111244444444444444444444444444444444444444444444444444444443111111111
5555555555555554444441111111111234444444444444444444444444444444444444444444444444444444444443111111
5555555555555555444444422112234444444444444444444444444444444444444444444444444444444444444444432111
5555555555555555544444444433444444444444444444444444444444444444444444444444444444444444444444444321
5555555555555555554444444444444444444444444444444444444444444444433334444444444444444444444444444432
5555555555555555555444444444444444444444444444444444444443221111111111111112222333333333333444444332

1111111111111111111111111111111111111111111111111111111111111111111111111111111111111111244445555555
1111111111111111111111111111111111111111111111111111111111111111111111111111111111111111134444555555
4222111111111111111111111111111111111111111111111111111111111111111111111111111111111111112444455555
4444444444444444432221111111111111111111111112223444322211111111111111111111111111111111111123444455
5444444444444444444444432211111111111111112234444444444221111111111111111111111111111111111111113444
5554444444444444444444444322111111111112223444444444443211111111111111111111111111111111111111111111
5555544444444444444444444322111111111112222344444444322111111111111111111111111111111111111111111111
5555444444444444444444443221111111111111112222222221111111111111111111111111111111111111111111111111
5544444444444444444432211111111111111111111111111111111111111111111111111111111111111111111111111111
4444444444432222111111111111111111111111111111111111111111111111111111111111111111111111111111111111

1111111111111111111111111111111111223344444443332221111111111111111122233444444555555555555555555555
1111111111111111111111111111111112333444444444333221111111111111111111222344444455555555555555555555
1111111111111111111111111111111122333444444444333221111111111111111111111233444444555555555555555555
1111111111111222211111111111111122233344444443332211111111111111111111111112344444445555555555555555
1111111111123443321111111111111111222333333333221111111111111111111111111111112344444445555555555555
1111111111344443221111111111111111111122222221111111111111111111111111111111111112334444444555555555
1111111124444443211111111111111111111111111111111111111111111111111111111111111111111112234444555555
1111111344444431111111111111111111111111111111111111111111111111111111111111111111111111111112444555
1111124444444321111111111111111111111111111111111111111111111111111111111111111111111111111111113445
1111244444444211111111111111111111111111111111111111111111111111111111111111111111111111111111111124

1111111122234444444444444444555555555555555555555555555555555555555555555555555555555555555555555555
1111111111111111111111112224444444555555555554444442222244445555555555555555555555555555555555555555
1111111111111111111111111111122344444444444444322111111111124445555555555555555555555555555555555555
1111111111111111111111111111111122222222222222111111111111111234455555555555555555555555555555555555
1111111111111111111111111111111111111222222111111111111111111112344455555555555555555555555555555555
1111111111111111111111111111111111111111111111111111111111111111124444555555555555555555555555555555
1111111111111111111111111111111111111112222221111111111111111111112344445555555555555555555555555555
1111111111111111111111111111112222222222233332221111111111111111122344444555555555555555555555555555
1111111112222332222222222223444444444444444444444221111111111112234444445555555555555555555555555555
1111122444444444444444444444444455555555555555544444432222223444444445555555555555555555555555555555

5555555555555555555555555555555555555555555555555555555555555555444444444444444555555555555555555555
5555555555555555555555555555555555555555555555555555555555544444421111111111344444455555555555555555
5555555555555555555555555555555544455555555555555555544444443111111111111111111244444555555555555555
5555555555555555555555555554444433444444444444444444444421111111111111111111111111444444555555555555
5555555555555555555555554444111111111111111122211111111111111111111111111111111111124444445555555555
5555555555555555555554444411111111111111111111111111111111161111111111111111111111111444444444555555
5555555555555555444444441111611111111111161111111111111611111111111111111111111111111134444444444555
5444444444444444444441111111111111111111111111111111111111111111111111111111111111111112444444444444
4431111111111111111111111111111111111111111111111111111111111111111111111111111611111111134444444444
1111111111111111111111116111111111111111111111111111111611111611111111111111116111111111112344444444

5555555555555544444321111111111111111111111111111223344444444444444445555555555555555555555555555555
5555555555555554444444432222111111111111111111111122222233333333344444445555555555555555555555555555
5555555555555554444444444444444444444433333222111111111111111111111111244455555555555555555555555555
5555555555555554444444444444444444444444443322111111111111111111111111111344555555555555555555555555
5555555555555544444444444444444444444444433211111111111111111111111111111114445555555555555555555555
5555555555555444444444444444444444444444322111111111111111111111111111111111244555555555555555555555
5555555555544444444444444444444444444332111111111111111111111111111111111111113444555555555544444443
5555555555444443221111112222233332222111111111111111111111111111111111111111111124444444443111111111
5555555544443211111111111111111111111111111111111111111111111111111111111111111111111111111111111111
5555554444211111111111111111111111111111111111111111111111111111111111111111111111111111111111111111

4444433221122334444444444444444444444444444444444444444444444444444444433333444444445555555555555555
4444322111111234444444444444444444444444444444444444444444444444444433211111123344444445555555555555
4432111111111123444444444444444444444444444444444444444444444444443211111111111123444444444555555555
2111111111111112344444444444444444444444444444444444444444444443321111111111111111234444444444444555
1111111111111111234444444444444444444444444433333222233333332221111111111111111111112334444444444444
1111111111111111113444444444444444444444333221111111111111111111111111111111111111111112222111111111
1111111111111111111234444444444444433322111111111111111111111111111111111111111111111111111111111111
1111111111111111111111233444444332111111111111111111111111111111111111111111111111111111111111111111
1111111111111111111111111111111111111111111111111111111111111111111111111111111111111111111111111111
1111111111111111111111111111111111111111111111111111111111111111111111111111111111111111111111111111

1111111111111111111111111111116111116111111111111111111111111111111111111111111111111111111111111111
1111111111111111111111111111111111111111111111111111111111111111111111111111111111111111111111111111
1111111111111111111111111111111111111111111111111111111611111111111111111111111111111111111111111111
1111111111111111111111111111112222222211111111111111111111111111111111111111111111111111111111111111
1111111111111111111111111122222333332222211111111111111111111222233222211111111111111111111111111111
1111112221111111111111122222333344433322222211111111111111222344444444444444444444322111111111111111
1111222222211111111112222233344444443332222221111111111112234444444444444444444455554443111111111111
1112233322222111111122222333444444443322222111111111111122334444444444445555555555555555441611111111
1122333333222221111222222333344443333222211111111111111112234444444455555555555555555555554411111111
1223333333222222111222222233333333322221111111111111111112234444444455555555555555555555555542111111

1111111111111111111111111111111111111111111122222222222222222222222222222222222333444555555555555555
1111111111111111111111111111111111111222222222222222222222222222222222222222222333444455555555555555
1111111111111111111111111111111112222222333333333333333333332222222222222222222233444455555555555555
1111111111111111111111111111112222233333344444444444444433333333222222222222222233344445555555555555
1111111111111111111111111111222233334444444444444444444444443333333222222222222233344445555555555555
1111111111111111111111111222223334444444444444444444444444444433333322222222222233344445555555555555
1111111111111111111111122223333444444444444444444444444444444444333332222222222233334444555555555555
1111111111111111111112222333444444444445555555555555544444444444433333222222222223334444555555555555
1111111111111111111122233344444444445555555555555555555444444444433333222222222223334444455555555555
1111111111111111112222333444444444555555555555555555555544444444443333322222222222333444445555555555

1111111111222233444444444444444444444444444333222222222222111111111111111111111111111111111111111111
1111111122223444444444444444444444444444444443333333333222222111111111111111111111111111111111111111
1111112222344444444444444444444444444444444444333333333332222222111111111111111111111111111111111122
2222222334444444444444444444444444444444444444333333444333322222222111111111111111111111111222344455
3333334444444444444444444444444444444444444444333333444433333222222222211111111111122222344445555555
4444444444444444444444444444444444444444444443333333333333333332222222222222222222334444555555555555
5554444444444444444444444444444444444444444433322223333333333333332222222222233444444555555555555555
5555555444444444444444444444444444444444433322222222222233333333333333333334444444555555555555555555
5555555554444444444444444444333333333333322222222222222222222222333333334444444455555555555555555555
5555555555544444444443333322222222222222222222222222222222222222223333344444445555555555555555555555

5555555555555555555555555555555555555555555555555555555555555555555555555555555555555555555555555555
4444555555555555555555555555555555555555555555555555555555555555555555555555555555555555555555555555
2444444444555555555555555555555555555555555555555555555555555555555555555555555555555555555555555555
1112444444444444444444455555555555554444444455555555555555555555555555555555555555555555555555555555
1111111234444444444444444444444444444444444444444444444444455555555555555555555555555555555555555555
1111111111112233444444444444444444332111111111111111111223444444444444444455555555555555555555555555
1111111111111111111122222222221111111111111111111111111111111111111112334444444444444444555555555555
1111111111111111111111111111111111111111111111111111111111111111111111111111111233444444444445555555
1111111111111111111111111111111111111111161111111111111111111111111111111111111111111111111134445555
1111111111111111111111111111111111111111111111111111111111111111111111111111111111111111111111144455

5542111111111111111111111111111111111111111111111111114555555555555555554421111111111111111134455555
4111111111111111111111111111111111111111111111111111111455555555555554311111111111111111111111111445
1111111111111111111111111111111111111111111111111111111144555555554311111111111111111111111111111111
1111111111111111111111111111111111111111111111111111111111344444211111111111111111111111111111111111
1111111111111111111111111111111111111111111111111111111111111111111111111111111111111111111111111111
1111111111111111111111111111111111111111111111111111111111111111111111111111111111111111111111111111
1111111111111111111111111111111111111111111111111111111111111111111111111111111111111111111111111111
1111111111111111111111111111111111111111111111111111111111111111111111111111111111111111111111111111
1111111111111111111111111111111111111111111111111111111111111111111111111111111111111111111111111111
1111111111111111111111111111111111111111111111111111111111111111111111111111111111111111111111111111

1111111111111111111111111111111111111111111111111111111111111111111111111111111111344555555555555555
1111111111111111111111111111111111111244444444431111111111111111111111111111111244555555555555555555
1111111111111111111111111111111124445555555555555555444311111111111111111111144455555555555555555555
1111111111111111111111111111134445555555555555555555555555444421111111111344455555555555555555555555
1111111111111111111111111114444555555555555555555555555555555554444444444455555555555555555555555555
1111111111111111111111112444455555555555555555555555555555555555555555555555555555555555555555555555
1111111124444444443323344444555555555555555555555555555555555555555555555555555555555555555555555555
1111112444444444444444444445555555555555555555555555555555555555555555555555555555555555555555555555
1111144455555554444444444445555555555555555555555555555555555555555555555555555555555555555555555555
1111444555555555444444444445555555555555555555555555555555555555555555555555555555555555555555555555

1111111111111111111223444444444444455544444444444444444444444433333222222222222222211111111111111111
1111111111111111111223444444444444444444444444444444444444444433333222222222222222222222211111111111
1111111111111111112233444444444444444444444444444444444444444333333222222222222223333322222222111111
1111111111111111122233444444444444444444444444444444444444433333322222222222222223333333333333222211
1111111111111111222333444444444444444444444444444443333333333332222222222222222222333333344444333332
1111111111111112233344444444444444444444444333333333333333322222222111111111122222223333444444444444
1111111111111122334444444444444444444333333322222222222222222221111111111111111112222333344444444444
1111111161111233444444444444443333333332222222222222221111111111111111111111111111112223344444444444
1111111111112334444444444444333333322222221111111111111111111111111111111111111111111222334444444444
1111111111223444444444444444333322222211111111111111111111111111111111111111111111111112233444444444

2111111111111111111111111111112222233333222211111111111111111111111112334444444555555555555555555555
3221111111111111111111111111122223333333333222111111111111111111111123344444444455555555555555555555
4332111111111111111111111111122233333333333332222111111111111111111233344444444455555555555555555555
4433222111111111111111111111222233334444444333332222211111111111222333444444444445555555555555555555
4444333222211111111111111112222333344444444444333333222222222222233334444444444455555555555555555555
5444443333222222222222222222222333444444444444444433333333333333333444444444444455555555555555555555
5544444433333332222222222222223333444444444444444444444333333334444444444445555555555555555555555555
5555444444433333333322222222233334444444444444444444444444444444444444445555555555555555555555555555
5555544444444433333333333223333344444444444444444444444444444444444444555555555555555555555555555555
5555555444444444443333333333333444444445555555555554444444444444444555555555555555555555555555555555

1111111111111111111111111111111111111111111111111111111111111112444555555555555555555555555555555555
1111111111111111111111111111111111111111111111111111111111111111244444455555555555555555555555555555
1111111111111111111111111111111111111111111111111111111111111111111222223444455555555555555555555555
1111111111111111111111111111111111111111111111111111111111111111111111111111114455555555555555555555
1111111111111111111111111111111111111111111111111111111111111111111111111111111113455555555555555555
1111111111111111111111111111111111111111111111111111111111111111111111111111111111114455555555555555
1111111111111111111111111111111111111111111111111111111111111111111111111111111111111114555555555555
1111111111111111111111111111111111111111124444443211111111111111111111111111111111111111145555555555
1111111111111111111111111111111111111445555555555444444432111111111111111111111111111111111455555555
1111111111111111111111111111111114455555555555555555554444421111111111111111111111111111111114555555

1111111111111111111111111111111111111111112233333322111111111111111111611111111161111111111111111111
1111111111111124444444444444444444444444444444444444444443211111111111111111111111111113444443211111
1111111111134444444444444444444444444444444444444444444444444321111111111111111111124444444444444411
1111111114444455555555555444444444444444444444444444444444444444432211111111111234444444444444444444
1111111344455555555555555555544444444445555555555444444444444444444443333333344444444445555555555444
1111114444555555555555555555554444444445555555555444444444444444444444444444444444444555555555555554
1111144445555555555555555555444444444444444444444444444444444444444444444444444444445555555555555555
1111344445555555555555554444444444444444444444444444444444444444444444444444444444445555555555555555
1111444445555555555554444444444444444444444444444444444443322111111112233444444444445555555555555555
1111444444445554444444444444322211112222333333333222111111111111111111111234444444445555555555555555

1111111111111111111111111111111124444444455555555555555555555555555555555555555554444444444444444445
1111111111111111111111111111111111344444444444444444444444444444444444444444444444444444443222344444
1111111111111111111111111111111111124444444444444444444444444444444444444444444444444444321111112344
1111111111111111111111111111111111123444444444444444444444444444444444444444444444444443211111111112
1111111111111111111111111111111111123444444444444444444444444444444444444444444444444444211111111111
1111111111111111111111111111111111224444444444444444444444444444444444444444444444444444422111111111
1111111111111111111111111111111112444444444444444444444444444444444444444444444444444444444322211111
1111111111111111111111111111112344444444444444444444444444444444444444444444444444444444444444443222
1111111111111111111111111111344444444444444444444444444444444444444444444444444444444444444444444444
1111111111111111111111111244444444455555555555555555555555555545555555555555555555555555554444444444

1111111111111111111111111111111111111111111111111111111111111111111111111111111111112344444445555555
1111111111111111111111111111111111111111111111111111111111111111111111111111111111123344444444555555
1111111111111111111111111111111111111111111111122223333333222222111111111111111112233444444444445555
1111111111111111111111111111111111111111122334444444444444444444333322222222222223333344444444444455
1111111111111111111111111111111112222223344444444444444444444444444333332222222223333332222234444444
1111111111111111111111112334444444333334444444444444444444444444444333322222222222222111111111112344
1111111111111111111124444444444444433333344444444444444444444333332222211111111111111111111111111111
1111111111111111124444444444444444322222222223333333222222211111111111111111111111111111111111111111
1111111111111113444444444444444432111111111111111111111111111111111111111111111111111111111111111111
1111111111111244444444444444432111111111111111111111111111111111111111111111111111111111111111111111

5555555555555555555555555555555555555555555555555555555555555555555555555555555555555555555555555541
5555555555555555555555555555555555555555555555555555555555555555555555555555555555555555555555555541
5555555555555555555555555555555555555555555555555555555555555555555555555555555555555555555555555543
5555555555555555555555555555555555555555555555555555555555555555555555555555555555555555555555555554
5555555555555555555555555555555555555555555555555555555555555555555555555555555555555555555555555554
4444445555555555555554444555555555555555555555555555555555555555555555555555555555555555555555555555
2222234444444444444444444445555555555555555555555555555555555555555555555555555555555555555555555555
1111111112344444444443344444455555555555555555555555555555544444444444444444455555555555555555555555
1111111111111222222222223344445555555555555555555555554442111111111111111111123444455555555555555555
1111111111111111111111112234444555555555555555555554431111111111111111111111111112344455555555555555

5555555555421111111111111111111111111223344444444444444444444444444444455555555555555555555555555555
5555555542111111111111111111111111111112233334444443334444444444444444444445555555555555555555555555
5555554211111111111111111111111111111111222233333333333333333444444444444444444555555555555555555555
5555411111111111111111111111111111111111112222222222222222333333333333333344444444455555555555555555
5541111111111111111111111111111111111111111112222222222222222222222222223333334444444444555555555555
4211111111111111111111111111111111111111111111111111112222222222222222222222233333344444444444445555
1111111111111111111111111111111111111111111111111111111112222222222222222222222222222333333333444444
1111111111111111111111111111111111111111111111111111111111222222222222222222222211111111111122222222
1111111111111111111111111111111111111111111111111111111111122222222222222211111111111111111111111111
1111111111111111111111111111111111111111111111111111111111112222222222222111111111111111111111111111

1111111111111111111111111111111111111111111111111111111111111111111111111111111111111111111111111111
2222222222222211111111111111111111111111111111111111111111111111111111111111111111111111111111111111
2233344444443322221111111111111111111111111111111111122222221111111111111111111111111111111111111111
3344444444444443222211111111111111111111111111122223334444333222111111111111111111111111111111111111
3444444444444444322211111111111111111111111122223344444444443322111111111111111111111111111111111111
3444444444444443322211111111111111111111111122223344444444433221111111111111111111111111111111111111
3334444444444432221111111111111111111111111111222223333332222111111111111111111111111111111111111111
2222333444332222111111111111111111111111111111111111111111111111111111111111111111111111111111111111
1112222222221111111111111111111111111111111111111111111111111111111111111111111111111111111111111111
1111111111111111111111111111111111111111111111111111111111111111111111111111111111111111111111111111

3333333333333333322222211111111111111111111111111111111111111111111111111111111111111111111111111111
4444444444444444443333332222222211111111111111111222222222211111111111111111111111111111111111111111
4444444444444444444444444333333332222222222222333333444444333322222111111222223333444443332211111111
4444444444444444444444444444444443333333333334444444444444444444433333333444444444444444444444432111
4444444444444444444444444444444444444444444444444444444444444444444444444444444455555555555555544444
4444444444444444444444444444444444444444444444444444444444444444444444444444555555555555555555555555
4444444444444444444444444444444444444444444444444444444444444444444444444555555555555555555555555555
5444444444444444444444444444444444444444444444444444444444444444444444455555555555555555555555555555
5444444444444444444444444444444444444444444444444444444444444444444445555555555555555555555555555555
4444444444444444444444444444444444444444444444444444444444444444444455555555555555555555555555555555

5555555555555555555555555555555555555555544444444444444444444444455555555555555555555555544444444321
5555555555555555555555555555555555544444444444444443333333344444444444444444444444444444444443211111
5555555555555555555555555555444444444443321111111111111111111111234444444444444444444444443211111111
5555554444444444444444444444444444433211111111111111111111111111111233444444444444444443321111111111
5444421111111111111112222222221111111111111111111111111111111111111112333444444444443332111111111111
4211111111111111111111111111111111111111111111111111111111111111111122334444444444443332111111111111
1111111111111111111111111111111111111222222211111111111111111111123344444444444444444443321111111111
1111111111111111111111111111111111233444444444444444333333333444444444444444444444444444443211111111
1111111111111111111111111111111124444444444444444444444444444444444444444444444444444444444442111111
1111111111111111111111111111124444444445555555555555555555555555555555555555555555555554444444442111

1111111111111116111112222222222111111111111111111111111111111112233344455555555543111111111111111111
1111111111111111111122222222222111111111111111111111111111111111223344445555555543211111111111111111
1111111111111111111222233322221111111111111111111111111111111111122334445555555544211111111111111111
1111111111111111112223333332222111111111111111111111111111111111122334444555555544311111111111111111
1111111111111111222333333333222111111111111111111111111111111111122334444555555544321111111111111111
1111111111111122233333333333322211111111111111111111111111111111223334444555555544321111111111111111
1111111111112223333334444333332221111111111111111111111111222222233344444555555544431111111111111111
1111111112223333334444444443333222211111111111111111222222222333333444445555555554432111111111111111
2222222223333344444444444444433332222221111112222222223333333333444444455555555554432111111111111111
3333333333444444444444444444444333333222222222233333333344444444444445555555555555443211111111111111

1111145555555555555555555555555555555555555555555554311111111111111111111111111111111111111111111111
1111111555555555555555555555555555555555555555555555411111111111111111111111111111111111111111111111
1111111155555555555555555555555555555555555555555555441111111111111111111111111111111111111111111114
1111111114555555555555555555555555555555555555555555441111111111111111111111111111111111111111111114
1111111111155555555555555555555555555555555555555555541111111111111111111111111111111111111111111134
1111111111114555555555555555555555555555555555555555441111111111111111111111111111111111111111111144
1111111111111145555555555555555555555555555555555555441111111111111111111111111111111111111111111144
1111111111111111455555555555555555555555555555555554411111111111111111111111111111111111111111111144
1111111111111111113555555555555555555555555555555443111111111111111111111111111111111111111111111124
1111111111111111111114555555555555555555555555544311111111111111111111111111111111111111111111111113

4444433111111111111111113334444444444445555555555555555555555555554444444444444444444444444444333111
5444444332111111112333444444444444445555555555555555555555555555555544444444444444444444444444444433
5444444443333333333444444444444444555555555555555555555555555555555544444444444444444444444444444444
5544444443333333334444444444444445555555555555555555555555555555555444444444444444444444444444444444
5444444433332223333344444444444444555555555555555555555555555555444444444444444444444444444444444444
5444443321111111111233344444444444444555555555555555555555555444444444444444334444444444444444444444
4444331111111111111111111333444444444444445555555555555444444444444433211111111111123334444444444444
4432111111111111111111111111111333444444444444444444444444444433111111111111111111111111111233333333
3111111111111111111111111611111111111112333444444444433321111111111111111111111111111111111111111111
1111111111111111111111111111111111161111111111111111111111111111111111111111111111111111111111111111

1111111112344431111111111111111111111111111111111111355555555555555555555444432221111111111111111111
1111112445555555421111111111111111111111111111111111255555555555555555555444444333333332222111111111
1111344555555555554111111111111111111111111111111111255555555555555555544444444444444444444444321111
1134455555555555555421111111111111111111111111111111145555555555555555444434444444444555555555444421
3445555555555555555553111111111111111111111111111111134555555555555544433223344444555555555555555544
4555555555555555555555411111111111111111111111111111113455555555544432211112344445555555555555555555
5555555555555555555555543111111111111111111111111111111234444444432111111111234445555555555555555555
5555555555555555555555554421111111111111111111111111111111111111111111116111134445555555555555555555
5555555555555555555555555544111111111111111111111111111111111111111111111111123445555555555555555555
5555555555555555555555555554431111111111111111111111111111111111111111111111113445555555555555555555

1111111111111111111111111111344442111111111111111111111111111111111111111111111111111161111111111111
1111111111111111111111111445555555544311111111111111111111111111111111111611111111111111111111111111
1111111111111111111111145555555555555544311111161111111111111111111111111111111111111111111111111233
1111111111111111111114555555555555555555444311111111111111111111111111111111111111111111111122233444
1111111111111111111345555555555555555555544444332233332111111111111111111111222333333333333333444444
1111111111111111114455555555555555555555554444444333333311111111111111111122333333333333444444444444
4444311111111111345555555555555555555555555444444333333211111111111111111112233333444444444444444444
5555544311111114455555555555555555555555554444433222111111111111111111111111123333344444444444444444
5555555444333444555555555555555555555555554443211111111111111111111111111111111223333444444444444444
5555555554444445555555555555555555555555544431111111111111111111111111111111111111233344444444444445

1111111114444455555555555555555555555555555555555555555555555555555555555555555555555555555555555555
1111111611134444444455555555555555555555555555554443111344455555555555555555555555555555555555555555
1111111111111111233444444444555555555555555555442111111611144455555555555555555555555555555555555555
1111111111111111111111111234444455555555555544311111111111111244455555555555555555555555555555555555
1111111111111111111111111111113444445555544431161111111111111111344455555555555555555555555555555555
1111111111111111111111111111111123444444444211111111111111111111111344445555555555555555555555555555
1111111111111111111111111111116111123444321111111111111111111111111111134444555555555555555555555555
1111111111111111111111111111111161111111111111111111111111111111111111611111344445555555555555555555
1111111111111111111111111111111111611111116111111111111111111111111111111111111111344455555555555555
1111111111111111111111111111111111111111111111111111111111111111111111111111111111111113444555555555

5555555555443211123445555555555555555555555555555555554444444445555555555555555555555555555555555555
5555555441111111111111345555555555555555555555555444444433334444444444444445555555555555555555555555
5555543111111111111111111344555555555555555555444433221111111122223333444444444444455555555555555555
5554211111111111111111111111344445555555554444433211111111111111111111122223333344444444555555555555
5421111111111111111111111111111234444444444433221111111111111111111111111111111122233444444555555555
2111111111111111111111111111111111233333333322111111111111111111111111111111111111111223444445555555
1111111111111111111111111111111111112222222211111111111111111111111111111111111111111111234444555555
1111111111111111111111111111111111111112222111111111111111111111111111111111111111111111122344455555
1111111111111111111111111111111111111122222221111111111111111111111111111111111111111111112234445555
1111111111111111111111111111111111111222333332221111111111111111111111111111111111111111111234444555

5555444444555555555444444444444444444444444433311111111111111111111111111111111111111111611111111111
4444444444444444444444444444444444444444444444443321111111111111111111111111111111111111111111111111
2111111124444444444444444444444444444444444444444444333211111111111111111111111111111111111333433111
1111111111344444444444444444444444444444444444444444444433321111111111111111111111111111134444444443
1111111111144444444444444444444444444444444444444444444444443322111111111111111111111111344444444444
1111111111124444444444444444444444444444444444444444444444444433332211111111111111111112344444444444
1111111111114444444444444444444444444444444444444444444444444444333322211111111111111112344444444444
1111111111113444444444444444444444444444444444444444444444444444333222111111111111111111234444444444
1111111111111444444444444444444444444444444444444444444444444433332111111111111111111111113444444444
1111111111111344444444444444444444444444444444444444444444443332111111111111111111111111111234444444

4444444444433333344444444445554444321111111111111111111111111111112455555555555555555555555555555555
4444444433222222222233444444444444422111111111111111111111111111134555555555555555555555555555555555
4444444322222222222222234444444444442211111111111111111111111124455555555555555555555555555555555555
4444444322222211112222223444444444444432211111111222222234444555555555555555555555555555555555555555
4444444432222221111222223444445555555544444444555555555555555555555555555555555555555555555555555555
4444444443222222222222234444555555555555555555555555555555555555555555555555555555555555555555555555
5444444444432222222222344445555555555555555555555555555555555555555555555555555555555555555555555555
5555544444444333222334444455555555555555555555555555555555555555555555555555555555555555555555555555
5555555544444444444444445555555555555555555555555555555555555555555555555555555555555555555555555555
5555555555554444444445555555555555555555555555555555555555555555555555555555555555555555555555555555

1111444444445555555554444444444444444444444444444444444444433344444444555555555555544444444211111111
1111113444444444444444444444444444444444444444444444311111111111111344444444444444444111111111111111
1111111134444444444444444432111111111111222222211111111111111161111111134444444321111111111111111111
1111111111344444444444432111111111111111111111111111111111111111111111111111111111111111111111111111
1111111111134444444444321111111111111111111111111111111111111111111161111111111111111111111111111111
1111111111133444444444432111111111111111111111111111116111111111111111111111111111111111111111111111
1111111111244444444444444433221111111111111111111111111111111111111111111111111111111111111111111111
1111111113444444444444444444444444444444444444321111111111111111111111111111111111111111111111111111
1111111344444444444444444444444444444444444444444432111111111111111111111111111111111111111111111111
1111114444444445555555555555555555545454444444444444443111111111111111111111111111111111111111111111

5555444444444433222221111111111111111111111222234444444555555544443211111111111111111111112345555555
5555544444444443332222211111111111111111111111222233444444444444332111111111111111111111234555555555
5555554444444444333222222111111111111111111111111112222333333322111111111111111111111112445555555555
5555555444444444433322222211111111111111111111111111111111111111111111111111111111111124455555555555
5555555444444444443332222211111111111111161111111111611111111111111111111111111111111134555555555555
5555555444444444443332222211111111111111111111111111111111111111111111111111111111161134555555555555
5555554444444444443332222111111111111111111111111111111111111111111111111111111111111124555555555555
5554444444444444443332221111111161111111111111111111111111111111111111111111111111111113455555555555
4444444444444444433322211111111111111111111111111111111111111111111111111111111111111112455555555555
4444444444444443332222111111111111111111111111111111111111111111111111111111111111111111245555555555

1111111111111111111111111111111111111111111111111111111111111111111111111111111111111111111111111111
1111111111111111111111111111111111111111111111111111111111111111111111111111111111111111111111111111
1111111111111111111111111111111111111111111111111111111111111111111111111111111111111111111111111111
1111111111111111111111111111111111111111111111111111222222211111111111111111111111111111111111111111
1111111111111112233333222211111111111111111111111122222222222111111111111111111111111111111111111111
1111111111112344444444443322221111111111111111111222222222222111111111111111111111111111111111111111
1111111122344444444444444443222211111111111111111222222222222211111111111111111111111111111111122222
1112234444444444444444444444322211111111111111111222222222222211111111111111111111111111111222222233
2444444444444444444444444444322221111111111111111222222222222211111111111111111111111111122222333444
4555555544444444444444444443322211111111111111111122222222222221111111111111111111111111222333444444

5555555544421111111111111111111111111111111111111111111111111111111111111111111111111111111111111111
5555555554444211111111111111111111111111111111111111111111111111111111111111111111111111111111111111
5555555554444444322211111111122334444444444444444444411111111111111111111111111111111111111111111111
5555555554444444444444444444444444444555555555555554444411111111111111111111244444444444444444431111
5555555544444444444444444444444555555555555555555555544444211111111111234444444445555555555555544444
5555555444444444444444444444555555555555555555555555544444421111111123444444445555555555555555555554
5555544444444444444444444444455555555555555555555555544444211111111112444444445555555555555555555555
5555444421111111123444444444444445555555555555555544444311111111111111124444444555555555555555555555
5544421111111111111111112344444444444444444444444444211111111111111111111114444445555555555555555555
5441111111111111111111111111111111223444444443211111111111111111111111111111113444445555555555555555

5555555555555444444433222111111111111122233344444444444444444444443333222211111112222222222222222334
5555555555555555544444433222221111222233344444445555555554444444444443332222211222223333333333333344
5555555555555555555544444333222222233334444445555555555555555444444444433322222222233333333333334444
5555555555555555555554444443333333333444444455555555555555555544444444433322211122233333333333344444
5555555555555555555555444444433333334444444455555555555555555444444444433222111111222333333333334444
5555555555555555555555444444433333333444444445555555555555544444444443332211111111112222333333333344
5555555555555555555555444444433333333334444444445555444444444444443333221111111111111122222222233333
5555555555555555555554444443333222222233334444444444444444443333322222111111111111111111111122222222
5555555555555555554444444333222221111222222233333333333322222222111111116111111111111111111111111111
5555555555555544444444333222111111111111111111112221111111111111111611111111111111111111111111111111

1111111111111111111111111112444445555555555555555555555555555555555555555555555544211111111111111111
3444444444444432111111112344444455555555555555555555555555555555555555555555555544411111111111111111
4444444444444444444322344444444455555555555555555555555555555555555555555555555544431111111111111111
4555555555444444444444444444444555555555555555555555555555555555555555555555555544442111111111111111
5555555555544444444444444444444555555555555555555555555555555555555555555555555544444211111111111111
5555555555554444444444444444444445555555555555555555555555555555555555555555555544444432111111111111
5555555555544444444444444444444444444445555555555555555555555555555555555555555544444444321111111111
5555555554444444444444444444444444444444444555555555555555555555555555555555555444444444443211111111
5555555444444444322111112234444444444444444445555555555555555555555555555555554444444444444421111111
4444444444444211111111111111111111111111123444445555555555555555555555555555444444444444444442111111

1111111111113444444445555555555555555555544444444444444444332221111111111111111111111116111111111111
1111111111134444444444444444444444444444444444444444443322111111111111122233344444332111111111111111
1111111111344444444444444444444444444444443322111122221111111111112223334444444444444431111111122111
1111111111344444444333333333344444443322111111111111111111111111223344444444444444444444322344444444
1111111112344433211111111111111111111111111111111111111111112223344444444444444444444444444444555555
1111111111222211111111111111111111111111111111111111112222333444444444444444455555555544444555555555
1111111111111111111111111111111111111111111111111112233444444444444444444555555555555555555555555555
1111111111111111111111111111111111111111111111111234444444444444444445555555555555555555555555555555
1111111111111116111111111111116111111111111111123444444444444444455555555555555555555555555555555555
1111111111111611111111111111111111111111111112344444444444445555555555555555555555555555555555555555

1111111111445555555555555555555555555555555555555555555555555555555555555555555555555444444443111111
1111111111111124555555555555555555555555555555555555555555555555555555555555555555544444444431111111
1111111111111111114455555555555555555555555555555555555554444444555555555555555444444444443211111111
1111111111111111111114455555555555555555555555555555444444444444444444444444444444444444321111111111
1111111111111111111111114455555555555555555555555444444433333444444444444444444444444432111111111111
1111111111111111111111111124455555555555555555444443111111111111123344444444444444433211111111111111
1111111111111111111111111111144455555555555444443111111111111111111111122333333322111111111111111111
1111111111111111111111111111111144444444444443111111111111111111111111111111111111111111111111111111
1111111111111111111111111111111111113344321111111111111111111111111111111111111111111111111111111111
1111111111111111111111111111111111111111111111111111111111111111111111111111111111111111111111111111

4445555555555555555555555555555555554444444444443333333322223333334444445555555555555555555555555555
4444555555555555555555555555555554444444333333333222222111111222233344444445555555555555555555555555
4444555555555555555555555555544444443333322222222211111111111111222333444444444444444444444445555555
4555555555555544444444444444444443333222222211111111111111111111112233334444444444444444444444555555
5555555555554444444444444444444433322221111111111111111111111111112223333444444444444444444444455555
5555555555554444444444444444443333222211111111111111111111111111112223333444444444444444444444445555
5555555555555444444444444444443333222221111111111111111111111111112223333444444444444444444444445555
5555555555555554444444444444443333332222222222111111111111111111222233334444444444444444444444455555
5555555555555555554444444444444433333333222222222222222221122222233333444444444444444444444444455555
5555555555555555555555544444444444443333333333333333333333333333333444444444444444444444444444555555

1111111111111111111111111111111111111111111111111111111111111111111111111111111111111111111111111111
1111111111111111111111111111111111111111111111111111111111111111111111111111111111111111111111111111
1111111111111111111111111111111111111111111111111111111111111111111111111111111111111111111111111111
1111111111111111111111111111111111111111111111111111111111111111111111111111111111111111111111111111
1111111111111111111111111111111111111111111111111111111111111111111111111111111111111111111111111111
1111111111111111111111111111111111111111111111111111111111111111111111111111111111111111111111111111
1111111111111111111111111111111111111111111111111111111134444444211111111111111111111111111111111111
1111111111112344443211111111111111111111111111111134444444444444444411111111111111111111111111111111
1111111113444444444442111111111111111111111113444444445555555555555444411111111111111111111111111111
1111113444444444444444321111111111111112344444444555555555555555555555444411111111111111111111111111

1111111111111111111111111111111111111111111111111111111111111111111111111111111111111111111111114555
1161111111111111111111111111111111111111111111111111111111111111111111111111111111111111111111114555
1111111111111111111111111111111111111111111111111111111111111111111111111111111111111111111111114555
1111111111111111111111122233333333334444444332111111111111111111111111111111111111111111111111113455
1111111111122233333444444444444444444444444444444432111111111111111111111111111111111111111111111455
1111122223333444444444444444444444445555555555555444443111111111111111111111111111111111111111111345
1111112223334444444444444444444444555555555555555555444443211111111111111111111111111111111111111144
1111111112233334444444444444444444445555555555555555554444432111111111111111111111111111111111111113
1111111111111122233333344444444444444455555555555555555444444311111111111111111111111111111111111111
1111111111111111111111111111122334444444455555555555544444443311111111111111111111111111111111111111

5555555555555555555555555555555555555555555555555555555555555555555555555555555555555555555555555555
5555555555555555555555555555555555555555555555555555555555555555555555555555555555555555555555555555
5555555555555555555555555555555555555555555555555555555555555555555555555555555555555555555555555555
5555555555555555555555555555555555555555555555555555555555555555555555555555555555555555555555555555
5555555555555555555555555555555555555555555555555555555555555555555555555555555555555555555555555555
5555444444444455555555555555555555555555555555555555555555555555555555555555555555555555555555555555
4444444444444444555555555555555555555555555555555555555555555555555555544455555555555555555555555555
4433222222223444445555555555555555555555555555555555555555555555542111111111111114555555555555555555
1111111111111112344445555555555555555555555555555555555555555421111111111111111111111135555555555555
1111111111111111112344445555555555555555555555555555555555411111111111111111111111111111111455555554

5555555555555555555555555555555555555555555555555555555555555555555555555555555555555555555555555555
5555555555555555555555555555555555555555555555555555555555555555555555555555555555555555555555555555
5555555555555555555555555555555555555555555555555555555555555555555555555555555555555555555555555555
5555555555555555555555555555555555555555555555555555555555555555555555555555555555555555555555555555
5555555555555555555555555555555555555444444445555555555555555555555555555555555555555555555555555555
5555555555555555555555555555555555444444444444445555555555555555555555555555555555555555555555555555
5555555555555555555555555555555444444433222234444445555555555555555555555555555555555555555555555555
5555555555555555555555555555444444432211111111234444444455555554444444444455555555555555555555555555
5555555555555555555555555544444443211111111111111223444444444444444444444444555555555555555555555555
5555555555555555555555544444444221111111111111111111122334444433222222223444455555555555555555555555

2223333444444444332211111111111111111112233344444444444444444445555555555555555555541111111111111111
1111111233344443332111111111111111111233444444444444444444444555555555555555555544211111111111111111
1111111112233333322111111111111111223444444444455555555555555555555555555555554411111111111111111111
1111111111123333322111111111111123344444445555555555555555555555555555555555441111111111111111111111
1111111111112333322111111111122334444444555555555555555555555555555555555554111111111111111111111111
1111111111111233222111111122234444444555555555555555555555555555555555555431111111111111111111111111
1111111111111222222222222233444444455555555555555555555555555555555555554111111111111111111111111111
1111111111111112222222233344444444555555555555555555555555555555555555441111111111111111111111111111
1111111111111111222223334444444455555555555555555555555555555555555554311111111111111111111111111111
1111111111111111122233444444445555555555555555555555555555555555555541111111111111111111111111111111

1111111111111111111111111111111111111111111111111111111111111111111111111111111111111111111111111111
1111111111111111111111111111111111111111111111111111111111111111111111111111111111111111111111111111
1111111111114444421111111111111111111111111111111111111111111111111111111111111111111111111111111111
1111111112445555444421111111111111111111111111111111111111111111111111111111111111111111111111111111
1111111145555555555444411111111111111111111111111111111111111111111111111111111111111111111111111111
1111111455555555555555444311111111111111111111111111111111111111111111111111111111111111111111111111
1111114555555555555555555444311111111111111111111111111111111111111111111111111111111111111111111111
1111145555555555555555555555444211111111111111111111111111111111111111111111111111111111111111111111
1111455555555555555555555555555444111111111111111111111111111111111111111111111111111111111111111111
1114555555555555555555555555555555441111111111111111111111111111111111111111111111111111111111111111

4421111111111111111111111111111111222334444444443322222111111111224444555555555555555555555555555555
4444221111111111111111111122222222344444444444444432222111111111112244445555555555555555555555555555
5444443222222222222222222333333334444444444444444432221111111111111122444555555555555555555555554444
5544444444433333444444444444444444444444444444444432221111111111111111234444555555555554442111111111
5554444444444444444444444444444444444444444444444322211111111111111111111244444444443111111111111111
5555444444444444444444444444333334444444444444443222111111111111111111111111111111111111111111111111
5555444444444444444444443332222222333444444444322211111111111111111111111111111111111111111111111111
5554444444444444444433222222111111222222222222221111111111111111111111111111111111111111111111111111
5554444444444433222222111111111111111111111111111111111111111111111111111111111111111111111111111111
5544444443222221111111111111111111111111111111111111111111111111111111111111111111111111111111111111

4444444444444444444444445555555555555555544444444444444322111111111111111111224444455555555555555555
1111111111111111122234444455555555555555555544444444444444422111111111112244444555555555555555555555
1111111111111111111112344445555555555555555555555555554444444322222222344444555555555555555555555555
1111111111111111111111123444555555555555555555555555555444444444333344444455555555555555555555555555
1111111111111111111111111344445555555554444444444455544444444444444444444555555555555555555555555555
1111111111111111111111111124444444444444444444444444444444444443333444444555555555555555555555555555
1111111111111111111111111111244444444444433333334444444444332222222234444455555555555555555555555555
1111111111111111111111111111112222222211111111111111111111111111111112234444555555555555555555555555
1111111111111111111111111111111111111111111111111111111111111111111111111244445555555555555555555555
1111111111111111111111111111111111111111111111111111111111111111111111111111234445555555555555555555

1111111111111111111111111111111111111111111111111111111111111111111111111111111111111111111111111111
1111111111111111111111111111111111111111111111111111111111111111111111111111111111111111111111111111
1111111111111111111111111111111111111111111111111111111111111111111111111111111111124444444444421111
1111111111111111111111111111111111111111111111111111111111111111111111111112344444444455555555444411
1111111111111111111111111111111111111111111111111111111111111111111112444444444455555555555555555444
1111111111111111111111111111111111111111111111111111111111111111111344444445555555555555555555555554
1111111111111111111111111111111111111111111111111111111111111111134444455555555555555555555555555555
1111111111111111111111111111111111111111111111111111111111111113444445555555555555555555555555555555
1111111111111111111111111111112444444444444444443211111111134444444555555555555555555555555555555555
4444444421111111111111113444444455555555555555544444444444444444455555555555555555555555555555555555

1111111111111111111222222222111111111111111111111111111111111111111111111111111111111111112344555555
1111111111111223344444444444444332211111111111111111111111111111111111111111111111111111123444555555
1111111111233444445555555555554444444433322211111111111111111111111111111111111111111111223344455555
1111111233444445555555555555555555555444444444443332221111111111111111111111111111111111223344445555
1111123344445555555555555555555555555555555555544444444433221111111111111111111111111111222233444555
1112234444555555555555555555555555555555555555555555554444444332221111111111111111111111111122334445
1223344445555555555555555555555555555555555555555555555555444444433332222222222222111111111111112344
2234444455555555555555555555555555555555555555555555555555555444444443333333222221111111111111111123
3344444555555555555555555555555555555555555555555555555555555554444444433333222211111111111111111111
3444444555555555555555555555555555555555555555555555555555555555444444433332221111111111111111111111

1111111111122222233333344444555555555555441111111111111111111111111111111111124445555555555555555555
1111111111111111122223334444455555555555431111111111111111111111111111111111162344555555555555555555
1111111111111111111122233444455555555555431111111111111111111111111111111111111234445555555555555555
1111111611111111111111223344445555555555421111111111111111111111111111111111111113444455555555555555
1111111116111111111111123334445555555554411111111111111111111111111111111111111111344445555555555555
1111111111111161111111122334445555555554411111111111111111111111111111111111111111234444555555555555
1111111111111161111111122334445555555554311111111111111111111111111111111111111111123444555555555555
1111111111111111111111123334445555555554311111111111111111111111111111111111111111113444455555555555
1111116111111111111111223344445555555554311111111111111111111111111111111111111111113344455555555555
1111611111111111111112233344445555555544211111111111111111111111111111111111111111112344455555555555

1111111111112333334433333333333333333334444444444444444444444444444332111111111111123444555555555555
1111111111111233333333222211111111112222223333333333344444444444433321111111111111113444455555555555
1111111111111222222221111111111111111111111112222233333344444444333211111111111111112344455555555555
1111111111111222222211111111111111111111111111112222333344444444433221111111111111112344455555555555
1111111111112223222211111111111111111111111111112223333444444444443322111111111111112344455555555555
1111111111123333333222111111111111111111111111222333344444444444444433221111111111123444455555555555
1111111111333344433333221111111111111111112223333344444444444444444444333221111112334444455555555555
1111111123344444444443333221111111111112233334444444444444444444444444444433333333444444555555555555
1111111234444444444444444333332222233333444444444444444444444444444444444444444444444445555555555555
1111113444444444444444444444444444444444444444444444444555555555555544444444444444444555555555555555

1111111114444444455555555555555555555444444444444555555555555555555555555555544444555555555555555555
1111111111144444444444555555555444444444211111244444445555555555555555544444444444444444444445555555
1111111111111444444444444444444444444111111111111114444444455555554444444211111111111112444444444444
1111111111111124444444444444444444411111111111111111114444444444444444311111111111111111111111111234
1111111111111113444444444444444444111111111111111111111134444444444431111111111111111111111111111111
1111111111111124444444444444444444111111111111111111111112444444444211111111111111111111111111111111
1111111111111344444444444444444444211111111111111111111112444444444211111111111111111111111111111111
1111111111134444444444444444444444441111111111111111111134444444444421111111111111111111111111111111
1111111113444444444444444444444444444411111111111111134444444444444444111111111111111111111111111111
1111111244444444445555555555555554444444442111112444444444444444444444441111111111111111111111111111

1111111111111111111111111111111111111111111111111111234444444444444444444444444444444444444455555555
1111111111111111111111111111111111111111111111111112334444444444433333334444444331111111111124555555
1111111111111111111111111111111111111111111111111112334444444432111111111111111111111111111111145555
2111111111111111111111111111111111111111111111111223334444443311111111111111111111111111111111114555
4444444433211111111111112223333444444444443333333333333444432111111111111111111111111111111111111245
5555544444444444444444444444444444444444444444444333333333321111111111111111111111111111111111111124
5555555555555554444444455455555555555444444444444444333332111111111111111111111111111111111111111112
5555555555555555555555555555555555555555555444444444433221111111111111111111111111111111111111111111
5555555555555555555555555555555555555555555555444444443321111111111111111111111111111111111111111111
5555555555555555555555555555555555555555555555555444444321111111111111111111111111111111111111111111

1111111111111111111111111111111111111111111111111111111111111111111111111111111111111111111111111111
2344331111111111111111111111111111111111111111111111111111111111111111111111111111111111111111111111
4444444443111111111111111111111111111111111111111111111111111111111111111111111111111111111111111111
4444444444431111111111111111111111111111111111111111111111111111111111111111111111111111111111111111
5555544444443111111111111111111111111111111111111111111111111111111111111111111111111111111111111111
5555544444444211111111111111111111111111111111111111111111111111111111111111111111111111111111111111
5555544444444211111111111111111111111111111111111111111123444444444444431111111111111111111111111111
5554444444432111111111111111111111111111111111111112344444444444444444444444111111111111111111111111
5444444444211111111111111111111111111111111111112234444444444555555555554444444311111111111111111111
4444444311111111111111111111111111111111111111122344444444455555555555555555444444431111111111111111

1111111111111111111111111111111111111111111111111111111111111111111111111111111111111111111111111111
1111111111111111111111111111111111111111111111111111111111111111111111111111111111111111111111111111
1111111112211111111111111111111111222222111111111111111111111111111111111111111112222221111111111111
1122222233322222221111111111111122233333222111111111111111111111111111111111112344555444321111111111
2223444444444433222221111111112223344444332211111111111111111111111111111111124455555555442111111111
3444444444444444432222211111122223344444432221111111116111111111111111111111234455555555442111111111
4444445454544444443322221111222222334443322221111111111111111111111111111111124445555544421111111111
4444555555555444443322221111112222222222222111111111111111111111111111111111112234444432111111111111
4455555555555444443222211111111111122211111111111611111111111111111111111111111111111111111111111111
4455555555554444432221111111111111111111111111111111111111111111111111111111111111111111111111111111

5555555555555544444443221111111111111111111111111111111111111111111111111111111111111111111111111111
5555555555555544444444444444444444444444444444432221111111111111111111111111111111111111111111111111
5555555555555554444444444444444444444444444444444444443221111111111111111111111111111111111111111111
5555555555555554444444444444444444444444444444444444444444432221111111111111122222221111111111111111
5555555555555544444444444444444444444444444444444444444444444443322222222234444444444322111111111112
5555555555555444444444444444444444444444444444444444444444444444444333444444444444444443221111111112
5555555555544444444444444444444444444444444444444444444444444444443334444444444444444444322111111112
5555555554444444222222223333344444444444444444444444444444332222222222233444444444444444221111111111
5555555444421111111111111111111111111111111111111111111111111111111111111222344444444432211111111111
5555544421111111111111111111111111111111111111111111111111111111111111111111112222222111111111111111

1111111111244444311111111111111111111111111111111111111111111111111111111111111111111111112444555555
1111114445555555544444111111111111111111111111111111111111111111111111111111111111111111111344445555
1124455555555555555554444421111111161111111111111111111111111111111111111111111111111111111134444555
4455555555555555555555554444444311111111111111111111111111111111111111111111111111111111111112444445
5555555555555555555555555554444444431111111111111111111111111111111111111111111111116111111111124444
5555555555555555555555555555544444444311111111611111111111111111111111111111111111111111111111111134
5555555555555555555555555555555444444431111111111111111111111111111111111111111111111111111111111111
5555555555555555555555555555555444444431111111111111111111111161111111111111111111111111111111111111
5555555555555555555555555555554444444411111111111111111111111111111111111111111111111111111161116111
5555555555555555555555555555544444443111111111111111111111111111111111111111111111111111161111111111

1111111111111111111111111111111111111111111111111111111111111111111111111111111111111111111111111111
1111111111111111111111111111111111111111111111111111111111111111111111111111111111111111111111111111
1111111111111111111111111111111111111111111111111111111111111111111111111111111111111111111111111111
1111111111111111111111111111111111111111111111111111111111111111111111111116111111111111111111111111
1111111111111111111111111111116111111111111223221111111111111111111111111111111111111111111111111111
1111111111111111111111111111111111111111111123333211111111111111111111344444444311111111111111111111
1111111111111111111111111111111111111111111111121111111111111111111134444444444444111111111111111111
1111111111111111111111111611111111116111111111111111111111111111111344444455554444431161111111111111
1111111111111111111111111111111111111111111111111111111111111111111344444455555444443111111111111111
1111111111111111111111111111111111111111111111116111116111161111111134444445555444443111111111111111

1111111111111111111111111111111111111111111111111111111111111111111111111111111111111111111111111111
1111111111111111111111111111111111111111111111111111111111111111111111111111111111111111111111111111
1111111111111111111111111111111111111111111111111122222222222222222221111111111111111111111111111111
1111111111111111111111111111111111111111111111222222333334444443333322222111111111111111111111111111
1111111111111111111111111111111111111111111122222333344444444444444433322221111111111111111111111111
1111111111111111111111111111111111111111111122222333344444444444444444332222111111111111111111111111
1111111111111111111111111111111111111111111111222222333334444444444443332222111111111111111111111111
1111111112222222222222111111111111111111111111111222222222233333333333222221111111111111111111111111
1111223444444444443322221111111111111111111111111111111112222222222222222111111111111111111111111111
2244444444444444444322211111111111111111111111111111111111111111111111111111111111111111111111111111

1111123334444444445555555555555555555555555555555555555555555555555555555555444444444444444555555555
1111111111223334444444445555555555555555555555555555555555555555555555554444433322223334444444455555
1111111111111112233334444444444444444444445555555555555555555555555544444433211111111123334444444444
1111111111111111111122333444444444444444444444444555555555555555444444332211111111111111233344444444
1111111111111111111111122233333332222222222333444444444444444444443332111111111111111111123334444444
1111111111111111111111111122222111111111111112223334444444444433322111111111111111111111112333344444
1111111111111111111111111111111111111111111111111223333333333221111111111111111111111111112233334444
1111111111111111111111111111111111111111111111111112222222222111111111111111111111111111112333334444
1111111111111111111111111122222111111111111111111111222222211111111111111111111111111111123333344444
1111111111111111111111222233333222211111111111111122222222221111111111111111111111111112233334444444

5555555555555555544444444444444444445555555555555555555555555555555555555555555555555555555555555555
4444444444444444443333322222111112222344555555555555555555555555555555555555555555555555555555555555
4444444433333322222111111111111111111111244555555555555555555555555555555555555555555555555555555555
3333332222222111111111111111111111111111112345555555555555555555555554444455555555555555555555555555
2222222111111111111111111111111111111111111124555555555555555555555444444444555555555555555555555555
2221111111111111111111111111111111111111111112445555555555555555544432222334455555555555555555555555
1111111111611111111111111111111111111111111111234555555555555555443221111223445555555555555555555555
1111111111111111111111111111111111111111111111123455555555555554432111111112344555555555555555555555
1111111111111111111111111111111111111111111111112445555555555544321111111111234455555555555555555555
1111111111111111111111111111111111111111111111111344555555555444321111111111234445555555555555555555

1111111111111111111111111111111111111111111111111111111111111111111111111111111111111111111111111111
1111111111111111116611111111111134444311111111111111111111111661111111111111111111111111111111111111
1111111111111111111111111111144444444444431111111111111111111111111111111111111111111111111111111111
1111114444444211111111111113444444444444444421111111111111111111111111111111111111111111111111111111
1111444444444442111111111244444444444444444444321111111111111111111111111111111111111111111111111111
1144445554444444211111111344444444444444444444443222112222333334333332211111111111111111111111611111
1444555555444444311111111244444444444444444444444444444444444444444444444444332211111111111111111111
4445555555544444311111111124444444444444444444444444444444444444444444444444444444444321111111111111
4555555555544444111111111111344444444444444444444444444444444444444444444444444444444444444444444433
4555555555444442111111111111112444444444444444443333344444444444444444444444444444444444444444444444

5555555555555555555555555555555555555555444445555555555555555555555555555555555555555555555555555555
5555555555555555555555555555555555555554444444445555555555555555555555555555555555555555555555555555
5555555555555555555555555555555555555444432222344455555555555555555555555555544444445555555555555555
5555555555555555555555555555555555554443211111111234444555555555555554444321111111111244455555555555
5555555555555555555555555555555555544431111111111111111233344433322111111111111111111111113445555555
5554444444444455555555555555555555444211111111111111111111111111111111111111111111111111111111244455
4433332223334444444444445555555444431111111111111111111111111111111111111111111111111111111111111112
1111111111111111122334444444444443111111111111111111111111111111111111111111111111111111111111111111
1111111111111111111111111222222111111111111111111111111111111111111111111111111111111111111111111111
1111111111111111111111111111111111111111111111111111111111111111111111111111111111111111111111111111

1111111111111111111111111112222211111111111111111111111111111111111111111111111111111111111111111111
1111111111111111111123344444444444433211111111111111111111111111223333211111111111111111111111111111
1112222222333333333444444444444444444444333221111111111112233344444444444433211111111111111111111111
3344444444444444444444444455555554444444444433333333333334444444444444444444443211111111111111111111
4444444444444444444444444455555544444444444444444444444444444444445555555444444432111111111111111111
4444444444444444444444444444444444444444444444444444444444444444445555555554444443211111111111111111
3444444444444444433344444444444444444333333333333333333333344444444455555544444443211111111111111111
1233344444443332111111112223333322111111111111111111111111122334444444444444444433111111111111111111
1111111111111111111111111111111111111111111111111111111111111111233444444444443321111111111111111111
1111111111111111111111111111111111111111111111111111111111111111111112233332211111111111111111111111

5555555555554421111111111111111111111111111111111111111111111111111111111111111111111111111111111111
5555555555554431111111111111111111111111111111111111111111111111111111111111111111111111111111111111
5555555555544441111111111111111111111111111111111111111111111111111111111111111111111111111111111111
5555555555444431111111111111111111111111111111111111123333321111111111111111111111111111111111111111
5555555554444311111111111111111111111111111111123444444444444311111111111111111111111111111111111111
5555555544441111111111111112333333332222222333444444444444444211111111111111111111111111111111122333
5555554444111111111111111111233333333333333344444444444444421111111111111111111111111111111234444444
5555444211111111111111111111111122222211111222333344433211111111111111111111111111111111111244444444
5444211111111111111111111111111111111111111111111111111111111111111111111111111111111111111124444444
4111111111111111111111111111111111111111111111111111111111111111111111111111111111111111111111244444

1111111111111111111123444445555555555555555555555555555555555555555555555555555555555555555555555555
1111111111111111111112344444455555555555555555555555555555555555555555555555555555555555555555555555
1111111111111111111111234444444555555555555555555555555555555555555555555555555555555555555555555555
1111111111111111111111234444444445555555555555555555555555555555555555555555555555555555555555555555
1111111111111111111223344444444444555555555555555555555555555555555555555555555555555555555555555555
1111116111111123334444444444444444455555555555555555555555444444445555555555555555555554444444455555
1111111123444444444444444444444555555555555555555555544444444444444444444444444444444444444444444555
1112344444444445555555555555555555555555555555555555444444444444444444444444444444444444332223344455
4444455555555555555555555555555555555555555555555555555444444444444444444444444444444444322222344445
5555555555555555555555555555555555555555555555555555555555544444444444444555555544444444444344444455

1111111111111111111111111111111111111111111111111111111111111111111111111111111111111111111111111111
1111111111111111111111111111111111111111111111111111111111111111111111111111111111111111111111111111
1111111111111111111112233444444332211111111111111111111111111111111111111111111111111111111111234444
1111111111111123444444444444444444444433221111111111111111111111111111111111111111111111111244444444
1111111111234444444444444444444444444444433211111111111111111111111111111111111111111111112444444444
1111111124444444444444444444444444444444332211111111111111111111111111111111111111111111113444444555
1111111244444444444444444444444444443322111111111111111111111111111111111111111111111111112444444555
1111111344444444444444444433322211111111111111111111111111111111111111111111111111111111111344444555
1111111234444432211111111111111111111111111111111111111111111111111111111111111111111111111134444555
1111111111111111111111111111111111111111111111111111111111111111111111111111111111111111111112444455

5555555555555555555555544444444444444444444444444444444444444445544444211111111112455555555555555555
5555555555555555555544444444444444444444444444444444433344444444444321111111111111114555555555555555
5555555555555555544444422222222222223334444443332222222222234444422111111111111111111145555555555555
5555555555554444444442211111111111222222222222222221111111122222211111111111111111111111555555555555
5555555444444444444322111111111111112222222222211111111111111111111111111111111111111111145555555555
5555444444444444443222111111111111111222222211111111111111111111111111111111111111111111114555555555
5444444433333333332222111111111111122222222211111111111111111111111111111111111111111111111255555555
4443222222222233333222221111112222222222222221111111111111111111111111111111111111111111111115555555
2221111112222233444433222222222222333322222222111111111111111111111111111111111111111111111111555555
1111111111222344444444444444444444444444433222211111111111111111111111111111111111111111111111155555

4444444444444444444444444444443333222111111111111111111111111122222111111111111111111111111111111111
4333333333333334444444444444433332111111111111111111111111111111111111111111111111111111111111111111
3333333333333333344444444444433332111111111111111111111111111111111111111111111111111111111111111111
3322222222223333334444444444443333211111111111111111111111111111111111111111111111111111111111111111
2222111112223333344444444444444333332211111111111111111111111111111111111111111122333332111111111111
2211111112223333344444444444444444333333222211111111111111111122222222111111223333444444443321111111
2221112222333334444444455555444444444333333333322222211222223333333333333333333444444445544444331111
2222222233333344444445555555555544444444444443333333333333333334444444333334444444555555555555544311
3333333333344444445555555555555555555444444444444444444444444444444444444444444555555555555555555544
3333333344444444555555555555555555555555555555444444444444444445555555444455555555555555555555555555

1111111111111111111111111223444555555555555555555555555555555554443322222222222233333333333333322222
1111111111111111111111223444555555555555555555555555555555555554443322222222222233333333333333322222
1111111111111111111223445555555555555555555555555555555555555555444322221122222223333333333333322222
1111111111111111234445555555555555555555555555555555555555555555444322222222222223333333333333322222
1111111111223344555555555555555555555555555555555555555555555555444332222222222223333333333333333322
1111112234455555555555555555555555555555555555555555555555555555544433222222222233333333333333333333
1223445555555555555555555555555555555555555555555555555555555555544443322222222333333333333333333333
4555555555555555555555555555555555555555555555555555555555555555554444333322333333333333333333333333
5555555555555555555555555555555555555555555555555555555555555555555444433333333333333443333333333333
5555555555555555555555555555555555555555555555555555555555555555555554444433333344444444444444444444

1223344444444444444444444444444444444444444444444444444444444444455555555555555555555555555555555555
1122333344444444444444444433333333333334444444444444444444444444444455555555555555555555444445555555
1122233333333333333333322222111111111122222333333334444444444444444444455555555555544444444444445555
1222233333333333332222111111111111111111111111222222233333333344444444444444444444444444444444444555
2333333333333332222211111111111111111111111111111111112222222333444444444444444444444444444444444455
3444444433333332222111111111111111111111111111111111111111122233344444444444444444444444443333344445
4444444444444333322211111111111111111111111111111111111111112223334444444444444444444444443333334445
4444444444444444333322111111111111111111111111111111111111122223334444444444444444444444443333334444
4444444444444444444333221111111111111111111111111111111112222233344444444444444444444444443333334444
5555555544444444444444433221111111111111111111111111222222233333444444444444444444444444444333334444

5555555555555555555444444444444444444444444444444444443111111111111111111111111111111111111111111111
5555555554444444444444433211111111111234444444444443311111111111111111111111111111111111111111111111
5554444444432111111111111111111111111111123344433321111111111111111111111111111111111111111111111111
4444431111111111111111111111111111111111111111111111111111111111111116611116111111111111111111111111
3111111111111111111666111111111111611111111111111111111111111111111111111111111111111111111111111111
1111161111111111111111111111111111111111111111111111111111111111111111111111111111111113344444444444
1111111111111111111111111111111111111111111111111111111111111111111111111111111111111134444444444444
1111111111111111111111111111111611111111111111111111111111111111111111111111111111111244444444555555
1111111111111111111111111111111111111111112222221111111111111111111111111111111111111344444455555555
1111111111111111111161111111111111111123344444443333221111111111111111111111111111112444444555555555

5555555555555555555555555555555555555555555555555555544444444444444444443332221111111111111111111111
5555555555555555555444444445555555555555555555555554444444444444444444444444333333322111111111111111
5555555555555554443222223444444444455555555555544444444444444444444444444444444444444444211161111111
5555555555554431111111111111134444444444444444444444444444444444444444444444444444444444444211111111
5555555555441111111111111111111123444444444444444444444444444444444444443333344444444444444442111111
5555555544211111111111111111111111123444444444444444444444444444444433333222334444444555555444421111
5555554431111111111111111111111111111233444444444444444444444444433332221111223444444555555555444111
5555544111111111111111111111111111111112334444444444444444444443333221111111112344445555555555554431
5555441111111111111111111111111111111111233444444444444444444333222111111111111344445555555555555444
5544411111111111111111111111111111111111123344444444444444433322211111111111111244445555555555555554

1111111111111111111111111111111111111111111111111111111111111111111111111111111111111111111111111111
1111111111111111111111111111111111111111111111111111111111111111111111111111111111111111111111111111
1111111111111111111111111111111111111111111111111111111111111111111111111111111111111111111111111111
1111111111111111111111111111111111111111111111111111111111111111111111111111111111111111111111111111
1111111111111111111111111111111111111111111111111111111111111111111121111111111111111111111111111111
1111111111111111111111111111111111111111111111111111111111111111123333321111111111111111111111111111
1111111111111111111111111111111111111234444444444433211111111111334444443321111111111111111111111111
1111111111111111111111111111111113445555555555555555544433222233344444444433321111111111111111116111
1111111111111111111111111111113455555555555555555555555554444444444555544444433322111111122233333333
1111111111111111111111111123455555555555555555555555555555555544555555555544444443333333344444444444

5555555555555555555555555555555555555555555555555555555555555555555555555555555555555555555555555555
5555555555555555555555555555555555555555555555555555555555555555555555555555555555555555555555555555
5555555555555555555555555555555555555555555555555555555555555555555555555555555555555555555444444455
5555555555555555555555555555555544444444445555555555555555555555555555555555555555555555444111111114
5555555555555555555555554444444444444444444444444455555555555555555555555555555555555554411611111111
5555555555555555555544444444442111111111111111244444444445555555555555555555555555555544111111111111
5555555555555555554444444311111111111111111111111111114444444444455555555555555555544441111111111111
5555555555555555444444211111111161111111111111111111111111111344444444444444444444444441111111111111
5555555555555544444411111111111111111111111111111111111111111111111112444444444444444411111111111111
5555555555555444442111111111111111111111111111111111111111111111111111111112344444444111111111111111

3444555555555555555555555555555555532111111111111111111112222222222222111111111111112222223444555555
5555555555555555555555555555555555542211111111111111111222223333322222221111111111122222223444555555
5555555555555555555555555555555555543211111111111111112222344444433222222111111111112222223344455555
5555555555555555555555555555555555554221111111111111122223444444443322222211111111112222222334444555
5555555555555555555555555555555555554222111111111111222234444444444322222211111111111222222223344445
5555555555555555555555555555555555554322211111111112222344445554444332222221111111111122222222233444
5555555555444444445555555555555555554322221111111122223444455554444332222211111111111111122222222223
5555555443222222222222222222344444444322221111112222223444445544444322222211111111111111111122222222
5555554322111111111111111111112222332222221111112222223344444444443222222111111111111111111111112222
5555542211111111111111111111111112222222221111112222222334444444332222221111111111661111111111111111

1111111111111111555555555555555555555555555555555555555555555555555555555555555555555555555555555555
1111111111111111455555555555555555555555555555555555555555555555555555555555555555555555555555555555
1111111111111111455555555555555555555555555444444555555555555555555555555555555555555555555555555555
1111111111111112455555555555555555554443111111111111223444444444433333222222222233344445555555555555
1111111111111113455555555555555444311111111111111111111111111111111111111111111111111113445555555555
1111111111111114555555555555444211111111111111111111111111111111111111111111111111111111124455555555
1111111111111134555555555544321111111111111111111111111111111111111111111111111111111111111244555555
1111111111111145555555555443111111111111111111111111111111111111111111111111111111111111111124455555
1111111111111455555555554431111111111111111111111111111111111111111111111111111111111111111113455555
1111111111114555555555554431111111111111111111111111111111111111111111111111111111111111111112445555

1112344444444555555555555555555555555555555555555555555555555555444443111111111111111111111111111111
1111123344444444455555555555555555555555555555555555555555555444444431111111111111111111111111111111
1111111223344444444444445555555555555555555555555555555544444444443211111111111111111111111111111111
1111111112233444444444444444444444445555555555555544444444444443332111111111111111111111111111111111
1111111112223334444444444444444444444444444444444444444444333322221111111111111111111111111111111111
1111111122333333444433333333222333333444444444444444443333322222221111111111111111111111111111111111
1111222333344444444443333222211112222233333344444444333333222222222211111111111111111111111111111111
1233344444444444444444443332221111122222333334444444444333333333333332221111111111111111111111111111
4444444444444444444444444443333222223333344444444444444444444444444444433322111111111111111111111111
4444444555555555555444444444444444444444444444444444444444444444444444444444332211111111111112233333

5555555555555555555555555544444444433322111111111111111111111111111111111111111111111111111111111111
5555555555555555555555555544444444444333333333322111111111111111111111111111111111111111111111111111
5555555555555555555555555544444444444333333333333322111111111111111111111111111111111111111111111111
5555555555555555555555555544444444443333333333333332111111111111111111111111111111111111111111111111
5555555555555555555555555444444444333222222222222211111111111111111111111111111111111111111111111111
5555555555555555555555544444444332111111111111111111111111111111111111111112233333221111111111111111
5555555555555555555544444444331111111111111111111111111111111111111111123344444444444444433111111111
5555555555555555544444444331111111111111111111111111111111111111111111233444444444444444444444311111
5555555555555444444443311111111111111111111111111111111111111111111111133444444445555555555544444321
4444444444444444433111111111111111111111111111111111111111111111111111113444444455555555555555544444

1111111111111111111111111111111111111111111111111111111111111111111111111111111111111111111111111111
1111111111111111111111111111111111111111111111111111111111111111111111111111111111111111111111111111
1111111111111111111111111111111111111111111111111111111111111111111111111111111111111111111111111111
1111111111111122222222222222222233333333344444444444444444211111111111111111111111111111111111111111
1111111223334444444444444444444444444445555555555555555555543111111111111111111111111111111111111111
1112234444444555555555555555555555555555555555555555555555555421111111111111111111111111111111111111
2344444555555555555555555555555555555555555555555555555555555553111111111111111111111111111111111111
4445555555555555555555555555555555555555555555555555555555555555311111111111111111111111111111111111
5555555555555555555555555555555555555555555555555555555555555555531111111111111111111111111111111111
5555555555555555555555555555555555555555555555555555555555555555554111111111111111111111111111111111

5555555555555555555555555555555555555555555555555555555555555555555555555554444443333444444444455555
5555555555555543212345555555555555555555555555555555555555555555555555555544432222222223334444444555
5555555555554211111111245555555555555544321111234445555555555555555555554443211111111112223344444445
5555555555541111111111111345555555443111111111111113445555555555555555544321111111111111122234444444
5555555554211111111111111111122211111111111111111111123445555555555554443211111111111111111223344444
5555555542111111111111111111111111111111111111111111111234444555555544432111111111111111111122334444
5555555411111111111111111111111111111111111111111111111112344444444444322111111111111111111112233444
5555554111111111111111111111111111111111111111111111111111122344444443221111111111111111111112223344
5555431111111111111111111111111111111111111111111111111111111122333332211111111111111111111111222333
5544111111111111111111111111111111111111111111111111111111111111122221111111111111111111111111112223

1135555555555555555555555555555555555555555555555555555555555555555555555555555555555555555555555555
1111455555555555555555555555555555555555555555555555555555555555555555555555555555555555555555555555
1111114555555555555555555555555555555555555555555555555555555555555555555555555555555555555555555555
1111111144555555555555555555555555555555555555555555555555555555555555555555555555555555555555555555
1111111111244555555555555555555555555555555555555555555555555555555555555555555555555555555555555555
1111111111111144555555555555555555555555555555555555555555555555555555555555555555555555555555555555
1111111111111111113444555555555555555555555555555555555555555555555555555555555555555555555555555555
1111111111111111111111111123444445555555555555555555555555555555555555555555555555555555555555555555
1111111111111111111111111111111111111124445555555555555555555555555555555555555555555555555555555555
1111111111111111111111111111111111111111111112444555555555555555555555555555555555555555555555554444

4432111111111111111111111111111111111111111111111111111111111111111111111111111111111111111111112223
4432111111111111111111111111111111111111111122222222222222222222222221111111111111111111111111122233
4432111111111111111111111111111111111112222222222222222222222222222222222211111111111111111111223334
4432211111111111111111111111111111112222222222223333333333333333332222222222221111111111111122233344
5443211111111111111111111111111112222222233333333333333333333333333333332222222222111111112222233444
5443221111111111111111111111111222223333333333333344444444444444433333333333222222222222222222334444
5444322111111111111111111111222223333333444444444444444444444444444444433333333222222222222223334444
5544432221111111111111111222223333344444444444444444444444444444444444444443333333222222222333344444
5554443322221111111112222223333444444444444444444444444444444444444444444444433333333333333333344444
5555444433322222222222233333444444444444444444444444444444444444444444444444444433333333333333444444

1111111111111111111111111111111111111111111111111123344455555555543111111111111111111111111111111111
1111111111111111111111111111111111111111111111122334444555555555544211111111111111111111111111111111
1111111111111111111111111111222222211111112222233444455555555555544211111111111111111111111111111111
1111111111111111111111122223333333333333333333444444555555555555554211111111111111111112444444211111
1111111111111111111122233344444444444444444444444455555555555555554211111111111111124555555555555541
1111111111111111122233344444444444444444444444445555555555555555554311111111111114555555555555555555
1111111111111112223334444444444444444444444455555555555555555555554421111111111455555555555555555555
1111111111111122233444444445555555555555555555555555555555555555555431111111145555555555555555555555
1111111111111222334444444455555555555555555555555555555555555555555544221234555555555555555555555555
1111111111112223334444444555555555555555555555555555555555555555555555555555555555555555555555555555

1111111111111111111111111111111111161111111122333444444444333333332222221111111111111611111111111223
1111111111111111111111111111111111111111122233344444444444444444433333332222211111111111111111223444
1111111111111111111111111111111111111112223333444444444444444444444444433333222211111111111123344444
1111111122211111111111111111111111122222333333444444444444444444444444444433333221111111112334444455
1144455555554444432111111111222222222233333333333444444444444444444444444443333222111111223344444555
5555555555555555444433222222333333333333333322233333333333444444444444444443333222211112233444445555
5555555555555555555444433333333333333322222222222222222223333333333333333333332222111112233444445555
5555555555555555555544444433333333332222111111111111111111122222222233333322222211111112233444455555
5555555555555555555554444444333333222211111111111111111111111111111111222111111111111111233444455555
5555555555555555555555444443333322211111111111111111111111111111111111111111111111111111123444445555

1111111111111111111122333211111111111111111111111111111111111111111111155555555555555555555555555411
2111111111111111111244444432111111111111111111111111111111111111111111145555555555555555555555552611
4321111111111111123444444444321111111111111111111111111111111111111111145555555555555555555555411111
4432211111111112234444454444432211111111111111111111111111111111111111145555555555555555555542111111
4444322211111222344444444444444332211111111111111111111111111111111111144555555555555555555411111111
4444433222222223344444444444444444432111111111111111111111111111111111244555555555555555431111111111
5444443322222223344444444444444444444321111111111111111111123444443322344455555555555441111111111111
5444444332222222334444444444444444444443221111111116111123445555544444444444444444421161111111111111
5444444322222222222333444444444444444444443221111111123444555555555544444332222111111111111111111111
5444443322221111122222222223344444444444444443322334444555555555555554443211111111111111111111111111

5555555555555444443211111111111111111111111111111112233444444444444444443211111111111111111111111111
5555555555544444321111111111111111111111111111111122344444444444444444444421111111111111111111111122
5555555555444432111111111111111111111111111111111223444444444444444444444443111111111111111112444444
5555555544444321111111111111111111111111111111112234444444444444444444444444211111111111111344445555
5555555444432211111111111111111111111111111112223344444444444444444444444444421111111111124444555555
5555544444322111111111111111111111111111112223344444444444444455555555444444432111111112344455555555
5555444444322111111111111111111111111122233344444444444444455555555555554444443211111124444555555555
5554444444322111111111111111111111222334444444444444444455555555555555554444444322112344445555555555
5554444444433222221111111111112233444444444444444444455555555555555555555444444433333444455555555555
5544444444444444433333333333444444444444444444445555555555555555555555555544444444444444555555555555

5555555555555555555555554444455555555555555555555555555555555544444441111111111111111111111111111111
4444444455555554444311111111111244444455555555555555554444444444444111111111111111111111111111111111
1111111111611111111111111111111111111344444444444444444444444444311111111111111111111111111111111111
1111111111111111111111111111111111111111111122333333333222222111111111161111111111111111111111111111
1111111111111111111111111111111111111111111111111111111111111111111111111111111111111111111111111111
1111111111111111111111111111111111111111111111111111111111111111111111161111111111111111111111111111
1111111111111111111111111111111111111111111111111111111111111111111111111111111111111111111111111111
1111111111111111111111111111111111111111111111111111111111111111111111111111111111111111111111111111
1111111111111111111111111111111111111111111111161111111111111111111111111111111111111111111111111111
1111111111111111111111111111111111111111111111111111111111123444444431111111111111111111111134444444

1111111111111111111111111111111111111111111223333332211111111111111111111111111111111111111111344444
1111111111111111111111111111111111111111111111112111111111111111111111111111111111111111111113444444
1111111111111111111111111111111111111111111111111111111111111111111111111111111111111111111134444445
1111111111611111111111111111111111111111111111111111111111111111111111111111111111111111111234444455
1111111111111111111111111111111111111111111223333332111111111111111111122211111111111111111344444455
1111111111111111111123333333222212222333333333333333332111111111111112223222111111111111113344444455
1111111111112223333444444444444444444444444444444444433332111111111122333333321111111111133444444555
1111111344444444444444444444444444444444444444444444444443321111112333333333333221111112334444444555
1111134444444444444444444444444444444444444444444444444444433333333333444444333333322333344444445555
1111444444444444444444555555555555554444444444444444444444444444444444444444444433333334444444445555

1111111111111111111111111111111111111111111344444432211112234444444444444211111111111111111111111111
1111111111111111111111111111111111111111445555555555555555555555555555555544441111111111111111111111
1111111111111111111111111111111111111145555555555555555555555555555555555555554441111111111111111124
1111111111111444444444211111111111114455555555555555555555555555555555555555555544441111111112444445
1111111245555555555555555441111111445555555555555555555555555555555555555555555555444444444444455555
1113455555555555555555555555444444555555555555555555555555555555555555555555555555555444444555555555
4555555555555555555555555555555555555555555555555555555555555555555555555555555555555555555555555555
5555555555555555555555555555555555555555555555555555555555555555555555555555555555555555555555555555
5555555555555555555555555555555555555555555555555555555555555555555555555555555555555555555555555555
5555555555555555555555555555555555555555555555555555555555555555555555555555555555555555555555555555

1111111111111111111111111111111111111111111111111111111111111111111111111111111111111444555555555555
1111111111111111111111111111111111111111111111111111111111111111111111111111111111111344455555555555
1111111111111111111111111111111111111111111111111111111111111111111111111111111111111244455555555555
1111111111111111111111111111111111111111111111111111111111111111111112211111111111111134445555555555
1111111111111111113444431111111111111111111111111111111111111111112444444211111111111124444555555555
1111111111111111344444444431111111123344432111111111111111111111134444444432111111111111344455555555
1111111111111124444444444444444444444444444444332222222111111123444444444443111111111111134444555555
1111111111111344444555554444444444444555544444444444444444444444444444444443211111111111112444455555
1111111111114444455555555555444445555555555554444444444444444444444444444444211111111111111124444555
1111111111144444555555555555555555555555555555555444444444444444444444444443211111111111111111244455

1111111111111111111111122344444444334444445555555555555544444444444444332222111111111111111111111111
1111111111111111111111122233333322222233444445555544444443333332222222222211111111111111111111111111
1111111111111111111111122223332222222222334444444444443322222222222222211111111111111111111111111111
1111111111111111111111122233332222212222334444444444433222222111111111111111111111111111111111111111
1111111111111111111111222333333222222222344444444444433322222111111111111111111111111111111111111111
1111111111111111111112233444444332222233444555555554444332222222111111111111111111111111111111111111
1111111111111111111223444555554444333444555555555555555444433222222222222222222222222222222222222222
1111111111111112223444555555555555445555555555555555555555544444433333333333223333333334444444444444
1111111222222334445555555555555555555555555555555555555555555555555544444444444444444555555555555555
4444444444455555555555555555555555555555555555555555555555555555555555555555555555555555555555555555

5555555555555555555555555555555555555555555555555555555555555555555555555555555555555555555555555555
5555555555555555555555555555555555555555555555555555555555555555555555555555555555555555555555555555
5555555555555555555555555555555555555555555555555555555555555555555555555555555555555555555555555555
5555555555555555555555555555555555555555555555555555555555555554444444445555555555555555555555555555
5555555555555555555555555555555555555555555555555555555555544443211111234445555555555555555555555555
5555555555555555555555555555555555555555555555555555555554432111111111111134445555555555555555555555
5555555555555555555555555555555555555555555555555555554443111111111111111111234445555555555555555555
5555555555555555555555555555555555555555555555555555443111111111111111111111111344445555555555555555
5555555555555555555555555555555555555555555555555444311111111111111111111111111112344455555555555555
5555555555555555555555555555555555555555555555544421111111111111111111111111111111113444455555555555

5555555555555555555555555554111111111111111111111111111111111111111111111111111111111111111111111111
5555555555555555555555555555111111111111111111111111111111111111111111111111111111111111111111111111
5555555555555555555555555555411111111111111111111111111111111111111111111111111111111111111111111111
5555555555555555555555555555411111111111111111111111111111111111111111111111111111111111111111111111
5555555555555555555555555555521111111111111111111111111111111111111111111111111111111111111111111111
5555555555555555555555555555541111111111111111111111111111111111111111111111111111111111111111111111
5555555555555555555555555555541111111111111111111111111111111111111222221111111111111111111111111111
5555555555555555555555555555541111111111111111111111111111112344444444444431111111111111111111111111
5555555555555555555555555555531111111111111111233444444444444444444444444444111111111111111111111111
5555555555555555555555555555411111111111111124444444444444444444555544444444211111111111111111111111

1111111111111111111111111111111111111111111111111111111111111111111111111111111111111111111112222444
1111111111111111111111111111111111111111111111111111111111111111111111111111111111111111111222244444
1111111111111111111111111111111111111111111122244444444442222222111111111111111111111111122224444455
1111111111111111111111111111111111111111122444555555555444444442222221111111111111111122222244444555
1111111111111111111111111111111111111112445555555555555555554444443222222222222222222222222444445555
1111111111111111111111111111111111112445555555555555555555555554444444222222222222222222224444445555
1111111111111111111111111111111111245555555555555555555555555555544444444433222222222222244444455555
1111111111111111111111111111111244555555555555555555555555555555554444444444444444332222344444455555
1111111111111111111111111112344555555555555555555555555555555555555544444444444444444333444444455555
1111111111111111112222444455555555555555555555555555555555555555555554444444444444444333344444455555

1111111111111111111111111111111111111111111111111111111111111111111111111111111111222444444455555555
1111111111111111111111111111111111111111111111111111111111111111111111111111111112223444444444455555
1111112445555555555554442211111111111111111111111111111111111111111111111111111122223444444444444455
4455555555555555555555555544442211111111111111111111111111111111111111111111112222233444444444444444
5555555555555555555555555555554444222111111111111111111111111111111111111111222222334444333222222234
5555555555555555555555555555555554444222211111111111111111111111111111111112222223333333222222222222
5555555555555555555555555555555555544443222211111111111111111111111111112222222333333332222211111111
5555555555555555555555555555555555554444442222211111111111111111111112222222223333333322222111111111
5555555555555555555555555555555555555444444322222211111111111111122222222222233333333222221111111111
5555555555555555555555555555555555555444444332222222111111112222222222222222333333332222211111111111

5555555555555555555555555555555555444444444455555555555555555555555555555555555555555555442111111111
5555555555555555555555555555554444444444444444444455555555555555555555555555555555555555441111111111
5555555555555555555555555555544444411111111111124444445555555555555555555555555555555554441111111111
5555555444444445555555555554444441111111111111111111344444455555555555555555555555555544421111111111
5555554444444444455555555544444211111111111111111111111134444444555555555555555555555444411111111111
5555444311124444444455444444441111111111111111111111111111112444444445555555555555544444111111111111
5554421111111144444444444444311111111111111111111111111111111111244444444455555544444441111111111111
5544111111111111444444444441111161111111111111111111111111111111111124444444444444444211111111111111
5441111111111111114444444111111111111111111111111111111111111111111111112444444444311111111111111111
4411111111111111111111111111111111111111111111111111111111111111111111111111111111111111111111111111

1111111111111111111111111111111111111111111111111111111111111111111111112233333322211111111111111111
1111111111111111111111111111111111111111111111111111111111111111224444455555555555444422111111111111
1111111111111111222332211111111111111111111111111111111112234444555555555555555555555544421111111111
1111111111111112344444432111111111111111111111111112244444555555555555555555555555555555443211111111
1111111111111112344444444321111111111111111111224444555555555555555555555555555555555555544421111111
1111111111111111234444444422111111111111112234444555555555555555555555555555555555555555554442111111
1111111111111111112234443322111111111111223444555555555555555555555555555555555555555555555443211111
1111111111111111111111122111111111111112234445555555555555555555555555555555555555555555555444211111
1111111111111111111111111111111111111111234445555555555555555555555555555555555555555555555444211111
1111111111111111111111111111111111111111124445555555555555555555555555555555555555555555555444211111

5555555555555555555555555555555555511111111111111111111111111114555555555555555555555555442111111111
5555555555555555555555555555555555511111111111111111111111111145555555555555555555555555554443223444
5555555555555555555555555555555555511111111111111111111111111155555555555555555555555555555554445555
5555555555555555555555555555555555411111111111111111111111111455555555555555555555555555555555555555
5555555555555555555555555555555555111111111111111111111111111555555555555555555555555555555555555555
5555555555555555555555555555555554111111111111111111111111111555555555555555555555555555555555555555
5555555555555555555555555555555551111111111111111111111111112555555555555555555555555555555555555555
5555555555555555555555555555555541111111111111111111111111111455555555555555555555555555555555555555
5555555555555555555555555555555411111111111111111111111111111455555555555555555555555555555555555555
5555555555555555555555555555554111111111111111111111111111111355555555555555555555555555555555555555

1111222333333333332222222222211111111122222222222333333333333333333333333333333333334444444444444455
1122333444444444433333333222222222222222222233333333333333333333333333333333333333333333333444444444
1223344444444444444433333333322222222222333333333333333333333333333333333333333333333333333333344444
2233444444444444444443333333333222222223333333333333333333333333333222222222222222222222222222333334
2233444444444444444333333333222222222222222333333333333333332222222222222222222222222211111112222223
1223334444444444333333322222222222222222222222222222222222222222221111111111111111111111111111111112
1122333333333333322222222211111111111111111112222222222211111111111111111111111111111111111111111111
1111222222222222211111111111111111111111111111111111111111111111111111111111111111161111111111111161
1111111111111111111111111111116111111611111111111111111111111611111111111111111111111111111111111111
1111111111111111111111111111111111111111111111111111111111111111111111111111111111111111111111111111

5544443322111111111111111111111111111111111111111111222222211111111111111111111111111111111111111111
5554444332221111111111111111111111111111111111122222222222222222111111111111111111111111111111111111
5555444433322221111111111111111111111111111112222222222222222222221111111116111111111111111111111111
5555544443332222222221111111111111111111111122222222222333333322221111111111111111111111111111222111
5555554444433322222222222222221111111111111112222222222333333322222111111111111111111111111112222211
5555555444443333332222222222222221111111111111122222222223333222221111111111111111111111111122222221
5555555544444433333333222222222222111111111111111122222222222222221111111111111111111111111122222222
5555555554444444433333333222222222111111111111111111222222222222111111111111111111111111111112222222
5555555555444444444333333322222221111111111111111111111122222211111111111111111111111111111111222222
5555555555544444444443333332222221111111111111111111111111111111111111111111111111111611111111112221

5555555555555555555555555555555555444444444444444444444445555555555555555555555555555555555555555555
5555555555555555555555555555444444444444333333333344444444444455555555555555555555555555555554444444
5555555555555555555444444444444444333332221111122223333344444444455555555555555555555555544444444433
5555555555555554444444444444444333322111111111111111223333444444444555555555555555555544444444333211
5555555555555444444433333333333332211111111111111111122333444444444455555555555555554444444433311111
5555555555544444333322222333333333222111111111111112233334444444444555555555555555554444444433111111
5555555554444433322111122233333333333333322223333333334444444444455555555555555555555444444433111111
5555555544444333322111223333344444444444444444444444444444444555555555555555555555555554444443211111
5555555444444333332233333444444444444444444444444444444555555555555555555555555555555555544444321111
5555555444444443333334444444444444555555555555555555555555555555555555555555555555555555555444433111

1111112344432211111111111111111111111111111111111111111111111111111111111111111111111111111111111111
1111444444444444321111111111111111111111111111111111111111111111111111111111111111111111111111111111
1134444444444444444321111111111111111111111111111111111111111111111111111111111234444444444311111144
1344445555444444444443211111111111111111111111111111111111111111111111111112444444444444444444444445
1444555555554444444444432111111111111111111111111111111111111111111111112344444444445555544444444445
3444555555554444444444443211111111111111111111111111111111111111111111123444444444455555555444444455
4444555555554444444444443211111111111111111222111111111111111111111111113444444444445555554444444555
4444455555444444444444432211111111111111111111111111111111111111111111111234444444444444444444444555
3444444444444444444443321111111111111111111111111111111111111111111111111111234444444444444444444555
1444444444444444444322111111111111111111111111111111111111111111111111111111111112344444444444444455

1111111111111111111222111111111111111111111111111111111111112222222333344444445555555555555555555555
1111111111111111122222221111111111111111111111111111111111111111111111222223444455555555555555555555
1111111111111112222222222221111111111111111111111111111111111111111111111122244445555555555555555555
1111111111111222222222222222211111111111111111111111111111111111111111111112234445555555555555555555
1111111111112222222222222222222211111111111111111111111111111111111111111112234445555555555555555555
1111111111122222222333322222222222221111111111111111111111111111111111111222344445555555555555555555
1111111111222233333333333333332222222222111111111111111111111111111111222234444455555555555555555555
1111111112223344444444444444443333322222222221111111111111111111122222334444445555555555555555555555
1111111122334444444444444444444444444333332222222222222222222222333444444444555555555555555555555555
1111112223444444444444444444444444444444444443333333333333334444444444445555555555555555555555555555

1111111111111111111111111111111111134444431111111111111111111111111111111111111111112344444444445555
1111111111111111111111111111111114455555544411111111111111111111111111111112334444444455555555555555
1111111111111111111111111111111445555555554442111111122344444444444444444444445555555555555555555555
1111111111111111111111111111114455555555555444211112344444444445555555555555555555555555555555555555
1111111111111111111111111111445555555555555444322223444444555555555555555555555555555555555555555555
1111111111111113444444444444455555555555555444211123444444555555555555555555555555555555555555555555
1111111144555555555555555555555555555555554442111111244444455555555555555555555555555555555555555555
1111455555555555555555555555555555555555444311111111112444445555555555555555555555555555555555555555
2555555555555555555555555555555555555544431111111111111124444445555555555555555555555555555555555555
5555555555555555555555555555555555544442111111111111111111124444445555555555555555555555555555555555

5555555555555555555555555555555555555555555555555555555555555444444444443444444444444444444321111111
5555555555555555555555555555555555555555555555555555555555544444444433333334444444444444444331111111
5555555555555555555555555555555555555555555555555555555555444444443332222333444444444444444331111111
5555555555555555555555555555554444455555555555555555555544444444433111111133344444444444443321111111
5555555555555555555555555554444444444445555555555555554444444443311111111112334444444443333111111111
5555555555555555555555554444444444444444444455555554444444444432111111111111233333333333211111111111
5555555555555555555544444444444444444444444444444444444444443311111111111111111222221111111111111111
5555555555554444444444444444444444444444444444444444444444431111111111111111111111111111111111111111
5555544444444433333333322111111123333444444444444444444433111111111111111111111111111111111111111111
5444431111111111111111111111111111111123333444444444433211111111111111111111111111111111111111111111

1111111111111111111111111111111111111111111111111111111111111111111111111111111244444555555555555555
1111111111111111111111111111111111112233444444444443211111111111111111111111111344444555555555555555
1111111111111134444444444444444444444444444444444444443211111111111111111111112444444555555555555555
1111111111134444444444444444444444444444444444444444444431111111111111111111123444444455555555555555
1111111111444444444555555555555555555555555544444444444432111111111111111111123444444455555555555555
1111111114444455555555555555555555555555555555444444444433111111111111111111123444444445555555555555
1111111134444555555555555555555555555555555555544444444432111111111111111111123444444444555555555555
1111111144444555555555555555555555555555555555444444444321111111111111111111112344444444555555555555
1111111144445555555555555555555555555555555554444444442111111111111111111111111234444444455555555555
1111111134444555555555555555555555555555555544444444311111111111111111111111111112344444445555555555

4455555555555555555555555555554444444322222211111111111111111111111111111111111111111111111111111111
4444444555555555555555555555555544444444444444444444444443322211111111111111111111111111111111111111
1222444444555555555555555555555555444444444444444444444444444444432211111161111111111111111111111111
1111122444445555555555555555555555554444444444455555555555555544444443221111111111111111111111111111
1111111224444445555555555555555555555555555555555555555555555555555444444221111111161111111111111111
1111111112244444455555555555555555555555555555555555555555555555555554444443221111111111111111111111
1111111111122444444555555555555555555555555555555555555555555555555555544444432211111111111111112234
1111111111111224444444555555555555544444444555555555555555555555555555544444442221111111111112234444
1111111111111112244444444455555444444444444444555555555555555555555555544444442222111111112223444445
1111111111111111122344444444444444444444444444444455555555555555555554444444422221111111122234444455

5555555555555555444444443211111111111111111111111111111111111111111111111111111111111111111111111111
5555555555555555554444444322111111111111111111111111111111111111111111111111111111111111111111111111
5555555555555555555544444432211111111111111111111111111111111111111111111111111111111111111111111111
5555555555555555555554444444322111111111111111111111111111111111111111111111111111111111111111111111
5555555555555555555555444444432221111111111111111111111111111111111111111111111111111111111111111111
5555555555555555555555544444443322221111111111111111111111111111111111111111111111111111111111111111
5555555555555555555555554444444433322222221111111111111111111111111111111111111111111111111111111111
5555555555555555555555555444444444443333322221111111116111111111111111111111111111111111111111111111
5555555555555555555555555544444444444444444332221111111111111111111111111111111111111111111111111111
5555555555555555555555555554444444444444444444433211111111111111111111111111111111111111111111111111

1111111111111111111111111111111111111111122234444445555555555555555555555555444443322222222234445555
1111111111111111111111111111111111222233344444455555555555555555555555555555555554444444444455555555
1111111111111111111111111112223334444444444445555555555555555555555555555555555555555555555555555555
1111111111111111111112223344444444444444555555555555555555555555555555555555555555555555555555555555
1111111122222222223334444444445555555555555555555555555555555555555555555555555555555555555555555555
2223333333333444444444444455555555555555555555555555555555555555555555555555555555555555555555555555
4444444444444444444444455555555555555555555555554444444444444445555555555555555555555555555555555555
4444444444444444444445555555555555555555554444444444444333333444444555555555555555555555555555555555
4444444444444444444445555555555555555554444444433322222111111222334444445555555555555555555555555555
4444444444444444444444444555555555444444443322211111111111111111111223334444444444444455555555555555

1111111111111111111111111111111111111111111111111111111111111111111111111111111111111144455555555555
1111111111111111111111111111111111111111111111111111111111111111111111111111111111114445555555555555
1111111111111111111111111111111111111111111111111111111111111111111111111111111114444555555555555555
1111111111111111111111111111111111111111111111111111111111611111111111111111113444455555555555555555
1111111111111111111111111111111111111111111111111111111111111111123333333444444445555555555555555555
1111113444321111111111111611111111111111111111116111111111244444444444444444444555555555555555555555
4444444444444444443111111111111111111111111111111111111444444444444444444444455555555555555555555555
5555555555555554444444421111111111111111111111111111244444444444445555555555555555555555555555555555
5555555555555555554444444441111111111111111111111124444444444455555555555555555555555555555555555555
5555555555555555555544444444411111111111111111111244444444444555555555555555555555555555555555555555

1111111111111111111111111111111111111111111111111111111111111111111111111111111111111244311111111111
1111111111111111111111111111111111111111111111111111111111111111111111111111111111444555554411111111
1111111111111111111111111111111111111111111111111111111111111111111111111111111244555555555554111111
1111111111111111111111111111111111111111111111111111111111111111111111111111124455555555555555411111
1111111111111111111111111111111111111111111111111111111222211111111111111124445555555555555555552111
4444444421111111111111111111111111111111111111111344444444444444444444444444555555555555555555555411
4444444444442111111111111111111111111111111111244444445555555554444444445555555555555555555555555541
5555555555544442111111111111111111111111111124444555555555555555555555555555555555555555555555555554
5555555555555544442111111111111111111111112444455555555555555555555555555555555555555555555555555555
5555555555555555544443111111111111111111244445555555555555555555555555555555555555555555555555555555

1111111111111111111111111111111111111111111111111111111111111111111111111111111111111111111111111111
1111111111111111111111111111111111111111111111111111111111111111111111111111111111111111111111111111
1111111112334444443321111111111111111111111111111111111111111111111111111111111111111111111111111111
1111111234444444444443311111111111111111111111111111111111111111111111111111111111111111111111111111
1111111334444444444444432111111111111111111111111111111111111111111111111111111111111111111111111111
1111111234444444444444433111111111111111111111111111111111111111111111111111111111111111111111111111
1111111123444444444444331111111111111111111111111111111111111111111111111111111111111111111111111111
1111111111133444444333111111111111111111111111111111111111111111111111111111111111111111111111111111
1111111111111111111111111111111111111111111111111111111111111111111111111111111111111111111111111111
1111111111111111111111111111111111111111111111111111111111111111111111111111111111111111111111111111

4211111111111111111111111111111111111111111111111111111111111111111111111111112344444555555555555555
4421111111111111111111111111224444455555555554441111111111111111111111111111111122444445555555555555
4432211111111122222223444444445555555555555555555442111111111111111111111111111111112344445555555555
4442222222234444444444444555555555555555555555555555441111111111111111111111111111111112444455555555
4442222223444444444444555555555555555555555555555555554421111111111111111111111111111111113444455555
4422222223444444444445555555555555555555555555555555555544211111111111111111111111111111111124444555
2211111122344444444455555555555555555555555555555555555554421111111111111111111111111111111111244455
1111111111122444444445555555555555555555555555555555555554431111111111111111111111111111111111113444
1111111111111224444444555555555555555555555555555555555554421111111111111111111111111111111111111244
1111111111111111124444445555555555555555555555555555555544211111111111111111111111111111111111111112

4111111111111111111111111111111111111111111111111111111111111111111111111111111111111111111111111111
4411111111111111124444441111111111111111111111111111111111111111111111111223334444444444444321111111
5442111111111144555555555554111111111111111111111111111111111111234444444445555555555555555555444421
5544311111124555555555555555555211111111111111111111111111114444555555555555555555555555555555555554
5554443223445555555555555555555555311111111111111111111244445555555555555555555555555555555555555555
5554444444455555555555555555555555555411111111111244445555555555555555555555555555555555555555555555
5554444444555555555555555555555555555555554444455555555555555555555555555555555555555555555555555555
5554444445555555555555555555555555555555555555555555555555555555555555555555555555555555555555555555
5544444445555555555555555555555555555555555555555555555555555555555555555555555555555555555555555555
4444444445555555555555555555555555555555555555555555555555555555555555555555555555555555555555555555

5555555555555555555555555555555555555555555555555555555444444444444444455555555555555555555555555555
4555555555555555555555555555555555555555555555555554444432111113444444444444444444444455555555555555
4445555555555555555555555555555555555555555555444444211111111111112344444444444444444444555555555555
4444444455555555555555555555555555555555544444431111111111111111111112333333332222223444445555555555
4444444444444445555555555555555555555444443111111111111111111111111111111111111111111112444555555555
2344444444444444444445555555555444444431111111111111111111111111111111111111111111111111124455555555
1111223333344444444444444444444444421111111111111111111111111111111111111111111111111111111444555555
1111111111111112333444444444443211111111111111111111111111111111111111111111111111111111111144555555
1111111111111111111111111111111111111111111111111111111111111111111111111111111111111111111114455555
1111111111111111111111111111111111111111111111111111111111111111111111111111111111111111111111445555

5555555555555555555555555555555555555555555555555555555544444444444444444444444444211111111111111111
5555544444444444444444444445555555555555555444444444444444444433223344444444444444421111111111111111
4443222222111111111222224444444444444444444444444444443322222222222222244444444444432111111111111111
1111111111111111111111112223444444444444444444432222222222211111111222224444444444444211111111111111
1111111111111111111111111122222344444444444443222222222111111111111112223444444445444432111111111111
1111111111111111111111111112222234444444444432222222211111111111111112224444445555555444211611111111
1111111111111111111111111111222234444444444443222222211111111111111122234444455555555555442111111111
1111111111111111111111111112223444444444444444322222221111111111111222344445555555555555554411111111
1111111111111111111111111112244444444444444444444322222221111111122224444455555555555555555542111111
1111111111111111111111111122444444455555554444444444322222222222222444445555555555555555555555421111

5555555555555555555555555555555555555555555555555555555555554444432211111111111222233444444444444321
5555555555555555555555555555555555555555555555555555555555444432111111111111111111112234444444422111
5555555555555555555555555555555555555555555555555555555544443211111111111111111111111222344443221111
5555555555555555555555555555555555555555555555555555544444321111111111111111111111111122233332211111
5555555555555555555555555555555555555555555555555544444442111111111111111111111111111122222222111111
5555555555544321111111234444444555555555555554444444443211111111111111111111111111111222222222111111
5555554411111111111111111111111244444444444444444443221111111111111111111111111111112222333221111111
5555411111111111111111111111111111111122222222222211111111111111111111111111111122222333443322111111
5511111111111111111111111111111111111111111111111111111111111111111111111111122233444444444322111111
1111111111111111111111111111111111111116111111111111111111111111111111111122334444444444444432211111

1111111111111111111111111111111111124445555555555555555555555555555555442111111111111111111111111111
1111111111111111111111111111111112344455555555555555555555555555555555555444211111111111111111111111
1111111111111111111111111111111123444455555555555555555555555555555555555555544311111111111111111111
1111111111111111111111111111111123444455555555555555555555555555555555555555555544431111111111111111
1111111111111111111111111111111112344455555555555555555555555555555555555555555555544442111111111111
1111111111111111111111111111111111234445555555555555555555555555555555555555555555555544431111111111
2222211111111111111111111111111111112444555555555555555555555555555555555555555555555555444411111111
2221111111111111111111111111111111111134445555555555555555555555555555555555555555555555544443111111
1111111111111111111111111111111111111111344455555555555555555555555555555555555555555555554444311111
1111111111111111111111111111111111111111112444555555555555555555555555555555555555555555554444311111

1111111111111111111111111111111111112334444444444444444444444444444444444444444444444555555555555555
1111111111111111111111111111111111123344444444444444444444444444444444444444444444444444444444444444
1111111111111111111111111111111112233444444444444444444444444444333222222333444444444444444444444444
4431111111111111111111111111111122233444444444444444444444444332222111111122223344444444444444444444
5544421111111111111111111111111222233444444444444444444444433221111111111111111222334444444444433322
5555444211111111111111111111112222233334444444444444444333221111111111111111111111122222332222211111
5555554442111111111111111111222222222223333333443333322221111111111111111111111111111111111111111111
5555555444321111111111122222222221112222222222222221111111111111111111111111111111111111111111111111
5555555554444322222222222222211111111111111111111111111111111111111111111111111111111111111111111111
5555555555444444333333222222111111111111111111111111111111111111111111111111111111111111111111111111

5555555555555555555555555555555555555555555555555555555555555555555555555555555555555555555544444444
5555555555555555555555555555555555555555555555555555555555555555555555555555555555555544444444444444
5555555555555555555555555554444444444455555555555555555555555555555555555555555554444444444444433332
5555555555555555555544431111111111111111344455555555555555555555555555555555554444211111111111111111
5555555555544442111111111111111111111111111124455555555555555555555555555555544211111111111111111111
5544411111111111111111111111111111111111111111114445555555555555555555555554441111111111111111111111
1111111111111111111111111111111111111111111111111114445555555555555555555544111111111111111111111111
1111111111111111111111111111111111111111111111111111124444555555555555554441111111111111111111111111
1111111111111111111111111111111111111111111111111111111134444445555544444311111111111111111111111111
1111111111111111111111111111111111111111111111111111111111134444444444441111111111111111111111111111

1111111111111161111111111111123334444443321111112344444444444444444444444444444444321111111111111111
1111111111116111111111111111123333443332111111111112344444444444444444444444444443211111111111111111
1111111111111111111111111111123333333211111111111111113344444444444444444444444332111111111111111111
1111111111611111111111111111112222221111111111111111111113344444444444444444433221111111111111111111
1111111111111111111111111111111111111111111111111111111111112334444444444433322111111111111111111111
1111111111111111111111111111111111111111111111111111111111111111223333333322111111111111111111111111
1111111111611111111111111111111111111111111111111111111111111111111111111111111111111112111111111111
1111111111161111111111111111111111111111111111111111111111111111111111111111111111122333333111111111
1111111111111111111111111111111111111111111111666611111111111111111111111111111111233344443311111111
1111111111111116111111111111111111111111111111111111161111111111111111111111111112233444444321111111

5555444444444444444444444332111111111111111111111111111111111111111111111111111111111111111111111111
5544443222222333444444443322211111222333221111111111111111111111111111111111111111111111111111111111
5444321111111123344444433322211122334444444432111111111111111111111111111111111111111111111111111111
4442111111111112334444433322222223344444444444443211111111111111111111111111111111111111111111111111
4421111111111112333444433332222233444445555555554444321111111111111111111111111111111111111111111111
4321111111111112334444443333333334444455555555555555444431111111111111111111111111111111111111111111
4211111111111122344444444433333344444555555555555555555544431111111111111111111111111111111111111111
4321111111111233444444444444444444445555555555555555555555544432111111111111111112344444211111111111
4322111111122344444444444444444444455555555555555555555555555544432111111111112344445554442111111111
4433222222334444444444444444444444555555555555555555555555555555544444332233444445555555554411111111

5555543321111111112233344444444444333322222222222233333333444444444444444443333334444444444444444433
5555432111111111111122333344444333332222111111122222333333334444444444433333333333333344444444443333
5544211111111111111111223333333333322211111111111222223333333334444333333333333222333333333333333322
5442111111111111111111112233333332221111111111111112222333333333333333333332222222222223333333322211
5421111111111111111111111222222222211111111111111111222233333333333333333222211111111112222222211111
4211111111111111111111111112222221111111111111111111122233333333333333322221111111111111111111111111
3111111111111111111111111111111111111111111111111111122223333333333333222211111111111111111111111111
2111111111111111111111111111111111111111111111111111112222333333333332222111111111111111111111111111
1111111111111111111111111111111111111111111111111111112222233333333322221111111111111111111111111111
1111111111111111111111111111111111111111111111111111111222223333333222211111111111111111111111111111

5555555555555555555555555555555555554444444444444444444445555555555555555555555555555554444444444444
5555555555555555555555444444444444444443211111111111112444444444455555555555555554444444444432222234
5555555555555555544444444444322111111111111111111111111111112444444444444444444444444444421111111112
5555555555555554444444442211111111111111161111111111111111111111224444444444444444444321111111111111
5555555555555544444444321111111111111116111111111111111116111111111112233444444443322111111111111111
5555555555555544444444321111111111111111111111111111111111111111111111112222333322221111111111111113
5555555555555544444444444322111111111111611111111111111111111111111111122233333333322211111111111244
5555555555555555544444444444444321111111111111111111111111111111111112334444444444444443222222234444
5555555555555555555555544444444444444211111111111111161111111111123444444444444444444444444444444445
5555555555555555555555555555555554444444431111111111111111112344444444444444444444444444444444455555

5555555555555511111111111111111111111111111111111111111111111111111111611111111111111111111111111111
5555555555555211111111111111111111111111124444322111111111116116111111111111111111111611111111111111
5555555555554111111111111111111111111112444444444432211111111111111111111111111111111111111111111116
5555555555551111111111111111111111111124455555554444442211111111111111111111111111111111111111111111
5555555555511111111111111111111111111144555555555554444443222111111122222222222111111111111111111111
5555555555511111111111111111111111111145555555555555544444444332222333444444433222111111111111111111
5555555555111111111111111111111111111145555555555555555544444444444444444444444443222111111111111111
5555555554111111111111111111111111111144555555555555555555444444444444444444444444443222111111111111
5555555551111111111111111111111111111124555555555555555555555544444444444444444444444432222111111111
5555555511111111111111111111111111111114555555555555555555555555555555555555554444444444432222211111

5555555555555555555555555555555555555555555555555555555555555555555555555555555544444444444444444444
5555555555555555555555555555555555555555555555555555555555555555555555555555555555555555555555555555
4555555555555555555555555555555555555555555555555555555555555555555555555555555555555555555555555555
1114555555555555555555555555555555555555555555555555555555555555555555555555555555555555555555555555
1111113555555555555555555555555555555555555555555555555555555555555555555555555555555555555555555555
1111111112455555555555555555555555555555555555555555555555555555555555555555555555555555555555555555
1111111111111345555555555555555555555555555555555555555555555555555555555555555555555555555555555555
1111111111111111113444555555555555555555555555555555555555555555555555555555555555555555555555555555
1111111111111111111111112344444444444444444555555555555555555555555555555555555555555555555555555555
1111111111111111111111111111111122334444444444455555555555555555555555555555555555555555555555555555

5555555555555544444444444444433333321111123333344444444444333333444444444444444444444444444555555555
5555555554444444444444333333321111111111111113333444444333333333333333334444444444444444444444555555
5554444444444443333333333211111111111111111111333344444433332111111112233333333333333332111334445555
4444444444333333221111111111111111111111111112333444444444333321111111111122333333321111111111344455
4444443333332111111111111111111111111111111233344444444444444333332211111122222222111111111111123445
3333333221111111111111123333333211111112333344444444444444444444433333333333333333211111111111113444
3322111111111111111123333333333333333334444444444555555555544444444444444444433333333111111111111344
1111111111111111233333444444444444444444444455555555555555555555444444444444444444443331111111111344
1111111111223333334444444444444444445555555555555555555555555555555555555444444444444443321111113444
1111123333333344444444445555555555555555555555555555555555555555555555555555555555554444444333334444

5555555555555555555555555555555555555544444411111111111111111111114555555555555555555555555555555555
5555555555555555555555555555555555555544444442111111111111111111111455555555555555555555555555555555
5555555555555555555555555555555555555554444444111111111111111111111145555555555555555555555555555555
5555555555555555555555555555555555555544444444411111111111111111111145555555555555555555555555555555
5555555555555555555555555555555555544444444444411111111111111111111114555555555555555555555555555555
5555555554444444444444555554444444444444444444311111111111111111111112455555555555555555555555555555
5555554444444444444444444444444444444444444442111111111111111111111111445555555555555555555555555555
5555444421111111124444444444444444444443321111111111111111111111111111144555555555544444444555555555
5544411111111111111111111111111111111111111111111111111111111111111111111444444311111111111111111111
4431111111111111111111111111111111111111111111111111111111111111111111111111161111111111111111111111

4333333222222222222233333333333333333333333333333332221111111111223333444444455555555555555555555555
4333332222222222222333333333333333333333333333333322221111111111112233334444444455555555555555555555
4333332222222222233333333333333333333333333333333332211111111111111222333344444444445555555555555555
4333333222222222333333333333333333333333333333333332221111111111111112233333444444444445555555555555
4333333222222233333333333333333333333333333333333332221111111111111111222333333333444444455555555555
4333333322223333333333333333333333333333333333333333221111111111111111122223333333333334444555555555
4333333333333333333333333333333333333333333333333333222111111111111111122222222222222223344445555555
4333333333333333333333333333333333333333333333333333322211111111111111112222211111111111233444555555
4333333333333333333333333333333333333333333333333333332221111111111111112221111111111111112344455555
4433333333333333333334444444443333333333333344443333333222211111111111122221111111111111111234445555

5555555555555555555555555555555555555555555555555555555555555555555555555444444444455555555555555555
5555555555555555555555555555555555555555555555555555555555555555555554444444444444444444455555555555
5555555555555555555555555555555555555555555555555555555555555555555444444434444444444444444455555555
5555555555555555555555555555555555555555555555555555555555555555554443322222233334444444444444555555
5555555555555555555555555555555555555555555555555555555555555555544432111111112223344444444444455555
5555555555555555555555555555555555555555555555555555555555555555444321111111111122333444444444445555
5555555555555555555555555555555555555555555555555555555555555554443211111111111112233344444444445555
5555555555555555555555555555555555555555555555555555555555555444443211111111111111223344444444445555
5555555555555555555555555555555555555555555555555555555555544444432111111111111111223334444444445555
5555555555444444444444444445555555555555555555555555555444444443322111111111111112223334444444445555

5555555555555554432111111111111111111245555555555555555555555555555555555555555555555555555555555555
5555555555555444311111111111111111111114555555555555555555555555555555555555555555555555555555555555
5555555555554443111111111111111111111111455555555555555555555555555555555555555555555555555555555555
5555555555554431111111111111111111111111145555555555555555555555555555555555555555555555555555555555
5555555555544311111111111111111111111111134555555555555555555555555555555555555555555555555555555555
5555555555444311111111111111111111111111114555555555555555555555555555555555555555555555555555555555
5555555555444211111111111111111111111111113455555555555555555555555555555555555555555555555555555555
5555555555443211111111111111111111111111112455555555555555555555555555555555555555555555555555555555
5555555555444211111111111111111111111111111445555555555555555555555555555555555555555555555555555555
5555555555444311111111111111111111111111111345555555555555555555555555555555555555555555555555555555

1111111111112222333333444444444444444444443332222233334444444444444444444444444555555555555555555555
1111111111122222233333334444444444444444333222111222233344444444444444433334444444455555555555555555
1111111111222222222333333344444444444433332211111112223333344444433333332222333444444555555555555555
1111111111222222222223333333444444444333322111111111222333333333333322222112222333444444555555555555
1111111112222222222222233333333333333333222111111111122233333333332222111111111223334444445555555555
1111111111222222222222222333333333333332221111111111122233333333322221111111111122233344444445555555
1111111111111111111122222223333333333332221111111111122233333333322221111111111112222333344444455555
1111111111111111111111122222233333333322221111111111222333333333332222111111111111222223333444444555
1611111111111111111111111222222333333322222111111122223333333333333222211111111111122222233334444455
1111111111111111111111111122222233333322222221112222233333444443333332222111111111222222222333344444

5444444442211111111111111111111111111111112444445555555555555555555555555555555555555555555411111111
5544444444433222222111111111111111111111124444445555555555555555555555555555555555555555555541111111
5444444444444444444444332221111111111111244444444555555555555555555555555555555555555555555543111111
5444444444444444444444444443221111111112344444444555555555555555555555555555555555555555555554111111
4444444444444444444444444444432211111112234444444445555555555555555555555555555555555555555554411111
4444444444444444444444444444432211111111122344444444455555555555555555555555555555555555555555421111
4444444444444444444444444444432111111111111122344444444455555555555555555555555555555555555555441111
4444444444444444444444444443221111111111111111111234444444444555555555555555555555555555555555443111
3333333334444444444444444322111111111111111111111111112344444444445555555555555555555555555555544111
1111111111122233344333221111111111111111111111111111111111112344444444555555555555555555555555544311

5443111111111124445555555555555555555555555555555555555555555555555555555555555555555555555555555555
1111111111111111111444555555555555555555555555555555555555555555555555555555555555555555555555555555
1111111111111111111111444555555555555555555555555555555555555555555555555555555555555555555555555555
1111111111111111111111114445555555555555555555555555555555555555555555555444444444444444445555555555
1111111111111111111111111444455555555555555555555555555555555555554444444442211112344444444445555555
1111111111111111111111111244445555555555555555555555555555555444444431111111111111111111244444445555
1111111111111111111111111344444555555555555555555555555555444444111111111111111111111111111244444455
1111111111111111111111111444445555555555555555555555555444444111111111111111111111111111111112444444
1111111111111111111111114444555555555555555555555555444444411111111111111111111111111111111111124444
1111111111111111111111134445555555555555555555555555444444111111111111111111111111111111111111111344

1111111123344444445555555555555555555555555555555555555555555555544321111111112233333222211111111111
1111111111111234444444444555555555555555554444444444445554444211111111111111111111111111111111111111
1111111111111111223334444444444444444444321111111111111111111111111111111111111111111111111111111111
1111111111111111111112223344444444432211111111111111111111111111111111111111111111111111111111111111
1111111111111111111111111222222222111111111111111111111111111111111111111111111111111111111111111111
1111111111111111111111111111111111111111111111111111111111111111111111111111111111111111122333344444
1111111111111111111111111111111111111111111111111111111111111111111111111111111111111113444444444444
1111111111111611111111112222211111111111111111111111111111111111111111111111111111111144455555555555
1111111111111111111122333333322111111111111111111111111111111111111111111111111111111445555555555555
1111111111111111123344444444444321111111111111111111111111111111111111111111111111114555555555555555

5555531111111111111111111111111111111111111111111111111111111111111111111111111111111111111111111111
5555555411111111111111111111111111111111111111111111111111111111111111111111111111111111111111111111
5555555554111111111111111111111111111111111111111111111111111111111111111111111111111111111111111111
5555555555551111111111111111111111111111111111111111111111111111111111111111111111111111111111111111
5555555555555551111111111111111111111111111111111116111111111111111111111111111111111111111111111111
5555555555555555555544111111444444444444444444444444444111111111111111111111111111111113444444431111
5555555555555555555555555555555555555555555555555555555444111111111111111111111111124444444444444444
5555555555555555555555555555555555555555555555555555555554444111111111111111111114444444555555554444
5555555555555555555555555555555555555555555555555555555555544444432211111111113444444555555555555555
5555555555555555555555555555555555555555555555555555555555555444444444444444444444445555555555555555

1111111111111111111111111111111111111111611111111111111223444444444444444444444444433322222233444445
1111111233444444444443332221111111111111111111111222344444444444444444444444444444433222211222334444
2344444444444444444444444444444443333222222233344444444444444455555555444444444444432211111111122344
4455555555555555555555555444444444444444444444444444444444455555555555554444444444322111111111111124
5555555555555555555555555555555444444444444444444444444445555555555555544444444432211111111111111111
5555555555555555555555555555555555444444444444444444444445555555555555444444444321111111111111111111
5555555555555555555555555555555555554444444444444444444444445555555544444444432211111116111111111161
5555555555555555555555555555555555554444444444444444444444444444444444444443221111111111111111111111
5555555555555555555555555555555555444444444444444444444444444444444444443321111111111111111111111111
5555555555555555555555555555555544444444444444433333333444444444444433221111111611111111111111111111

5555555555444444444444444444444444444444444444444444444333211111111111111112344444443211112344445555
5555555444444444444444444444444444444444444444444444444433332211111111123344444444444321111344445555
5555444444444444433333333333344444444333333333444444444444333322222222334444444444444421111234444555
5444444444444433221111111222223333333333223333333444444444433333333333344444444444444311111113444455
4444444444433221111111111111122222222222222223333344444444333333333333334444444444443111111111344455
4444444333221111111111111111111222222222222222333333444333333322222222223334444443211111111111114445
4443322211111111111111111111122222222222222222333333333333222211111111111111121111111111111111111244
1111111111111111111111111222222233333222222222333333333222111111111111111111111111111111111111111113
1111111111111111222222223333333333333333333333333332221111111111111111111111111111111111111111111111
1111111111111122333333344444444444444443333333332222111111111111111111111111111111111111111111111111

5555555555555555555555554444444444311111111111111111111111111111111111111111111111111111111111111111
5555555555555555555544444444444443111111111111111111111111111111111111111111111111111111111111111111
5555555555555555554444444444444433111111111111111111111111111111111111111111111111111111111111111111
5555555555555555444444444444444443321111111112333344444333332222221122222333333333332111111111111111
5555555555555554443111112344444444443333344444444444444444444444444444444444444444444321111111111111
5555555555555544421111111344444444444444444444444444444444444444444444444444444444444443211111111161
5555555555555444211111112344444444444444444444444444554444444444444444444444444444444444443211111111
5555555555555444111111123444444444444444445555555555555555555555555444444444444444444444444444443322
5555555555554444111111244444444444555555555555555555555555555555555555555544444444444444444444444444
5555555555554444321134444444445555555555555555555555555555555555555555555555555544444444444444444444

1111111111111445555555555555555555555555555555555555555555555555555555555555555555555555555555555555
1111111111111112455555555555555555555555555555555555555555555555555555555555555555555555555555555555
1111111111111111114455555555555555555555555555555555555555555555555555555555555555555555555555555555
1111111111111111111145555555555555555555555555555555555555555555555555555555555555555555555555555555
1111111111111111111614455555555555555555555555555555555555555555555555555555555555555555555555555555
1111111111111111111111145555555555555555555555555555555555555555555555555555555555555555555555555555
1111111111111111111111114455555555555555555555555555555555555555555555555555555555555555555555555555
1111111111111111111111111445555555555555555555555555555555555555555555555555555555555555555555555555
1111111111111111111111111144555555555555555555555555555555555411111111111455555555555555555555555555
1111111111111111111111111112445555555555555555555555555421111111111111111111455555555555555555555555

5555554444444444444444444444444444444444444445555555555555555555555555555555555555555555555555444444
5555554444444444444444444433333333333333444444445555555555555555555555555555555555555555555554444444
5555544444444444443333333333333333333333333344444445555555555555555555555555555555555555555544444444
5555544444444443333333333222211111111111122333344444555555555555555555555555555555555555555444444444
5554444444443333332111111111111111111111111112333444445555555555555555555555555555555555555444444444
5544444444333331111111111111111111111111111111123334444455555555555555555555555555555555554444444444
5444444433331111111111111111111111111111111111111333444444555555555555555555555555555555544444444444
4444443332111111111111111111111111111111111111111133344444444455555555555555555555555555444444444444
4444333111111111111111111111111111111111111111111113333444444444444455555555555555555544444444444444
4433311111111111111111111111111111111111111111111111233333333444444444444444444444444444444444444444

1111111111111111111111111111111111111111111111111111111111111222233444444444444432111111111111111114
1111111111111111111111111111111111111111111111111111111111111111111112222333322211111111111111111112
1111111111111111111111111111111111111111111111111111111111111111111111111111111111111111111111111111
1111111111111111111111111111111111111111112222222211111111111111111111111111111111111111111111111111
1111111111111111111111111111111111111112233444433221111111111111111111111111111111111111111111111111
1111111111111111111111111111111111122344444444444432211111111111111111111111111111111111111111111111
1111111111111111111111111111111123444444444444444444321111111111111111111111112222222111111111111112
1111111111111111211111111222234444444455555555554444443211111111111111111222334444444444443322222244
1111111111123344444444444444444445555555555555555554444443221111111122233444444444444444444444444444
1111111113444444444444444444555555555555555555555555554444444433334444444444445555555555555555555555

5555555555555555555555555555555554444444445555555555555555555555555555555555555555555555555555555555
5555555555555555555555555554444444444444444444444444444444444444431111111111244444555555555555555555
5555555555555555555555544444444444444434444444444444432211111111111111111111111111111112444444455555
5555555555555555555444444444444421111111111111111111111111111111111111111111111111111111111111111111
5555555555555555544444444444431111111111111111111111111111111111111111111111111111111111111111111111
5555555555555555444444444443111111111111111111111111111111111111111111111111111111111111111111111111
5555555555555554444444444431111111111111111111111111111111111111111111111111111111111111111111111111
5555555555555544444444444321111111111111111111111111111111111111111111111111111111111111111111111111
5555555555555544444444444421111111111111111111111111111111111111111111111111111111111111111111111111
5555555555555544444444444443221111111111111111111111111111111111111111111111111111111111111111111111

1111111111111111111111111111111111111111111111111111111111111111111111111111111111111111111111111111
1161111111111111111111111111111111111111111111111111111111161111111111111111111111111111111111111111
1111111111111111111111111111111111111111111111111111111111111111111111233332111111111111111111111111
1111111111111111111111111111111111111111111111111111111111111111112444444444444311111111111111111111
1111111111111116111111111111112222222111111111111111111111111113444444444444444444311111111111111111
1111111111111111111111111234444444444444443311111111111111111344444444444444444444444311111111111111
1111111111111111111111134444444444444444444444431111111111244444444444445555554444444444431111111111
1111111111111111111124444444444444444444444444444432112344444444444455555555555555544444444444433344
1111111111111111112444444444444555555555444444444444444444444444455555555555555555555554444444444444
1111111111111111144444445555555555555555555555444444444444444455555555555555555555555555555555444455

1111111111111111111111114445555555555555444411111111111111111111111111111111111111111111111111111111
1111111111111111111111114444555555555554444411111111111111111111111111111111111111111111111111111111
1111111111111111111111113444455555555554444411111111111111111111111111111111111111111111111111111111
1111111111111111111111114444445555555544444431111111111111111111111111111111111111111111111111111111
1111111111111111111111134444445555555554444444111111111111111111111111111111111111111111111111111111
1111111111111111111112444444555555555555544444431111111111111111111111111111111111111111111111111111
1111111111111111111344444455555555555555555544444411111111111111111111111111111111111111111111111111
1111111111111234444444455555555555555555555555554444311111111111111111111111111111111111244444444442
4444444444444444555555555555555555555555555555555554444311111111111111111111111111114445555555555555
5555555555555555555555555555555555555555555555555555555444441111116111111611111444555555555555555555

4555555555555555555555555555555555555555555555444444444444444444444444444444444443322211111111111112
4444555555555555555555555555555555555555555444444444444444444444444444444444444433322111111111111111
4444444555555555555555555555555555555555544444444433333333333344444444444444444433221111111111111111
3344444444445555555555555555555555555544444444333332222222333333444444444444443332221111111111111111
1223344444444444444444444445544554444444444433322222222222222333333444444444433322111111111111111111
1112233344444444444444444444444444444444443332222111111111222223333333444433333221111111111111111111
1111122233334444444444444444444444444444433222211111111111112222223333333333322211111111111111111111
1111111222233333334444444444444444444443332221111111111111111112222222332222221111111111111111111111
1111111111222223333333333444444444444433322211111111111111111111122222222221111111111111111111111111
1111111111111222222333333333334444433333222111111111111111111111111111111111111111111111111111111111

1111111111111111111111111111111111111111111111111111111111111161111111111111111111111111111111111111
1111111111111111111111111111111111111111161111112333444333221111111611111111111111111111111111111111
1111111111111111111111111111111111161111111233444444444444444332111111111111111111111161111111111111
1111111111111111111111111111116111112233444444444445555444444444322111111111111111111111111111111111
1111111111111111111111111611111123344444444445555555555555444444443321111111111122232221111111111111
1111111111111111111111111111233444444444555555555555555555554444444433222112223333444443321111111111
1111111111111111111111111233444444445555555555555555555555555444444443333223333444444444443211111111
1111111111111111111111233444444444555555555555555555555555555444444444333333334444444444444432111111
1111111111116111111123344444444455555555555555555555555555555444444444333333344444444444444444321111
1111111111111111111123344444444555555555555555555555555555554444444443333333344444444444444444443211

1111111111111111111111111111111111111111111111111111111111111111111111111111111111111111111111111111
1111111111111111111111111111111111111111111111111111111111111111111111111111111111111111111111111111
1111111111111111111111111111111111111111111111111111111111111112222222211111111111111111111111111111
1111111111111111111111111111111111111112444444443211111111112233334433333221111111111111111111111122
1111111111111111111111111111111111111345555555554432111111233344444444444333322211111111111111222233
1111111111111111111111111111111123334455555555555443321122333444444444444443333332222222222222223333
1111111111111111111111111111111334444555555555555544332223333444444444444444433333333333323333333333
1111111111111111111111111111112334445555555555555544332222333444444444444444444333333333333333333334
1111111111111111111111111111111234445555555555555544322222333434444444444444444433333333333333333344
1111111111111111111111111111111123444555555555555443321111223344444444444444434443333333333333333344

5555555555555555555555555554444433222111111111111111111111111111111111111111111111111111111111124455
5554444444445555555555444444433222211111111111111111111111111111111111111111111111111111111234555555
4332221122334444444444443332222211111111111111111111111111111111111111111111111111111112345555555555
1111111111122333333333322222211111111111111111111111111111111111111111111111111111123445555555555555
1111111111111222222222222111111111111111111111111111111111111111111111111111111124455555555555555555
1111111111111122222222111111111111111111111111111111111111111111111111111111124455555555555555555555
1111111111111112222221111111111111111111111111111111111111111111111111111123445555555555555555555555
1111111111111122222222222111111111111111111111111111111111111111111111112344555555555555555555555555
1111111111112222222222222222222222221111111111111111111111111111111111234455555555555555555555555555
1111111112222333333333333333222222222222221111111111111111111111111123445555555555555555555555555555

1111111111111111111111111111111111111111111111111111111111111111111111111111111111111111111122334445
1111111111111111111111111111111111111111111111111111111111111111111111111111111111111111111111223344
1111111111111111111111111111111111111111111111111111111111111111111111111111111111111111111111112233
1111111111111111111111111111111111111111111111111111111111111111111111111111111111111111111111111122
1111111111111111111111111111111111111111111111111111111111111111111111111111111111111111111111111111
1111111111111111111111111111112222222222111111111111111111111111111122111111111111111111111111111111
1111111111111111111111111112223333433333222111111111111111111222222222222211111111111111111111111111
1111111111111111111111112223344444444444333222222211122222222222222222222222111111111111111111111111
3222211111111111111122233344444444444444444333322222222222333333333333332222211111111111111111111111
4444433322222222222333444444455555555554444444443333333333334444444433333322211111111111111111111111